strike,expireYear,expireMonth,expireDay,cp,gamma,delta,openInterest,impliedVol,bid,ask,ticker,option_type,expiry,trade_direction,mm_position,spot,gex,abs_gex,percent_from_spot,mid,volume
641.0,2026,10,16,C,0.0011937162014663205,0.9678766515719119,0,0.421306278713598,101.46,104.69,QQQ,call,2026-10-16,mid,short,740.745,0.0,0.0,-13.465497573388955,103.07499999999999,0.0
641.0,2026,10,16,P,0.0011937162014663205,-0.032123348428088026,0,0.3096973259316014,0.76,0.8,QQQ,put,2026-10-16,mid,short,740.745,-0.0,0.0,-13.465497573388955,0.78,0.0
641.0,2026,10,30,C,0.001566652646418328,0.9447538817966399,0,0.25528052598101336,103.33,106.76,QQQ,call,2026-10-30,mid,short,740.745,0.0,0.0,-13.465497573388955,105.045,0.0
641.0,2026,10,30,P,0.001566652646418328,-0.05524611820336011,150,0.2933595837785217,1.71,1.76,QQQ,put,2026-10-30,mid,short,740.745,-128944.08748770037,128944.08748770037,-13.465497573388955,1.7349999999999999,0.0
641.0,2028,6,16,C,0.001143740909102828,0.7868404744298171,2,0.2690636432637348,182.0,186.5,QQQ,call,2028-06-16,mid,short,740.745,1255.148490711767,1255.148490711767,-13.465497573388955,184.25,0.0
641.0,2028,6,16,P,0.001143740909102828,-0.2131595255701829,145,0.2524017730941586,34.5,39.0,QQQ,put,2028-06-16,mid,short,740.745,-90998.2655766031,90998.2655766031,-13.465497573388955,36.75,0.0
642.0,2026,10,16,C,0.0012248110323231308,0.9670314801310373,0,0.4184937410115027,100.48,103.71,QQQ,call,2026-10-16,mid,short,740.745,0.0,0.0,-13.330498349634489,102.095,0.0
642.0,2026,10,16,P,0.0012248110323231308,-0.032968519868962654,0,0.30839506512222975,0.78,0.82,QQQ,put,2026-10-16,mid,short,740.745,-0.0,0.0,-13.330498349634489,0.8,0.0
642.0,2026,10,30,C,0.0015960492466485041,0.943813181045442,2,0.26500890254038345,102.57,105.79,QQQ,call,2026-10-30,mid,short,740.745,1751.5145144226171,1751.5145144226171,-13.330498349634489,104.18,0.0
642.0,2026,10,30,P,0.0015960492466485041,-0.056186818954558015,50,0.2916422901996076,1.73,1.79,QQQ,put,2026-10-30,mid,short,740.745,-43787.86286056543,43787.86286056543,-13.330498349634489,1.76,0.0
642.0,2028,6,16,C,0.0011509167860655044,0.7860567561233827,4,0.2677424618428288,181.0,185.5,QQQ,call,2028-06-16,mid,short,740.745,2526.046686741501,2526.046686741501,-13.330498349634489,183.25,0.0
642.0,2028,6,16,P,0.0011509167860655044,-0.2139432438766174,7,0.2513495135172321,34.5,39.0,QQQ,put,2028-06-16,mid,short,740.745,-4420.581701797627,4420.581701797627,-13.330498349634489,36.75,0.0
643.0,2026,10,16,C,0.0012502253417381501,0.9664717934148024,0,0.41567405287569487,99.45,102.73,QQQ,call,2026-10-16,mid,short,740.745,0.0,0.0,-13.195499125880028,101.09,0.0
643.0,2026,10,16,P,0.0012502253417381501,-0.03352820658519764,0,0.306354528881383,0.79,0.83,QQQ,put,2026-10-16,mid,short,740.745,-0.0,0.0,-13.195499125880028,0.81,0.0
643.0,2026,10,30,C,0.0016286528716711237,0.9426525183435059,3,0.26060263546554474,101.53,104.83,QQQ,call,2026-10-30,mid,short,740.745,2680.9409073794163,2680.9409073794163,-13.195499125880028,103.18,0.0
643.0,2026,10,30,P,0.0016286528716711237,-0.05734748165649408,75,0.2906383795969193,1.77,1.82,QQQ,put,2026-10-30,mid,short,740.745,-67023.5226844854,67023.5226844854,-13.195499125880028,1.795,0.0
643.0,2028,6,16,C,0.001153096527726349,0.7843845160972114,5,0.26815656173474917,180.5,185.0,QQQ,call,2028-06-16,mid,short,740.745,3163.5385140591006,3163.5385140591006,-13.195499125880028,182.75,0.0
643.0,2028,6,16,P,0.001153096527726349,-0.21561548390278867,5,0.25207000193187895,35.0,39.5,QQQ,put,2028-06-16,mid,short,740.745,-3163.5385140591006,3163.5385140591006,-13.195499125880028,37.25,0.0
644.0,2026,10,16,C,0.0012823650658670678,0.9656112192677754,0,0.4194097719661274,98.3,101.95,QQQ,call,2026-10-16,mid,short,740.745,0.0,0.0,-13.060499902125564,100.125,0.0
644.0,2026,10,16,P,0.0012823650658670678,-0.034388780732224664,0,0.3049900089929105,0.81,0.85,QQQ,put,2026-10-16,mid,short,740.745,-0.0,0.0,-13.060499902125564,0.8300000000000001,0.0
644.0,2026,10,30,C,0.001663047522093981,0.941377653561815,4,0.25468786462426235,100.46,103.87,QQQ,call,2026-10-30,mid,short,740.745,3650.0776893179036,3650.0776893179036,-13.060499902125564,102.16499999999999,0.0
644.0,2026,10,30,P,0.001663047522093981,-0.058622346438184994,51,0.28960101762963697,1.81,1.86,QQQ,put,2026-10-30,mid,short,740.745,-46538.490538803264,46538.490538803264,-13.060499902125564,1.835,0.0
644.0,2028,6,16,C,0.0011603388755234624,0.7835900866785186,2,0.26683564392898457,179.5,184.5,QQQ,call,2028-06-16,mid,short,740.745,1273.3632037957693,1273.3632037957693,-13.060499902125564,182.0,0.0
644.0,2028,6,16,P,0.0011603388755234624,-0.21640991332148135,29,0.2510153377335781,35.0,39.5,QQQ,put,2028-06-16,mid,short,740.745,-18463.766455038654,18463.766455038654,-13.060499902125564,37.25,0.0
645.0,2026,9,22,C,0.00013933133391169777,0.9985091530243854,0,1.8348373913063567,94.59,98.03,QQQ,call,2026-09-22,mid,short,740.745,0.0,0.0,-12.9255006783711,96.31,2.0
645.0,2026,9,22,P,0.00013933133391169777,-0.0014908469756146404,238,0.8673587758016309,0.01,0.02,QQQ,put,2026-09-22,mid,short,740.745,-18195.467117663302,18195.467117663302,-12.9255006783711,0.015,16.0
645.0,2026,9,23,C,0.0001689949739634504,0.9981021291604929,0,1.302285041754247,94.64,98.13,QQQ,call,2026-09-23,mid,short,740.745,0.0,0.0,-12.9255006783711,96.38499999999999,0.0
645.0,2026,9,23,P,0.0001689949739634504,-0.0018978708395071266,236,0.6137626072785627,0.01,0.03,QQQ,put,2026-09-23,mid,short,740.745,-21883.825793718657,21883.825793718657,-12.9255006783711,0.02,0.0
645.0,2026,9,24,C,0.00019574813543402688,0.9977143914544387,0,1.061632395299834,94.72,98.18,QQQ,call,2026-09-24,mid,short,740.745,0.0,0.0,-12.9255006783711,96.45,0.0
645.0,2026,9,24,P,0.00019574813543402688,-0.002285608545561258,420,0.5015003003610429,0.01,0.04,QQQ,put,2026-09-24,mid,short,740.745,-45111.20019122285,45111.20019122285,-12.9255006783711,0.025,0.0
645.0,2026,9,25,C,0.0002651371620597592,0.9966287828336527,1,0.9276808882251287,95.05,98.33,QQQ,call,2026-09-25,mid,short,740.745,145.4815973365646,145.4815973365646,-12.9255006783711,96.69,0.0
645.0,2026,9,25,P,0.0002651371620597592,-0.0033712171663472673,3842,0.4801826200767335,0.03,0.05,QQQ,put,2026-09-25,mid,short,740.745,-558940.2969670813,558940.2969670813,-12.9255006783711,0.04,0.0
645.0,2026,9,28,C,0.0003226136225147262,0.9956333177495811,0,0.6950330813131761,95.01,98.44,QQQ,call,2026-09-28,mid,short,740.745,0.0,0.0,-12.9255006783711,96.725,0.0
645.0,2026,9,28,P,0.0003226136225147262,-0.004366682250418968,146,0.37442438153601104,0.04,0.07,QQQ,put,2026-09-28,mid,short,740.745,-25844.790429069697,25844.790429069697,-12.9255006783711,0.05500000000000001,0.0
645.0,2026,9,29,C,0.00041969485578368645,0.9937953077167847,0,0.6525874001270188,95.13,98.54,QQQ,call,2026-09-29,mid,short,740.745,0.0,0.0,-12.9255006783711,96.83500000000001,0.0
645.0,2026,9,29,P,0.00041969485578368645,-0.006204692283215335,52,0.37220992628495747,0.07,0.1,QQQ,put,2026-09-29,mid,short,740.745,-11974.9703588461,11974.9703588461,-12.9255006783711,0.085,0.0
645.0,2026,9,30,C,0.0005703873896590357,0.9905253366247609,96,0.6182079242636448,95.26,98.65,QQQ,call,2026-09-30,mid,short,740.745,30045.442588069145,30045.442588069145,-12.9255006783711,96.95500000000001,0.0
645.0,2026,9,30,P,0.0005703873896590357,-0.009474663375239103,1765,0.37795193249694015,0.13,0.16,QQQ,put,2026-09-30,mid,short,740.745,-552397.9809160631,552397.9809160631,-12.9255006783711,0.14500000000000002,0.0
645.0,2026,10,1,C,0.0006512869828976371,0.9885478791514166,30,0.5922928994422985,95.37,98.81,QQQ,call,2026-10-01,mid,short,740.745,10720.8966702794,10720.8966702794,-12.9255006783711,97.09,0.0
645.0,2026,10,1,P,0.0006512869828976371,-0.011452120848583406,8,0.37139458624353305,0.17,0.2,QQQ,put,2026-10-01,mid,short,740.745,-2858.9057787411734,2858.9057787411734,-12.9255006783711,0.185,0.0
645.0,2026,10,2,C,0.0007547598874521131,0.9857878741332566,20,0.5763364812561834,95.78,99.08,QQQ,call,2026-10-02,mid,short,740.745,8282.782630625768,8282.782630625768,-12.9255006783711,97.43,0.0
645.0,2026,10,2,P,0.0007547598874521131,-0.014212125866743324,904,0.3691911807694436,0.23,0.26,QQQ,put,2026-10-02,mid,short,740.745,-374381.7749042847,374381.7749042847,-12.9255006783711,0.245,0.0
645.0,2026,10,5,C,0.0008196690614962683,0.9838693005229655,0,0.5260762134443492,95.77,99.59,QQQ,call,2026-10-05,mid,short,740.745,0.0,0.0,-12.9255006783711,97.68,0.0
645.0,2026,10,5,P,0.0008196690614962683,-0.01613069947703454,0,0.33547072453023963,0.27,0.31,QQQ,put,2026-10-05,mid,short,740.745,-0.0,0.0,-12.9255006783711,0.29000000000000004,0.0
645.0,2026,10,9,C,0.0010491113119256192,0.9761914323365134,4,0.4666186607426163,96.69,99.91,QQQ,call,2026-10-09,mid,short,740.745,2302.6027473040167,2302.6027473040167,-12.9255006783711,98.3,0.0
645.0,2026,10,9,P,0.0010491113119256192,-0.02380856766348662,1007,0.322865133059067,0.47,0.51,QQQ,put,2026-10-09,mid,short,740.745,-579680.2416337862,579680.2416337862,-12.9255006783711,0.49,0.0
645.0,2026,10,16,C,0.0013119778198104077,0.9648891975379739,325,0.18784573120264608,97.53,100.77,QQQ,call,2026-10-16,mid,short,740.745,233963.0699421573,233963.0699421573,-12.9255006783711,99.15,0.0
645.0,2026,10,16,P,0.0013119778198104077,-0.0351108024620261,4416,0.3035883815774182,0.83,0.86,QQQ,put,2026-10-16,mid,short,740.745,-3179018.205737128,3179018.205737128,-12.9255006783711,0.845,0.0
645.0,2026,10,23,C,0.0015089138995932761,0.9538670544815772,4,0.24743462151848025,98.51,101.7,QQQ,call,2026-10-23,mid,short,740.745,3311.783269471626,3311.783269471626,-12.9255006783711,100.105,0.0
645.0,2026,10,23,P,0.0015089138995932761,-0.04613294551842287,560,0.2912450649463506,1.24,1.28,QQQ,put,2026-10-23,mid,short,740.745,-463649.65772602777,463649.65772602777,-12.9255006783711,1.26,0.0
645.0,2026,10,30,C,0.0016939803401651576,0.9404068375920321,7,0.263412880864343,99.7,102.9,QQQ,call,2026-10-30,mid,short,740.745,6506.446500392613,6506.446500392613,-12.9255006783711,101.30000000000001,0.0
645.0,2026,10,30,P,0.0016939803401651576,-0.05959316240796788,818,0.28783017076212997,1.83,1.89,QQQ,put,2026-10-30,mid,short,740.745,-760324.7481887368,760324.7481887368,-12.9255006783711,1.8599999999999999,0.0
645.0,2026,11,20,C,0.0019399221554923568,0.9103193831960559,72,0.28335363544351466,103.88,106.29,QQQ,call,2026-11-20,mid,short,740.745,76639.78131995196,76639.78131995196,-12.9255006783711,105.08500000000001,0.0
645.0,2026,11,20,P,0.0019399221554923568,-0.08968061680394414,5787,0.2773802359372332,3.61,3.66,QQQ,put,2026-11-20,mid,short,740.745,-6159922.423591138,6159922.423591138,-12.9255006783711,3.635,0.0
645.0,2026,11,30,C,0.0019693287249515396,0.9024723949641192,2,0.2785158887857166,105.41,106.23,QQQ,call,2026-11-30,mid,short,740.745,2161.1537693245405,2161.1537693245405,-12.9255006783711,105.82,0.0
645.0,2026,11,30,P,0.0019693287249515396,-0.09752760503588079,86,0.2684818504028817,4.16,4.29,QQQ,put,2026-11-30,mid,short,740.745,-92929.61208095525,92929.61208095525,-12.9255006783711,4.225,0.0
645.0,2026,12,18,C,0.0020139068825010646,0.8831635742402535,3362,0.27551524696298635,108.39,110.81,QQQ,call,2026-12-18,mid,short,740.745,3715134.596913161,3715134.596913161,-12.9255006783711,109.6,0.0
645.0,2026,12,18,P,0.0020139068825010646,-0.11683642575974651,19788,0.2673623941070373,5.86,5.94,QQQ,put,2026-12-18,mid,short,740.745,-21866473.35030268,21866473.35030268,-12.9255006783711,5.9,0.0
645.0,2026,12,31,C,0.0020120492751273095,0.8737367098937083,2435,0.26283497891357954,109.61,112.27,QQQ,call,2026-12-31,mid,short,740.745,2688283.3072739705,2688283.3072739705,-12.9255006783711,110.94,0.0
645.0,2026,12,31,P,0.0020120492751273095,-0.12626329010629173,538,0.262681993128921,6.75,7.02,QQQ,put,2026-12-31,mid,short,740.745,-593961.568506528,593961.568506528,-12.9255006783711,6.885,0.0
645.0,2027,1,15,C,0.0019976127149876053,0.8639145303018807,2745,0.2692211891578889,112.64,113.75,QQQ,call,2027-01-15,mid,short,740.745,3008784.6158911684,3008784.6158911684,-12.9255006783711,113.195,0.0
645.0,2027,1,15,P,0.0019976127149876053,-0.1360854696981193,2777,0.2605069589778217,7.94,8.15,QQQ,put,2027-01-15,mid,short,740.745,-3043859.7006665845,3043859.7006665845,-12.9255006783711,8.045,0.0
645.0,2027,2,19,C,0.0019363172355187132,0.8460383036767928,24,0.26403571528459735,117.74,120.37,QQQ,call,2027-02-19,mid,short,740.745,25499.1210302017,25499.1210302017,-12.9255006783711,119.055,0.0
645.0,2027,2,19,P,0.0019363172355187132,-0.15396169632320722,2592,0.25591682973292296,10.48,10.75,QQQ,put,2027-02-19,mid,short,740.745,-2753905.0712617827,2753905.0712617827,-12.9255006783711,10.615,0.0
645.0,2027,3,19,C,0.0018735448561824377,0.8336964987729202,1160,0.26530856937762254,122.21,125.0,QQQ,call,2027-03-19,mid,short,740.745,1192503.1694550696,1192503.1694550696,-12.9255006783711,123.60499999999999,0.0
645.0,2027,3,19,P,0.0018735448561824377,-0.16630350122707985,2051,0.2557896399016875,12.69,12.93,QQQ,put,2027-03-19,mid,short,740.745,-2108468.9659934035,2108468.9659934035,-12.9255006783711,12.809999999999999,0.0
645.0,2027,3,31,C,0.0018497438255362356,0.8308966648777014,1121,0.25569364959745244,122.7,126.16,QQQ,call,2027-03-31,mid,short,740.745,1137770.466099975,1137770.466099975,-12.9255006783711,124.43,0.0
645.0,2027,3,31,P,0.0018497438255362356,-0.16910333512229855,342,0.25030961451253714,12.87,13.98,QQQ,put,2027-03-31,mid,short,740.745,-347116.413386433,347116.413386433,-12.9255006783711,13.425,0.0
645.0,2027,6,17,C,0.0016653575986781107,0.8070371123852436,777,0.26914815053027846,135.89,138.18,QQQ,call,2027-06-17,mid,short,740.745,710012.4746329203,710012.4746329203,-12.9255006783711,137.035,0.0
645.0,2027,6,17,P,0.0016653575986781107,-0.19296288761475647,7502,0.25588922101126244,19.08,20.05,QQQ,put,2027-06-17,mid,short,740.745,-6855229.838733807,6855229.838733807,-12.9255006783711,19.564999999999998,0.0
645.0,2027,6,30,C,0.0016430973399477028,0.8056471516896976,20,0.263581034579377,136.67,139.9,QQQ,call,2027-06-30,mid,short,740.745,18031.453888849792,18031.453888849792,-12.9255006783711,138.285,0.0
645.0,2027,6,30,P,0.0016430973399477028,-0.1943528483103024,313,0.24763301469727003,18.45,21.84,QQQ,put,2027-06-30,mid,short,740.745,-282192.2533604993,282192.2533604993,-12.9255006783711,20.145,0.0
645.0,2027,9,17,C,0.0014911842741056796,0.7932037292444585,854,0.26768736185249337,147.81,151.24,QQQ,call,2027-09-17,mid,short,740.745,698757.758600335,698757.758600335,-12.9255006783711,149.525,0.0
645.0,2027,9,17,P,0.0014911842741056796,-0.20679627075554152,490,0.25605148684764345,24.59,26.24,QQQ,put,2027-09-17,mid,short,740.745,-400926.5828034709,400926.5828034709,-12.9255006783711,25.415,0.0
645.0,2027,12,17,C,0.0013548111034148733,0.7859219894312051,1374,0.2672501684302064,158.83,163.0,QQQ,call,2027-12-17,mid,short,740.745,1021416.6603697267,1021416.6603697267,-12.9255006783711,160.91500000000002,0.0
645.0,2027,12,17,P,0.0013548111034148733,-0.21407801056879497,718,0.25307553064610233,28.51,32.28,QQQ,put,2027-12-17,mid,short,740.745,-533753.3931189693,533753.3931189693,-12.9255006783711,30.395000000000003,0.0
645.0,2028,1,21,C,0.0013159031159119205,0.7852236790134715,173,0.2651454965891919,162.37,166.0,QQQ,call,2028-01-21,mid,short,740.745,124912.95311360112,124912.95311360112,-12.9255006783711,164.185,0.0
645.0,2028,1,21,P,0.0013159031159119205,-0.21477632098652857,186,0.25187581325727165,29.79,33.5,QQQ,put,2028-01-21,mid,short,740.745,-134299.47560190642,134299.47560190642,-12.9255006783711,31.645,0.0
645.0,2028,6,16,C,0.0011624925213903046,0.7819213292363923,229,0.26724011832436867,179.0,183.5,QQQ,call,2028-06-16,mid,short,740.745,146070.6989471805,146070.6989471805,-12.9255006783711,181.25,0.0
645.0,2028,6,16,P,0.0011624925213903046,-0.21807867076360762,43,0.25172106768870595,35.5,40.0,QQQ,put,2028-06-16,mid,short,740.745,-27428.122509732577,27428.122509732577,-12.9255006783711,37.75,0.0
645.0,2028,12,15,C,0.0010165464340906767,0.7816111562111172,74,0.2697289050158678,198.0,203.0,QQQ,call,2028-12-15,mid,short,740.745,41275.8854355076,41275.8854355076,-12.9255006783711,200.5,0.0
645.0,2028,12,15,P,0.0010165464340906767,-0.21838884378888276,107,0.2541810786105556,42.0,47.0,QQQ,put,2028-12-15,mid,short,740.745,-59682.69921080153,59682.69921080153,-12.9255006783711,44.5,0.0
645.0,2029,1,19,C,0.0009943105196860763,0.7821261449261021,1,0.2687453172514597,201.0,206.0,QQQ,call,2029-01-19,mid,short,740.745,545.5813192262975,545.5813192262975,-12.9255006783711,203.5,0.0
645.0,2029,1,19,P,0.0009943105196860763,-0.2178738550738979,6,0.2542684789061602,43.0,48.0,QQQ,put,2029-01-19,mid,short,740.745,-3273.4879153577845,3273.4879153577845,-12.9255006783711,45.5,0.0
646.0,2026,10,16,C,0.00134217405653569,0.964158929941177,0,0.40749899320673305,96.35,99.8,QQQ,call,2026-10-16,mid,short,740.745,0.0,0.0,-12.790501454616637,98.07499999999999,0.0
646.0,2026,10,16,P,0.00134217405653569,-0.03584107005882295,0,0.30148945614335504,0.84,0.88,QQQ,put,2026-10-16,mid,short,740.745,-0.0,0.0,-12.790501454616637,0.86,0.0
646.0,2026,10,30,C,0.001731916230074862,0.9389037148778071,0,0.2630594381537028,98.75,101.94,QQQ,call,2026-10-30,mid,short,740.745,0.0,0.0,-12.790501454616637,100.345,0.0
646.0,2026,10,30,P,0.001731916230074862,-0.06109628512219286,52,0.2863944723423778,1.86,1.96,QQQ,put,2026-10-30,mid,short,740.745,-49416.01078341619,49416.01078341619,-12.790501454616637,1.9100000000000001,0.0
646.0,2028,6,16,C,0.001169802004030872,0.7811160867410857,11,0.26763652229261986,178.5,183.0,QQQ,call,2028-06-16,mid,short,740.745,7060.61455402938,7060.61455402938,-12.790501454616637,180.75,0.0
646.0,2028,6,16,P,0.001169802004030872,-0.2188839132589143,12,0.2506640048890055,35.5,40.0,QQQ,put,2028-06-16,mid,short,740.745,-7702.488604395687,7702.488604395687,-12.790501454616637,37.75,0.0
647.0,2026,10,16,C,0.001369927379369041,0.9635671160122691,0,0.4046477974067663,95.35,98.82,QQQ,call,2026-10-16,mid,short,740.745,0.0,0.0,-12.655502230862172,97.085,0.0
647.0,2026,10,16,P,0.001369927379369041,-0.03643288398773094,0,0.29937790096524297,0.85,0.89,QQQ,put,2026-10-16,mid,short,740.745,-0.0,0.0,-12.655502230862172,0.87,0.0
647.0,2026,10,30,C,0.0017626717581197685,0.9380154045429266,3,0.2622250646913918,97.79,100.98,QQQ,call,2026-10-30,mid,short,740.745,2901.550664861342,2901.550664861342,-12.655502230862172,99.385,0.0
647.0,2026,10,30,P,0.0017626717581197685,-0.06198459545707332,63,0.2852793617210099,1.9,1.96,QQQ,put,2026-10-30,mid,short,740.745,-60932.563962088185,60932.563962088185,-12.655502230862172,1.93,0.0
647.0,2028,6,16,C,0.0011719304910106471,0.7794505990588625,2,0.26631438285169,177.5,182.5,QQQ,call,2028-06-16,mid,short,740.745,1286.083915775079,1286.083915775079,-12.655502230862172,180.0,0.0
647.0,2028,6,16,P,0.0011719304910106471,-0.2205494009411375,166,0.25135525214754995,36.0,40.5,QQQ,put,2028-06-16,mid,short,740.745,-106744.96500933156,106744.96500933156,-12.655502230862172,38.25,0.0
648.0,2026,10,16,C,0.0014044001855172195,0.9626726646359585,0,0.40178928041310574,94.39,97.84,QQQ,call,2026-10-16,mid,short,740.745,0.0,0.0,-12.520503007107708,96.11500000000001,0.0
648.0,2026,10,16,P,0.0014044001855172195,-0.037327335364041536,0,0.29789757790214455,0.87,0.91,QQQ,put,2026-10-16,mid,short,740.745,-0.0,0.0,-12.520503007107708,0.89,0.0
648.0,2026,10,30,C,0.0018028025599015765,0.9363885439493499,3,0.2554404027680873,96.69,100.03,QQQ,call,2026-10-30,mid,short,740.745,2967.6103575154248,2967.6103575154248,-12.520503007107708,98.36,0.0
648.0,2026,10,30,P,0.0018028025599015765,-0.06361145605065012,163,0.28413369180913256,1.94,2.03,QQQ,put,2026-10-30,mid,short,740.745,-161240.16275833806,161240.16275833806,-12.520503007107708,1.9849999999999999,0.0
648.0,2028,6,16,C,0.0011793077910789986,0.7786344384224453,15,0.2667013830230989,177.0,181.5,QQQ,call,2028-06-16,mid,short,740.745,9706.348585659152,9706.348585659152,-12.520503007107708,179.25,0.0
648.0,2028,6,16,P,0.0011793077910789986,-0.22136556157755477,121,0.250295795435054,36.0,40.5,QQQ,put,2028-06-16,mid,short,740.745,-78297.87859098382,78297.87859098382,-12.520503007107708,38.25,0.0
649.0,2026,10,16,C,0.0014394859606132037,0.9617692281978723,0,0.39892339744756283,93.41,96.86,QQQ,call,2026-10-16,mid,short,740.745,0.0,0.0,-12.385503783353247,95.13499999999999,0.0
649.0,2026,10,16,P,0.0014394859606132037,-0.03823077180212776,0,0.2963835686884412,0.89,0.93,QQQ,put,2026-10-16,mid,short,740.745,-0.0,0.0,-12.385503783353247,0.91,0.0
649.0,2026,10,30,C,0.0018347637079653418,0.9354767923512003,1,0.26281359080439787,95.93,99.07,QQQ,call,2026-10-30,mid,short,740.745,1006.7406352859507,1006.7406352859507,-12.385503783353247,97.5,0.0
649.0,2026,10,30,P,0.0018347637079653418,-0.06452320764879971,119,0.28295822950663074,1.98,2.03,QQQ,put,2026-10-30,mid,short,740.745,-119802.13559902813,119802.13559902813,-12.385503783353247,2.005,0.0
649.0,2028,6,16,C,0.0011814120223792362,0.7769720117326615,12,0.2653794215176745,176.0,181.0,QQQ,call,2028-06-16,mid,short,740.745,7778.934048767434,7778.934048767434,-12.385503783353247,178.5,0.0
649.0,2028,6,16,P,0.0011814120223792362,-0.22302798826733847,21,0.2509728254110061,36.5,41.0,QQQ,put,2028-06-16,mid,short,740.745,-13613.13458534301,13613.13458534301,-12.385503783353247,38.75,0.0
650.0,2026,9,22,C,0.00015362242026182335,0.9984336700595798,0,1.7565651658025843,89.59,93.04,QQQ,call,2026-09-22,mid,short,740.745,0.0,0.0,-12.250504559598783,91.315,1.0
650.0,2026,9,22,P,0.00015362242026182335,-0.0015663299404202074,286,0.822702586803969,0.01,0.02,QQQ,put,2026-09-22,mid,short,740.745,-24107.82851054834,24107.82851054834,-12.250504559598783,0.015,6.0
650.0,2026,9,23,C,0.00018619322852711948,0.9980067052688427,0,1.2454056713869566,89.64,93.13,QQQ,call,2026-09-23,mid,short,740.745,0.0,0.0,-12.250504559598783,91.38499999999999,0.0
650.0,2026,9,23,P,0.00018619322852711948,-0.0019932947311572355,201,0.5821874951381121,0.01,0.03,QQQ,put,2026-09-23,mid,short,740.745,-20535.12719936138,20535.12719936138,-12.250504559598783,0.02,0.0
650.0,2026,9,24,C,0.00021553732420280427,0.997600147713935,0,1.0152037404210683,89.71,93.18,QQQ,call,2026-09-24,mid,short,740.745,0.0,0.0,-12.250504559598783,91.445,0.0
650.0,2026,9,24,P,0.00021553732420280427,-0.002399852286064967,576,0.4757206195183118,0.01,0.04,QQQ,put,2026-09-24,mid,short,740.745,-68121.2216538576,68121.2216538576,-12.250504559598783,0.025,0.0
650.0,2026,9,25,C,0.00029156230759674786,0.9964623752764715,61,0.8899995975097391,89.94,93.36,QQQ,call,2026-09-25,mid,short,740.745,9758.850641947009,9758.850641947009,-12.250504559598783,91.65,0.0
650.0,2026,9,25,P,0.00029156230759674786,-0.0035376247235284707,10045,0.45586794350318877,0.03,0.05,QQQ,put,2026-09-25,mid,short,740.745,-1607010.7327599623,1607010.7327599623,-12.250504559598783,0.04,0.0
650.0,2026,9,28,C,0.00039251730419414833,0.9947557793095266,0,0.6466580379095498,90.04,93.2,QQQ,call,2026-09-28,mid,short,740.745,0.0,0.0,-12.250504559598783,91.62,0.0
650.0,2026,9,28,P,0.00039251730419414833,-0.005244220690473332,169,0.3640571527820892,0.05,0.08,QQQ,put,2026-09-28,mid,short,740.745,-36398.456663037025,36398.456663037025,-12.250504559598783,0.065,0.0
650.0,2026,9,29,C,0.0005063079499540422,0.9925959248524112,0,0.6253166512982956,90.15,93.56,QQQ,call,2026-09-29,mid,short,740.745,0.0,0.0,-12.250504559598783,91.855,0.0
650.0,2026,9,29,P,0.0005063079499540422,-0.007404075147588828,254,0.35915500560235747,0.08,0.12,QQQ,put,2026-09-29,mid,short,740.745,-70564.44346672179,70564.44346672179,-12.250504559598783,0.1,0.0
650.0,2026,9,30,C,0.0006703586714471179,0.9890248531369997,800,0.5930085766081579,90.29,93.68,QQQ,call,2026-09-30,mid,short,740.745,294262.3344171208,294262.3344171208,-12.250504559598783,91.98500000000001,0.0
650.0,2026,9,30,P,0.0006703586714471179,-0.010975146863000277,16175,0.36607121969466827,0.15,0.18,QQQ,put,2026-09-30,mid,short,740.745,-5949616.57399616,5949616.57399616,-12.250504559598783,0.16499999999999998,0.0
650.0,2026,10,1,C,0.0007618113537843296,0.9867809475840726,0,0.5687538612370712,90.42,93.85,QQQ,call,2026-10-01,mid,short,740.745,0.0,0.0,-12.250504559598783,92.13499999999999,0.0
650.0,2026,10,1,P,0.0007618113537843296,-0.01321905241592734,44,0.35863804731759147,0.19,0.23,QQQ,put,2026-10-01,mid,short,740.745,-18392.364907634437,18392.364907634437,-12.250504559598783,0.21000000000000002,0.0
650.0,2026,10,2,C,0.000866123112316207,0.9839912428346894,36,0.5534683674673427,90.72,94.12,QQQ,call,2026-10-02,mid,short,740.745,17108.801437247108,17108.801437247108,-12.250504559598783,92.42,0.0
650.0,2026,10,2,P,0.000866123112316207,-0.016008757165310587,2047,0.357588586511997,0.26,0.28,QQQ,put,2026-10-02,mid,short,740.745,-972825.4595012453,972825.4595012453,-12.250504559598783,0.27,0.0
650.0,2026,10,5,C,0.0009389521903277634,0.9818332597301609,0,0.4960796071735483,90.82,94.43,QQQ,call,2026-10-05,mid,short,740.745,0.0,0.0,-12.250504559598783,92.625,0.0
650.0,2026,10,5,P,0.0009389521903277634,-0.018166740269839162,0,0.3243937807194623,0.3,0.34,QQQ,put,2026-10-05,mid,short,740.745,-0.0,0.0,-12.250504559598783,0.32,0.0
650.0,2026,10,9,C,0.001191652573265706,0.9733109847076841,64,0.458995996310366,91.62,95.23,QQQ,call,2026-10-09,mid,short,740.745,41847.26570525139,41847.26570525139,-12.250504559598783,93.42500000000001,0.0
650.0,2026,10,9,P,0.001191652573265706,-0.02668901529231595,1699,0.31292675457160557,0.52,0.56,QQQ,put,2026-10-09,mid,short,740.745,-1110914.1317690953,1110914.1317690953,-12.250504559598783,0.54,0.0
650.0,2026,10,16,C,0.001475209584167542,0.9608564799825059,1722,0.21523195239894466,92.64,95.87,QQQ,call,2026-10-16,mid,short,740.745,1393876.6077343712,1393876.6077343712,-12.250504559598783,94.255,0.0
650.0,2026,10,16,P,0.001475209584167542,-0.039143520017494084,28809,0.2954517235901651,0.92,0.94,QQQ,put,2026-10-16,mid,short,740.745,-23319507.080266837,23319507.080266837,-12.250504559598783,0.9299999999999999,0.0
650.0,2026,10,23,C,0.0016783412670274961,0.9490575101395358,20,0.2468503815478618,93.68,96.84,QQQ,call,2026-10-23,mid,short,740.745,18418.222968532864,18418.222968532864,-12.250504559598783,95.26,0.0
650.0,2026,10,23,P,0.0016783412670274961,-0.050942489860464284,792,0.2837207060622659,1.36,1.39,QQQ,put,2026-10-23,mid,short,740.745,-729361.6295539014,729361.6295539014,-12.250504559598783,1.375,0.0
650.0,2026,10,30,C,0.0018722478986131427,0.934138915526557,82,0.2621967646882112,94.98,98.11,QQQ,call,2026-10-30,mid,short,740.745,84239.28297455255,84239.28297455255,-12.250504559598783,96.545,0.0
650.0,2026,10,30,P,0.0018722478986131427,-0.06586108447344294,6335,0.2817536971976871,2.02,2.07,QQQ,put,2026-10-30,mid,short,740.745,-6507998.263948662,6507998.263948662,-12.250504559598783,2.045,0.0
650.0,2026,11,20,C,0.002103328435745716,0.9022606802655845,201,0.2792269945148652,99.29,100.12,QQQ,call,2026-11-20,mid,short,740.745,231974.692698242,231974.692698242,-12.250504559598783,99.70500000000001,0.0
650.0,2026,11,20,P,0.002103328435745716,-0.0977393197344155,19955,0.2721515510494278,3.91,4.01,QQQ,put,2026-11-20,mid,short,740.745,-23030124.342255812,23030124.342255812,-12.250504559598783,3.96,0.0
650.0,2026,11,30,C,0.0021238860663970347,0.8944295704009184,10,0.24730839802102275,99.29,101.86,QQQ,call,2026-11-30,mid,short,740.745,11653.8298554569,11653.8298554569,-12.250504559598783,100.575,0.0
650.0,2026,11,30,P,0.0021238860663970347,-0.10557042959908157,389,0.2637798343462031,4.5,4.63,QQQ,put,2026-11-30,mid,short,740.745,-453333.9813772733,453333.9813772733,-12.250504559598783,4.5649999999999995,0.0
650.0,2026,12,18,C,0.0021509756153993967,0.8744784427066661,7002,0.27108410722571485,103.88,106.3,QQQ,call,2026-12-18,mid,short,740.745,8264090.240073532,8264090.240073532,-12.250504559598783,105.09,0.0
650.0,2026,12,18,P,0.0021509756153993967,-0.12552155729333397,30925,0.26329363307005554,6.3,6.38,QQQ,put,2026-12-18,mid,short,740.745,-36499141.770104825,36499141.770104825,-12.250504559598783,6.34,0.0
650.0,2026,12,31,C,0.0021391712090812554,0.86492281758953,4032,0.25918872711381685,105.16,107.8,QQQ,call,2026-12-31,mid,short,740.745,4732640.605976084,4732640.605976084,-12.250504559598783,106.47999999999999,0.0
650.0,2026,12,31,P,0.0021391712090812554,-0.13507718241046993,4566,0.2592218192998597,7.26,7.48,QQQ,put,2026-12-31,mid,short,740.745,-5359433.78146994,5359433.78146994,-12.250504559598783,7.37,0.0
650.0,2027,1,15,C,0.002114255213142723,0.8549708067611207,8125,0.26536093582249914,108.24,109.34,QQQ,call,2027-01-15,mid,short,740.745,9425800.361083161,9425800.361083161,-12.250504559598783,108.78999999999999,0.0
650.0,2027,1,15,P,0.002114255213142723,-0.14502919323887933,19983,0.2571428346104906,8.49,8.68,QQQ,put,2027-01-15,mid,short,740.745,-23182248.444987666,23182248.444987666,-12.250504559598783,8.585,0.0
650.0,2027,2,19,C,0.00203345926111276,0.8370936293720382,167,0.26056430311468615,113.44,114.42,QQQ,call,2027-02-19,mid,short,740.745,186332.8405352919,186332.8405352919,-12.250504559598783,113.93,0.0
650.0,2027,2,19,P,0.00203345926111276,-0.1629063706279618,1496,0.252917981632711,11.12,11.39,QQQ,put,2027-02-19,mid,short,740.745,-1669185.2062323154,1669185.2062323154,-12.250504559598783,11.254999999999999,0.0
650.0,2027,3,19,C,0.001958061529175475,0.824972449510701,2050,0.2621914671275854,118.01,120.87,QQQ,call,2027-03-19,mid,short,740.745,2202508.8045229013,2202508.8045229013,-12.250504559598783,119.44,0.0
650.0,2027,3,19,P,0.001958061529175475,-0.17502755048929897,19430,0.25287450930572253,13.38,13.63,QQQ,put,2027-03-19,mid,short,740.745,-20875485.888721935,20875485.888721935,-12.250504559598783,13.505,0.0
650.0,2027,3,31,C,0.001926726640256743,0.8209713423886618,3641,0.2530166666671414,118.54,122.0,QQQ,call,2027-03-31,mid,short,740.745,3849268.7914080983,3849268.7914080983,-12.250504559598783,120.27000000000001,0.0
650.0,2027,3,31,P,0.001926726640256743,-0.17902865761133818,1530,0.23790597527255475,12.26,16.48,QQQ,put,2027-03-31,mid,short,740.745,-1617517.5091607776,1617517.5091607776,-12.250504559598783,14.370000000000001,0.0
650.0,2027,6,17,C,0.0017230581098871308,0.7989704579513287,2611,0.26681520601225006,131.95,133.7,QQQ,call,2027-06-17,mid,short,740.745,2468563.2167179044,2468563.2167179044,-12.250504559598783,132.825,0.0
650.0,2027,6,17,P,0.0017230581098871308,-0.2010295420486713,19353,0.2537402679397918,19.97,20.88,QQQ,put,2027-06-17,mid,short,740.745,-18297243.942221984,18297243.942221984,-12.250504559598783,20.424999999999997,0.0
650.0,2027,6,30,C,0.0016905701246456963,0.7959828206844606,83,0.2613012071705333,132.73,136.0,QQQ,call,2027-06-30,mid,short,740.745,76992.5563782804,76992.5563782804,-12.250504559598783,134.365,0.0
650.0,2027,6,30,P,0.0016905701246456963,-0.2040171793155394,1688,0.25374285298229327,20.81,22.15,QQQ,put,2027-06-30,mid,short,740.745,-1565824.520078763,1565824.520078763,-12.250504559598783,21.479999999999997,0.0
650.0,2027,9,17,C,0.0015341170213342306,0.7857533405475335,2563,0.26575074801304105,144.03,148.0,QQQ,call,2027-09-17,mid,short,740.745,2157468.9399954886,2157468.9399954886,-12.250504559598783,146.015,0.0
650.0,2027,9,17,P,0.0015341170213342306,-0.21424665945246646,8448,0.25432619999691675,25.61,27.19,QQQ,put,2027-09-17,mid,short,740.745,-7111313.930972255,7111313.930972255,-12.250504559598783,26.4,0.0
650.0,2027,12,17,C,0.001386639378965884,0.7786513934543227,1430,0.2654691890903527,155.15,158.5,QQQ,call,2027-12-17,mid,short,740.745,1088020.3650322966,1088020.3650322966,-12.250504559598783,156.825,0.0
650.0,2027,12,17,P,0.001386639378965884,-0.2213486065456774,12598,0.25432472587367133,30.26,33.0,QQQ,put,2027-12-17,mid,short,740.745,-9585231.159913896,9585231.159913896,-12.250504559598783,31.630000000000003,0.0
650.0,2028,1,21,C,0.0013450875517618665,0.7780308683632755,3421,0.26061991392539513,158.0,162.5,QQQ,call,2028-01-21,mid,short,740.745,2524881.9931365713,2524881.9931365713,-12.250504559598783,160.25,0.0
650.0,2028,1,21,P,0.0013450875517618665,-0.2219691316367245,5360,0.2504790633353048,30.9,35.0,QQQ,put,2028-01-21,mid,short,740.745,-3955968.279220118,3955968.279220118,-12.250504559598783,32.95,0.0
650.0,2028,6,16,C,0.0011888578412084492,0.7761448247313015,359,0.2657571182697698,175.5,180.0,QQQ,call,2028-06-16,mid,short,740.745,234186.48735667588,234186.48735667588,-12.250504559598783,177.75,0.0
650.0,2028,6,16,P,0.0011888578412084492,-0.22385517526869847,3932,0.24991097816188473,36.5,41.0,QQQ,put,2028-06-16,mid,short,740.745,-2564961.7501015314,2564961.7501015314,-12.250504559598783,38.75,0.0
650.0,2028,12,15,C,0.0010330503411193806,0.7758985187271863,419,0.26948365616975156,195.0,199.5,QQQ,call,2028-12-15,mid,short,740.745,237505.11423670792,237505.11423670792,-12.250504559598783,197.25,0.0
650.0,2028,12,15,P,0.0010330503411193806,-0.22410148127281368,7180,0.2539475698712718,43.5,48.5,QQQ,put,2028-12-15,mid,short,740.745,-4069896.7069679303,4069896.7069679303,-12.250504559598783,46.0,0.0
650.0,2029,1,19,C,0.0010019564739460125,0.7753418267489955,4,0.27688369191567214,200.88,202.5,QQQ,call,2029-01-19,mid,short,740.745,2199.106713807605,2199.106713807605,-12.250504559598783,201.69,0.0
650.0,2029,1,19,P,0.0010019564739460125,-0.2246581732510044,2,0.25997170060885977,46.5,49.5,QQQ,put,2029-01-19,mid,short,740.745,-1099.5533569038025,1099.5533569038025,-12.250504559598783,48.0,0.0
651.0,2026,9,30,C,0.0006828724284473196,0.9889208433269364,4,0.5875837977305356,89.45,92.68,QQQ,call,2026-09-30,mid,short,740.745,1498.7770238745113,1498.7770238745113,-12.115505335844318,91.065,0.0
651.0,2026,9,30,P,0.0006828724284473196,-0.01107915667306356,246,0.3623141550131866,0.15,0.18,QQQ,put,2026-09-30,mid,short,740.745,-92174.78696828244,92174.78696828244,-12.115505335844318,0.16499999999999998,0.0
651.0,2026,10,16,C,0.0015056516385248328,0.9602277462290058,2,0.21877605666207278,91.67,94.89,QQQ,call,2026-10-16,mid,short,740.745,1652.3116088542733,1652.3116088542733,-12.115505335844318,93.28,0.0
651.0,2026,10,16,P,0.0015056516385248328,-0.03977225377099423,322,0.2926514324664336,0.92,0.96,QQQ,put,2026-10-16,mid,short,740.745,-266022.16902553797,266022.16902553797,-12.115505335844318,0.94,0.0
651.0,2026,10,30,C,0.0019091033495694774,0.9328927381677504,2,0.26152885868175235,94.03,97.15,QQQ,call,2026-10-30,mid,short,740.745,2095.062062355136,2095.062062355136,-12.115505335844318,95.59,0.0
651.0,2026,10,30,P,0.0019091033495694774,-0.06710726183224956,208,0.2802010968691657,2.05,2.11,QQQ,put,2026-10-30,mid,short,740.745,-217886.4544849341,217886.4544849341,-12.115505335844318,2.08,0.0
651.0,2026,11,30,C,0.002156316573157424,0.8926941491748562,0,0.2722697717359124,99.87,100.93,QQQ,call,2026-11-30,mid,short,740.745,0.0,0.0,-12.115505335844318,100.4,0.0
651.0,2026,11,30,P,0.002156316573157424,-0.10730585082514374,40,0.2629825592226411,4.58,4.7,QQQ,put,2026-11-30,mid,short,740.745,-47327.10827696699,47327.10827696699,-12.115505335844318,4.640000000000001,0.0
652.0,2026,9,30,C,0.0007070962902371588,0.9885522524565835,2,0.5827778732714994,88.32,91.69,QQQ,call,2026-09-30,mid,short,740.745,775.9719307192042,775.9719307192042,-11.980506112089856,90.005,0.0
652.0,2026,9,30,P,0.0007070962902371588,-0.011447747543416504,137,0.35855897689823996,0.15,0.19,QQQ,put,2026-09-30,mid,short,740.745,-53154.07725426549,53154.07725426549,-11.980506112089856,0.16999999999999998,0.0
652.0,2026,10,16,C,0.0015427740107779222,0.9592951832740835,103,0.20719204763467633,90.63,93.91,QQQ,call,2026-10-16,mid,short,740.745,87192.0716220552,87192.0716220552,-11.980506112089856,92.27,0.0
652.0,2026,10,16,P,0.0015427740107779222,-0.04070481672591657,839,0.2910534093262818,0.94,0.98,QQQ,put,2026-10-16,mid,short,740.745,-710234.4474845079,710234.4474845079,-11.980506112089856,0.96,0.0
652.0,2026,10,30,C,0.001948923374548173,0.9314282895348488,0,0.26298756896873027,93.14,96.19,QQQ,call,2026-10-30,mid,short,740.745,0.0,0.0,-11.980506112089856,94.66499999999999,0.0
652.0,2026,10,30,P,0.001948923374548173,-0.06857171046515116,115,0.27926010720616157,2.1,2.15,QQQ,put,2026-10-30,mid,short,740.745,-122978.74651940355,122978.74651940355,-11.980506112089856,2.125,0.0
652.0,2026,11,30,C,0.0021891205100952227,0.8909470437279736,5,0.271220922826347,98.95,100.01,QQQ,call,2026-11-30,mid,short,740.745,6005.886653095929,6005.886653095929,-11.980506112089856,99.48,0.0
652.0,2026,11,30,P,0.0021891205100952227,-0.10905295627202638,11,0.2619961144678665,4.65,4.78,QQQ,put,2026-11-30,mid,short,740.745,-13212.950636811047,13212.950636811047,-11.980506112089856,4.715,0.0
653.0,2026,9,30,C,0.0007318835007402032,0.9881789098611163,13,0.5779638815290016,87.41,90.7,QQQ,call,2026-09-30,mid,short,740.745,5220.628217569589,5220.628217569589,-11.845506888335393,89.055,0.0
653.0,2026,9,30,P,0.0007318835007402032,-0.011821090138883616,117,0.3578332325871318,0.16,0.19,QQQ,put,2026-09-30,mid,short,740.745,-46985.6539581263,46985.6539581263,-11.845506888335393,0.175,0.0
653.0,2026,10,16,C,0.0015806120786827065,0.9583523322932684,91,0.218776531095901,89.7,92.93,QQQ,call,2026-10-16,mid,short,740.745,78923.10193438805,78923.10193438805,-11.845506888335393,91.315,0.0
653.0,2026,10,16,P,0.0015806120786827065,-0.04164766770673159,757,0.28942486391802463,0.96,1.0,QQQ,put,2026-10-16,mid,short,740.745,-656536.1336739754,656536.1336739754,-11.845506888335393,0.98,0.0
653.0,2026,10,30,C,0.001987009555866134,0.9301573890281365,1,0.2618257429826504,92.18,95.24,QQQ,call,2026-10-30,mid,short,740.745,1090.278412368572,1090.278412368572,-11.845506888335393,93.71000000000001,0.0
653.0,2026,10,30,P,0.001987009555866134,-0.06984261097186356,88,0.2776624119478268,2.13,2.19,QQQ,put,2026-10-30,mid,short,740.745,-95944.5002884343,95944.5002884343,-11.845506888335393,2.16,0.0
653.0,2026,11,30,C,0.0022215745086320415,0.8893833435406306,0,0.27031090779606315,98.04,98.83,QQQ,call,2026-11-30,mid,short,740.745,0.0,0.0,-11.845506888335393,98.435,0.0
653.0,2026,11,30,P,0.0022215745086320415,-0.1106166564593693,11,0.260662250264587,4.7,4.85,QQQ,put,2026-11-30,mid,short,740.745,-13408.834362104668,13408.834362104668,-11.845506888335393,4.775,0.0
654.0,2026,9,30,C,0.0007572606266008744,0.9878006232454838,9,0.5725334605789097,86.4,89.7,QQQ,call,2026-09-30,mid,short,740.745,3739.6016549289743,3739.6016549289743,-11.71050766458093,88.05000000000001,0.0
654.0,2026,9,30,P,0.0007572606266008744,-0.012199376754516211,56,0.35405609183034115,0.16,0.2,QQQ,put,2026-09-30,mid,short,740.745,-23268.632519558065,23268.632519558065,-11.71050766458093,0.18,0.0
654.0,2026,10,16,C,0.001619194107362099,0.9573988367914766,8,0.1532093185338466,88.54,91.97,QQQ,call,2026-10-16,mid,short,740.745,7107.655322459779,7107.655322459779,-11.71050766458093,90.255,0.0
654.0,2026,10,16,P,0.001619194107362099,-0.042601163208523314,634,0.28776657032743475,0.98,1.02,QQQ,put,2026-10-16,mid,short,740.745,-563281.6843049376,563281.6843049376,-11.71050766458093,1.0,0.0
654.0,2026,10,30,C,0.0020280206042239545,0.9286684247423319,1,0.2609799016280868,91.23,94.29,QQQ,call,2026-10-30,mid,short,740.745,1112.7813039933906,1112.7813039933906,-11.71050766458093,92.76,0.0
654.0,2026,10,30,P,0.0020280206042239545,-0.07133157525766808,176,0.27665791770393927,2.18,2.23,QQQ,put,2026-10-30,mid,short,740.745,-195849.50950283677,195849.50950283677,-11.71050766458093,2.205,0.0
654.0,2026,11,30,C,0.0022559000130214306,0.8874162302557629,2,0.26922505998810986,97.12,98.18,QQQ,call,2026-11-30,mid,short,740.745,2475.638909131595,2475.638909131595,-11.71050766458093,97.65,0.0
654.0,2026,11,30,P,0.0022559000130214306,-0.11258376974423716,19,0.2601282436706299,4.8,4.93,QQQ,put,2026-11-30,mid,short,740.745,-23518.569636750155,23518.569636750155,-11.71050766458093,4.865,0.0
655.0,2026,9,22,C,0.00017021506540601392,0.998350282616005,0,1.6763427227934042,84.6,88.04,QQQ,call,2026-09-22,mid,short,740.745,0.0,0.0,-11.575508440826464,86.32,2.0
655.0,2026,9,22,P,0.00017021506540601392,-0.0016497173839950402,490,0.7782264721495542,0.01,0.02,QQQ,put,2026-09-22,mid,short,740.745,-45764.79627632262,45764.79627632262,-11.575508440826464,0.015,7.0
655.0,2026,9,23,C,0.00020614264279734934,0.9979013443684132,0,1.1833229777195253,84.67,88.09,QQQ,call,2026-09-23,mid,short,740.745,0.0,0.0,-11.575508440826464,86.38,0.0
655.0,2026,9,23,P,0.00020614264279734934,-0.002098655631586893,112,0.550739830502504,0.01,0.03,QQQ,put,2026-09-23,mid,short,740.745,-12668.445270666885,12668.445270666885,-11.575508440826464,0.02,0.0
655.0,2026,9,24,C,0.00023847398496364746,0.9974740641351738,0,0.9698534108170281,85.34,88.19,QQQ,call,2026-09-24,mid,short,740.745,0.0,0.0,-11.575508440826464,86.765,0.0
655.0,2026,9,24,P,0.00023847398496364746,-0.0025259358648261694,7836,0.45004509336120657,0.01,0.04,QQQ,put,2026-09-24,mid,short,740.745,-1025351.7893451884,1025351.7893451884,-11.575508440826464,0.025,0.0
655.0,2026,9,25,C,0.00037035455750228656,0.9955344939069943,13,0.8485456222562828,85.14,88.35,QQQ,call,2026-09-25,mid,short,740.745,2641.791284332102,2641.791284332102,-11.575508440826464,86.745,0.0
655.0,2026,9,25,P,0.00037035455750228656,-0.004465506093005695,5402,0.4445139055751541,0.04,0.06,QQQ,put,2026-09-25,mid,short,740.745,-1097765.885997078,1097765.885997078,-11.575508440826464,0.05,0.0
655.0,2026,9,28,C,0.0004717004217342231,0.993815342503044,0,0.6361712856576066,85.06,88.47,QQQ,call,2026-09-28,mid,short,740.745,0.0,0.0,-11.575508440826464,86.765,0.0
655.0,2026,9,28,P,0.0004717004217342231,-0.006184657496956012,96,0.35190318585899233,0.06,0.09,QQQ,put,2026-09-28,mid,short,740.745,-24847.05692469037,24847.05692469037,-11.575508440826464,0.075,0.0
655.0,2026,9,29,C,0.0006039221880060932,0.9913140871523238,0,0.5979812644200432,85.17,88.58,QQQ,call,2026-09-29,mid,short,740.745,0.0,0.0,-11.575508440826464,86.875,0.0
655.0,2026,9,29,P,0.0006039221880060932,-0.008685912847676131,232,0.34966705552032357,0.1,0.13,QQQ,put,2026-09-29,mid,short,740.745,-76878.77030806235,76878.77030806235,-11.575508440826464,0.115,0.0
655.0,2026,9,30,C,0.000783255205276282,0.9874171960482502,219,0.5677079068174391,85.34,88.71,QQQ,call,2026-09-30,mid,short,740.745,94120.63790914217,94120.63790914217,-11.575508440826464,87.025,0.0
655.0,2026,9,30,P,0.000783255205276282,-0.012582803951749844,1853,0.35313383915549124,0.17,0.2,QQQ,put,2026-09-30,mid,short,740.745,-796372.3381079471,796372.3381079471,-11.575508440826464,0.185,0.0
655.0,2026,10,1,C,0.0008765130016239218,0.9851370056555309,0,0.5445196776103493,85.43,88.88,QQQ,call,2026-10-01,mid,short,740.745,0.0,0.0,-11.575508440826464,87.155,0.0
655.0,2026,10,1,P,0.0008765130016239218,-0.01486299434446917,22,0.34514584916740043,0.21,0.25,QQQ,put,2026-10-01,mid,short,740.745,-10580.799887052535,10580.799887052535,-11.575508440826464,0.22999999999999998,0.0
655.0,2026,10,2,C,0.0010084879217463665,0.9816047218635832,30,0.530480715748045,85.83,89.16,QQQ,call,2026-10-02,mid,short,740.745,16600.815134005097,16600.815134005097,-11.575508440826464,87.495,0.0
655.0,2026,10,2,P,0.0010084879217463665,-0.018395278136416844,4192,0.34510059615817296,0.29,0.32,QQQ,put,2026-10-02,mid,short,740.745,-2319687.2347249794,2319687.2347249794,-11.575508440826464,0.305,0.0
655.0,2026,10,5,C,0.0010807427939971508,0.9794333331008732,0,0.4786123228731324,85.91,89.54,QQQ,call,2026-10-05,mid,short,740.745,0.0,0.0,-11.575508440826464,87.725,0.0
655.0,2026,10,5,P,0.0010807427939971508,-0.020566666899126833,0,0.31266113091422787,0.33,0.38,QQQ,put,2026-10-05,mid,short,740.745,-0.0,0.0,-11.575508440826464,0.355,0.0
655.0,2026,10,9,C,0.0013605982444463976,0.9698754619840477,25,0.36576139025994014,86.86,88.55,QQQ,call,2026-10-09,mid,short,740.745,18664.113736230363,18664.113736230363,-11.575508440826464,87.705,0.0
655.0,2026,10,9,P,0.0013605982444463976,-0.03012453801595231,856,0.3032575498215141,0.58,0.62,QQQ,put,2026-10-09,mid,short,740.745,-639059.2543285275,639059.2543285275,-11.575508440826464,0.6,0.0
655.0,2026,10,16,C,0.0016585493382595866,0.9564343315788887,971,0.2884758715317142,88.58,90.98,QQQ,call,2026-10-16,mid,short,740.745,883659.7682822989,883659.7682822989,-11.575508440826464,89.78,0.0
655.0,2026,10,16,P,0.0016585493382595866,-0.04356566842111135,8258,0.28607925590792616,1.0,1.04,QQQ,put,2026-10-16,mid,short,740.745,-7515203.261045545,7515203.261045545,-11.575508440826464,1.02,0.0
655.0,2026,10,23,C,0.0018758218519818906,0.9432298345751073,3,0.2435817474681011,88.84,91.99,QQQ,call,2026-10-23,mid,short,740.745,3087.8081053419055,3087.8081053419055,-11.575508440826464,90.41499999999999,0.0
655.0,2026,10,23,P,0.0018758218519818906,-0.05677016542489268,570,0.27601969660273584,1.49,1.55,QQQ,put,2026-10-23,mid,short,740.745,-586683.5400149621,586683.5400149621,-11.575508440826464,1.52,0.0
655.0,2026,10,30,C,0.002068534172182045,0.9272689707432089,108,0.2600919108903093,90.28,93.33,QQQ,call,2026-10-30,mid,short,740.745,122581.21246775798,122581.21246775798,-11.575508440826464,91.805,0.0
655.0,2026,10,30,P,0.002068534172182045,-0.07273102925679112,8038,0.27531750800931604,2.22,2.27,QQQ,put,2026-10-30,mid,short,740.745,-9123220.239035545,9123220.239035545,-11.575508440826464,2.245,0.0
655.0,2026,11,20,C,0.002276192483336401,0.8941169883630513,42,0.2739463366747417,94.67,95.49,QQQ,call,2026-11-20,mid,short,740.745,52456.067876136665,52456.067876136665,-11.575508440826464,95.08,0.0
655.0,2026,11,20,P,0.002276192483336401,-0.10588301163694863,5597,0.2669708522570081,4.24,4.3,QQQ,put,2026-11-20,mid,short,740.745,-6990395.521493737,6990395.521493737,-11.575508440826464,4.27,0.0
655.0,2026,11,30,C,0.0022901199993268797,0.8855672275052089,1,0.2682752440418711,96.21,97.0,QQQ,call,2026-11-30,mid,short,740.745,1256.59606901651,1256.59606901651,-11.575508440826464,96.60499999999999,0.0
655.0,2026,11,30,P,0.0022901199993268797,-0.11443277249479107,77,0.2592437059040783,4.88,5.01,QQQ,put,2026-11-30,mid,short,740.745,-96757.89731427126,96757.89731427126,-11.575508440826464,4.945,0.0
655.0,2026,12,18,C,0.002295773744878102,0.8652529734337647,1342,0.2666298405480042,99.4,100.41,QQQ,call,2026-12-18,mid,short,740.745,1690515.1146252295,1690515.1146252295,-11.575508440826464,99.905,0.0
655.0,2026,12,18,P,0.002295773744878102,-0.13474702656623527,24023,0.25905147690223773,6.76,6.85,QQQ,put,2026-12-18,mid,short,740.745,-30261732.189748053,30261732.189748053,-11.575508440826464,6.805,0.0
655.0,2026,12,31,C,0.002272767429833857,0.8555610155590094,5053,0.25638294203180606,100.82,101.85,QQQ,call,2026-12-31,mid,short,740.745,6301468.253887048,6301468.253887048,-11.575508440826464,101.335,0.0
655.0,2026,12,31,P,0.002272767429833857,-0.14443898444099051,1054,0.2552262278429282,7.76,8.01,QQQ,put,2026-12-31,mid,short,740.745,-1314416.690994844,1314416.690994844,-11.575508440826464,7.885,0.0
655.0,2027,1,15,C,0.002236155340350012,0.8455679847145814,3042,0.2613680174437985,103.86,104.74,QQQ,call,2027-01-15,mid,short,740.745,3732489.8617239576,3732489.8617239576,-11.575508440826464,104.3,0.0
655.0,2027,1,15,P,0.002236155340350012,-0.15443201528541867,3636,0.2535080979562722,9.05,9.25,QQQ,put,2027-01-15,mid,short,740.745,-4461319.243007334,4461319.243007334,-11.575508440826464,9.15,0.0
655.0,2027,2,19,C,0.0021339975489425237,0.8277307259196905,53,0.2573092427470172,109.2,110.18,QQQ,call,2027-02-19,mid,short,740.745,62059.35295978012,62059.35295978012,-11.575508440826464,109.69,0.0
655.0,2027,2,19,P,0.0021339975489425237,-0.17226927408030948,134,0.24969820346791324,11.77,12.08,QQQ,put,2027-02-19,mid,short,740.745,-156904.77918133087,156904.77918133087,-11.575508440826464,11.925,0.0
655.0,2027,3,19,C,0.0020443280683565645,0.8156543316816196,1513,0.2592604868428214,113.87,116.71,QQQ,call,2027-03-19,mid,short,740.745,1697176.3719132903,1697176.3719132903,-11.575508440826464,115.28999999999999,0.0
655.0,2027,3,19,P,0.0020443280683565645,-0.1843456683183804,7122,0.25021209322143345,14.14,14.4,QQQ,put,2027-03-19,mid,short,740.745,-7988955.796937511,7988955.796937511,-11.575508440826464,14.27,0.0
655.0,2027,3,31,C,0.0020092694225735857,0.8119860071459881,799,0.2501576389125757,114.39,117.89,QQQ,call,2027-03-31,mid,short,740.745,880891.4846976477,880891.4846976477,-11.575508440826464,116.14,0.0
655.0,2027,3,31,P,0.0020092694225735857,-0.18801399285401185,1280,0.24760504007306455,14.71,15.52,QQQ,put,2027-03-31,mid,short,740.745,-1411190.3634705746,1411190.3634705746,-11.575508440826464,15.115,0.0
655.0,2027,6,17,C,0.0017799314420736795,0.7902955338547492,2858,0.2643032487304335,128.01,130.32,QQQ,call,2027-06-17,mid,short,740.745,2791277.1262669265,2791277.1262669265,-11.575508440826464,129.165,0.0
655.0,2027,6,17,P,0.0017799314420736795,-0.20970446614525082,5113,0.2516727695490533,20.91,21.91,QQQ,put,2027-06-17,mid,short,740.745,-4993631.891743454,4993631.891743454,-11.575508440826464,21.41,0.0
655.0,2027,6,30,C,0.0017388969802626102,0.7864742413183605,26,0.2590580547928149,128.83,132.12,QQQ,call,2027-06-30,mid,short,740.745,24807.594742672023,24807.594742672023,-11.575508440826464,130.47500000000002,0.0
655.0,2027,6,30,P,0.0017388969802626102,-0.21352575868163942,314,0.2517409014282367,21.77,23.77,QQQ,put,2027-06-30,mid,short,740.745,-299599.4134307314,299599.4134307314,-11.575508440826464,22.77,0.0
655.0,2027,9,17,C,0.0015759020621908648,0.7778504706411473,2000,0.2637638754519634,140.27,143.68,QQQ,call,2027-09-17,mid,short,740.745,1729404.8670690625,1729404.8670690625,-11.575508440826464,141.97500000000002,0.0
655.0,2027,9,17,P,0.0015759020621908648,-0.22214952935885268,435,0.2525853199667318,26.66,28.36,QQQ,put,2027-09-17,mid,short,740.745,-376145.5585875212,376145.5585875212,-11.575508440826464,27.509999999999998,0.0
655.0,2027,12,17,C,0.001426381563411822,0.7724312041560557,232,0.2637355779455547,151.51,156.0,QQQ,call,2027-12-17,mid,short,740.745,181577.13487434568,181577.13487434568,-11.575508440826464,153.755,0.0
655.0,2027,12,17,P,0.001426381563411822,-0.2275687958439443,1198,0.25004216702598236,30.7,34.0,QQQ,put,2027-12-17,mid,short,740.745,-937626.7568080435,937626.7568080435,-11.575508440826464,32.35,0.0
655.0,2028,1,21,C,0.001377803630514245,0.7712675464416854,224,0.26184808342004534,155.13,159.0,QQQ,call,2028-01-21,mid,short,740.745,169345.1645912467,169345.1645912467,-11.575508440826464,157.065,0.0
655.0,2028,1,21,P,0.001377803630514245,-0.22873245355831465,131,0.2490795279282761,32.04,36.0,QQQ,put,2028-01-21,mid,short,740.745,-99036.68107791658,99036.68107791658,-11.575508440826464,34.019999999999996,0.0
655.0,2028,6,16,C,0.0012101336593019507,0.7694859763614665,83,0.26419330062210467,172.0,177.0,QQQ,call,2028-06-16,mid,short,740.745,55112.34501945709,55112.34501945709,-11.575508440826464,174.5,0.0
655.0,2028,6,16,P,0.0012101336593019507,-0.23051402363853352,314,0.24972841403594787,38.0,42.5,QQQ,put,2028-06-16,mid,short,740.745,-208497.30525433162,208497.30525433162,-11.575508440826464,40.25,0.0
655.0,2028,12,15,C,0.0010518465445576485,0.7704719809533401,55,0.2676712984144628,191.5,196.5,QQQ,call,2028-12-15,mid,short,740.745,31743.33346805093,31743.33346805093,-11.575508440826464,194.0,0.0
655.0,2028,12,15,P,0.0010518465445576485,-0.22952801904665984,222,0.25361850640783973,45.0,49.5,QQQ,put,2028-12-15,mid,short,740.745,-128127.63690740558,128127.63690740558,-11.575508440826464,47.25,0.0
655.0,2029,1,19,C,0.001028299701320159,0.7712341314434618,1,0.2666249139461737,194.5,199.5,QQQ,call,2029-01-19,mid,short,740.745,564.2312904256363,564.2312904256363,-11.575508440826464,197.0,0.0
655.0,2029,1,19,P,0.001028299701320159,-0.22876586855653822,0,0.25368862524880603,46.0,50.5,QQQ,put,2029-01-19,mid,short,740.745,-0.0,0.0,-11.575508440826464,48.25,0.0
656.0,2026,9,30,C,0.0007985334984455978,0.9872925694162406,12,0.5634723442504708,84.32,87.73,QQQ,call,2026-09-30,mid,short,740.745,5257.894199883005,5257.894199883005,-11.440509217072002,86.025,0.0
656.0,2026,9,30,P,0.0007985334984455978,-0.012707430583759463,102,0.3493355294691771,0.17,0.2,QQQ,put,2026-09-30,mid,short,740.745,-44692.10069900555,44692.10069900555,-11.440509217072002,0.185,0.0
656.0,2026,10,16,C,0.001698708058623707,0.9554584420851409,39,0.2277567744938036,86.82,90.01,QQQ,call,2026-10-16,mid,short,740.745,36351.372378095606,36351.372378095606,-11.440509217072002,88.41499999999999,0.0
656.0,2026,10,16,P,0.001698708058623707,-0.04454155791485918,1946,0.28436360442874387,1.02,1.06,QQQ,put,2026-10-16,mid,short,740.745,-1813840.2730198472,1813840.2730198472,-11.440509217072002,1.04,0.0
656.0,2026,10,30,C,0.0021086358364923756,0.9259579012339285,87,0.2874306200053268,90.28,91.03,QQQ,call,2026-10-30,mid,short,740.745,100660.31685654673,100660.31685654673,-11.440509217072002,90.655,0.0
656.0,2026,10,30,P,0.0021086358364923756,-0.07404209876607143,111,0.2736553797017401,2.25,2.31,QQQ,put,2026-10-30,mid,short,740.745,-128428.68012731826,128428.68012731826,-11.440509217072002,2.2800000000000002,0.0
656.0,2026,11,30,C,0.0023247396163632076,0.8837055540805758,0,0.26715338638285163,95.29,96.34,QQQ,call,2026-11-30,mid,short,740.745,0.0,0.0,-11.440509217072002,95.815,0.0
656.0,2026,11,30,P,0.0023247396163632076,-0.11629444591942419,47,0.2583373036629749,4.96,5.09,QQQ,put,2026-11-30,mid,short,740.745,-59952.82221917471,59952.82221917471,-11.440509217072002,5.025,0.0
657.0,2026,9,30,C,0.0008258354438941184,0.9868987896900339,5,0.5574365873538369,83.43,86.72,QQQ,call,2026-09-30,mid,short,740.745,2265.6925679808705,2265.6925679808705,-11.30550999331754,85.075,0.0
657.0,2026,9,30,P,0.0008258354438941184,-0.013101210309966149,224,0.3455387190406501,0.17,0.21,QQQ,put,2026-09-30,mid,short,740.745,-101503.02704554301,101503.02704554301,-11.30550999331754,0.19,0.0
657.0,2026,10,16,C,0.0017397016740510315,0.9544707836561019,19,0.2250229483970621,85.82,89.03,QQQ,call,2026-10-16,mid,short,740.745,18137.01614972743,18137.01614972743,-11.30550999331754,87.425,0.0
657.0,2026,10,16,P,0.0017397016740510315,-0.04552921634389803,670,0.28262025892395215,1.04,1.08,QQQ,put,2026-10-16,mid,short,740.745,-639568.4642272304,639568.4642272304,-11.30550999331754,1.06,0.0
657.0,2026,10,30,C,0.0021516105355166557,0.9244288288979101,2,0.28601016385530775,89.33,90.2,QQQ,call,2026-10-30,mid,short,740.745,2361.1909784460377,2361.1909784460377,-11.30550999331754,89.765,0.0
657.0,2026,10,30,P,0.0021516105355166557,-0.07557117110208991,66,0.2722687300454768,2.29,2.36,QQQ,put,2026-10-30,mid,short,740.745,-77919.30228871925,77919.30228871925,-11.30550999331754,2.325,0.0
657.0,2026,11,30,C,0.0023597727614048727,0.8818307828026083,1,0.26616484624819975,94.38,95.44,QQQ,call,2026-11-30,mid,short,740.745,1294.8147593249103,1294.8147593249103,-11.30550999331754,94.91,0.0
657.0,2026,11,30,P,0.0023597727614048727,-0.11816921719739171,10,0.2574093956530902,5.04,5.17,QQQ,put,2026-11-30,mid,short,740.745,-12948.147593249103,12948.147593249103,-11.30550999331754,5.105,0.0
658.0,2026,9,30,C,0.0008652355045145516,0.9862340304888375,5,0.5519991208493361,82.46,85.72,QQQ,call,2026-09-30,mid,short,740.745,2373.787255833911,2373.787255833911,-11.170510769563077,84.09,0.0
658.0,2026,9,30,P,0.0008652355045145516,-0.01376596951116249,136,0.34699017573199703,0.19,0.21,QQQ,put,2026-09-30,mid,short,740.745,-64567.013358682365,64567.013358682365,-11.170510769563077,0.2,0.0
658.0,2026,10,16,C,0.0017872159014295677,0.9531777216510438,15,0.22689810684445097,84.86,88.06,QQQ,call,2026-10-16,mid,short,740.745,14709.7650573788,14709.7650573788,-11.170510769563077,86.46000000000001,0.0
658.0,2026,10,16,P,0.0017872159014295677,-0.04682227834895628,495,0.2813836825889115,1.07,1.11,QQQ,put,2026-10-16,mid,short,740.745,-485422.2468935003,485422.2468935003,-11.170510769563077,1.09,0.0
658.0,2026,10,30,C,0.002196305556784859,0.9227844088872554,2,0.2845654145179885,88.38,89.24,QQQ,call,2026-10-30,mid,short,740.745,2410.239576813583,2410.239576813583,-11.170510769563077,88.81,0.0
658.0,2026,10,30,P,0.002196305556784859,-0.07721559111274462,86,0.27143213832920016,2.35,2.4,QQQ,put,2026-10-30,mid,short,740.745,-103640.30180298408,103640.30180298408,-11.170510769563077,2.375,0.0
658.0,2026,11,30,C,0.0023952336026456674,0.8799424802146593,0,0.26515652972328585,93.47,94.27,QQQ,call,2026-11-30,mid,short,740.745,0.0,0.0,-11.170510769563077,93.87,0.0
658.0,2026,11,30,P,0.0023952336026456674,-0.12005751978534075,13,0.25646032220744375,5.12,5.25,QQQ,put,2026-11-30,mid,short,740.745,-17085.539052316475,17085.539052316475,-11.170510769563077,5.1850000000000005,0.0
659.0,2026,9,22,C,0.00018549912383631546,0.9982769766418257,0,1.619289225184686,80.63,84.08,QQQ,call,2026-09-22,mid,short,740.745,0.0,0.0,-11.035511545808612,82.35499999999999,0.0
659.0,2026,9,22,P,0.00018549912383631546,-0.0017230233581743478,2,0.7427653102713704,0.01,0.02,QQQ,put,2026-09-22,mid,short,740.745,-203.56790900671896,203.56790900671896,-11.035511545808612,0.015,2.0
659.0,2026,9,30,C,0.0008825784300062942,0.986093899601804,42,0.5471487579961039,81.42,84.73,QQQ,call,2026-09-30,mid,short,740.745,20339.48990226152,20339.48990226152,-11.035511545808612,83.075,0.0
659.0,2026,9,30,P,0.0008825784300062942,-0.013906100398195993,108,0.34059798198284336,0.18,0.22,QQQ,put,2026-09-30,mid,short,740.745,-52301.5454629582,52301.5454629582,-11.035511545808612,0.2,0.0
659.0,2026,10,16,C,0.0018299408041676773,0.9521652283182243,30,0.2273656456518351,83.89,87.09,QQQ,call,2026-10-16,mid,short,740.745,30122.828782673703,30122.828782673703,-11.035511545808612,85.49000000000001,0.0
659.0,2026,10,16,P,0.0018299408041676773,-0.04783477168177578,346,0.2795775005278548,1.09,1.13,QQQ,put,2026-10-16,mid,short,740.745,-347416.6252935034,347416.6252935034,-11.035511545808612,1.1099999999999999,0.0
659.0,2026,10,30,C,0.002240645197314734,0.9212271431721819,4,0.28309675493391184,87.43,88.03,QQQ,call,2026-10-30,mid,short,740.745,4917.796356232833,4917.796356232833,-11.035511545808612,87.73,0.0
659.0,2026,10,30,P,0.002240645197314734,-0.07877285682781815,483,0.26998834599220894,2.39,2.45,QQQ,put,2026-10-30,mid,short,740.745,-593823.9100151145,593823.9100151145,-11.035511545808612,2.42,0.0
659.0,2026,11,30,C,0.0024314628974447866,0.8779137751121497,0,0.2641287004465275,92.56,93.61,QQQ,call,2026-11-30,mid,short,740.745,0.0,0.0,-11.035511545808612,93.08500000000001,0.0
659.0,2026,11,30,P,0.0024314628974447866,-0.12208622488785026,2,0.25564338957738875,5.21,5.34,QQQ,put,2026-11-30,mid,short,740.745,-2668.3027263083654,2668.3027263083654,-11.035511545808612,5.275,0.0
660.0,2026,9,22,C,0.00018964192708589657,0.9982576285407841,0,1.6031840557248442,79.62,83.08,QQQ,call,2026-09-22,mid,short,740.745,0.0,0.0,-10.900512322054148,81.35,2.0
660.0,2026,9,22,P,0.00018964192708589657,-0.00174237145921582,930,0.7339156026790005,0.01,0.02,QQQ,put,2026-09-22,mid,short,740.745,-96773.12505685877,96773.12505685877,-10.900512322054148,0.015,31.0
660.0,2026,9,23,C,0.00022947619875942656,0.9977843416536569,0,1.131646415733009,79.67,83.13,QQQ,call,2026-09-23,mid,short,740.745,0.0,0.0,-10.900512322054148,81.4,0.0
660.0,2026,9,23,P,0.00022947619875942656,-0.0022156583463430746,746,0.5194091427989969,0.01,0.03,QQQ,put,2026-09-23,mid,short,740.745,-93932.07843978125,93932.07843978125,-10.900512322054148,0.02,0.0
660.0,2026,9,24,C,0.0002985031621544717,0.9968997222052185,0,0.9233904490060545,79.73,83.19,QQQ,call,2026-09-24,mid,short,740.745,0.0,0.0,-10.900512322054148,81.46000000000001,0.0
660.0,2026,9,24,P,0.0002985031621544717,-0.003100277794781555,720,0.45185307911570227,0.02,0.04,QQQ,put,2026-09-24,mid,short,740.745,-117928.53133855041,117928.53133855041,-10.900512322054148,0.03,0.0
660.0,2026,9,25,C,0.0004357889917362284,0.9949133285125563,1,0.809759306748373,79.93,83.37,QQQ,call,2026-09-25,mid,short,740.745,239.11879469083217,239.11879469083217,-10.900512322054148,81.65,0.0
660.0,2026,9,25,P,0.0004357889917362284,-0.0050866714874436515,3218,0.42994491453846995,0.05,0.06,QQQ,put,2026-09-25,mid,short,740.745,-769484.2813150979,769484.2813150979,-10.900512322054148,0.055,0.0
660.0,2026,9,28,C,0.0005625362818752068,0.9927989811171499,0,0.4545124075223687,80.04,81.81,QQQ,call,2026-09-28,mid,short,740.745,0.0,0.0,-10.900512322054148,80.92500000000001,0.0
660.0,2026,9,28,P,0.0005625362818752068,-0.0072010188828500275,486,0.33840848741117235,0.07,0.1,QQQ,put,2026-09-28,mid,short,740.745,-150011.40028294592,150011.40028294592,-10.900512322054148,0.085,0.0
660.0,2026,9,29,C,0.000715323839349598,0.9899326675102159,0,0.5705634050405657,80.15,83.6,QQQ,call,2026-09-29,mid,short,740.745,0.0,0.0,-10.900512322054148,81.875,0.0
660.0,2026,9,29,P,0.000715323839349598,-0.010067332489784059,233,0.33455123860282926,0.11,0.15,QQQ,put,2026-09-29,mid,short,740.745,-91452.60427116291,91452.60427116291,-10.900512322054148,0.13,0.0
660.0,2026,9,30,C,0.0009120858349345848,0.98568234306593,1333,0.5422893871887701,80.5,83.74,QQQ,call,2026-09-30,mid,short,740.745,667119.0122511967,667119.0122511967,-10.900512322054148,82.12,0.0
660.0,2026,9,30,P,0.0009120858349345848,-0.014317656934070075,9235,0.3393113593640264,0.19,0.22,QQQ,put,2026-09-30,mid,short,740.745,-4621788.505731283,4621788.505731283,-10.900512322054148,0.20500000000000002,0.0
660.0,2026,10,1,C,0.001027767919883912,0.9828550757054296,0,0.5207192132293288,80.49,83.92,QQQ,call,2026-10-01,mid,short,740.745,0.0,0.0,-10.900512322054148,82.205,0.0
660.0,2026,10,1,P,0.001027767919883912,-0.017144924294570374,41,0.3330598651832531,0.24,0.28,QQQ,put,2026-10-01,mid,short,740.745,-23121.51951122514,23121.51951122514,-10.900512322054148,0.26,0.0
660.0,2026,10,2,C,0.0011692008422830287,0.9790466454216763,83,0.5088455190312698,80.8,84.23,QQQ,call,2026-10-02,mid,short,740.745,53248.16785454258,53248.16785454258,-10.900512322054148,82.515,0.0
660.0,2026,10,2,P,0.0011692008422830287,-0.020953354578323723,1938,0.3334353187315052,0.33,0.35,QQQ,put,2026-10-02,mid,short,740.745,-1243312.6421940182,1243312.6421940182,-10.900512322054148,0.33999999999999997,0.0
660.0,2026,10,5,C,0.0012557814960992128,0.9764174309508136,0,0.47526408310141305,80.96,85.0,QQQ,call,2026-10-05,mid,short,740.745,0.0,0.0,-10.900512322054148,82.97999999999999,0.0
660.0,2026,10,5,P,0.0012557814960992128,-0.02358256904918638,0,0.3029476779100655,0.38,0.42,QQQ,put,2026-10-05,mid,short,740.745,-0.0,0.0,-10.900512322054148,0.4,0.0
660.0,2026,10,9,C,0.00155918348434594,0.965844005993416,116,0.42389330796116764,81.76,85.39,QQQ,call,2026-10-09,mid,short,740.745,99241.35206632486,99241.35206632486,-10.900512322054148,83.575,0.0
660.0,2026,10,9,P,0.00155918348434594,-0.034155994006583985,2353,0.29366959331745174,0.65,0.69,QQQ,put,2026-10-09,mid,short,740.745,-2013059.4949315721,2013059.4949315721,-10.900512322054148,0.6699999999999999,0.0
660.0,2026,10,16,C,0.0018763724753358144,0.9509933807332351,1149,0.28273325386323156,83.76,86.11,QQQ,call,2026-10-16,mid,short,740.745,1182977.6503044362,1182977.6503044362,-10.900512322054148,84.935,0.0
660.0,2026,10,16,P,0.0018763724753358144,-0.04900661926676487,34918,0.2782587341515827,1.12,1.15,QQQ,put,2026-10-16,mid,short,740.745,-35950577.53988712,35950577.53988712,-10.900512322054148,1.135,0.0
660.0,2026,10,23,C,0.0020990874189608082,0.9365953237956712,52,0.24183571232316922,84.06,87.18,QQQ,call,2026-10-23,mid,short,740.745,59892.34625176813,59892.34625176813,-10.900512322054148,85.62,0.0
660.0,2026,10,23,P,0.0020990874189608082,-0.06340467620432878,861,0.26884619192856574,1.65,1.72,QQQ,put,2026-10-23,mid,short,740.745,-991679.0408225454,991679.0408225454,-10.900512322054148,1.685,0.0
660.0,2026,10,30,C,0.0022847268711160035,0.9197556434414069,97,0.28160454680172037,86.48,87.23,QQQ,call,2026-10-30,mid,short,740.745,121602.77372751955,121602.77372751955,-10.900512322054148,86.855,0.0
660.0,2026,10,30,P,0.0022847268711160035,-0.08024435655859313,7340,0.26879939104341705,2.44,2.48,QQQ,put,2026-10-30,mid,short,740.745,-9201694.42432983,9201694.42432983,-10.900512322054148,2.46,0.0
660.0,2026,11,20,C,0.0024663114772506688,0.8843691740016187,344,0.27096441190454296,90.22,90.9,QQQ,call,2026-11-20,mid,short,740.745,465525.87376158277,465525.87376158277,-10.900512322054148,90.56,0.0
660.0,2026,11,20,P,0.0024663114772506688,-0.11563082599838123,14032,0.2621242971349847,4.62,4.72,QQQ,put,2026-11-20,mid,short,740.745,-18989125.176228285,18989125.176228285,-10.900512322054148,4.67,0.0
660.0,2026,11,30,C,0.002467795895008567,0.8759976683710686,6,0.26308160861198565,91.65,92.45,QQQ,call,2026-11-30,mid,short,740.745,8124.524361293666,8124.524361293666,-10.900512322054148,92.05000000000001,0.0
660.0,2026,11,30,P,0.002467795895008567,-0.12400233162893137,194,0.25465125788267806,5.29,5.42,QQQ,put,2026-11-30,mid,short,740.745,-262692.9543484952,262692.9543484952,-10.900512322054148,5.355,0.0
660.0,2026,12,18,C,0.0024487211963305044,0.8552126444881649,14372,0.2622432851107696,94.96,95.97,QQQ,call,2026-12-18,mid,short,740.745,19310521.676031534,19310521.676031534,-10.900512322054148,95.465,0.0
660.0,2026,12,18,P,0.0024487211963305044,-0.14478735551183508,201552,0.25511174540873344,7.28,7.36,QQQ,put,2026-12-18,mid,short,740.745,-270809509.1043353,270809509.1043353,-10.900512322054148,7.32,0.0
660.0,2026,12,31,C,0.0024128652891878496,0.8454547390310496,2342,0.25179001650152877,96.36,97.5,QQQ,call,2026-12-31,mid,short,740.745,3100683.398170432,3100683.398170432,-10.900512322054148,96.93,0.0
660.0,2026,12,31,P,0.0024128652891878496,-0.15454526096895035,3139,0.251496385340461,8.32,8.58,QQQ,put,2026-12-31,mid,short,740.745,-4155868.9952420937,4155868.9952420937,-10.900512322054148,8.45,0.0
660.0,2027,1,15,C,0.002362997499534713,0.8354088305727692,6774,0.2578041836205728,99.56,100.41,QQQ,call,2027-01-15,mid,short,740.745,8783061.257747922,8783061.257747922,-10.900512322054148,99.985,0.0
660.0,2027,1,15,P,0.002362997499534713,-0.16459116942723087,13721,0.2501937910248491,9.68,9.87,QQQ,put,2027-01-15,mid,short,740.745,-17790431.579208627,17790431.579208627,-10.900512322054148,9.774999999999999,0.0
660.0,2027,2,19,C,0.002237089731570258,0.8176858728120574,168,0.254234286439379,105.02,107.73,QQQ,call,2027-02-19,mid,short,740.745,206219.696556154,206219.696556154,-10.900512322054148,106.375,0.0
660.0,2027,2,19,P,0.002237089731570258,-0.1823141271879426,4414,0.24706055832661514,12.53,12.8,QQQ,put,2027-02-19,mid,short,740.745,-5418177.02737419,5418177.02737419,-10.900512322054148,12.665,0.0
660.0,2027,3,19,C,0.0021326652021043807,0.8059182231830382,2018,0.25635014079130897,109.77,112.6,QQQ,call,2027-03-19,mid,short,740.745,2361463.8522635265,2361463.8522635265,-10.900512322054148,111.185,0.0
660.0,2027,3,19,P,0.0021326652021043807,-0.19408177681696182,9024,0.24762566931543228,14.95,15.2,QQQ,put,2027-03-19,mid,short,740.745,-10559885.928060487,10559885.928060487,-10.900512322054148,15.075,0.0
660.0,2027,3,31,C,0.0020914773812653496,0.8020821098002306,446,0.24772617270041344,110.34,113.82,QQQ,call,2027-03-31,mid,short,740.745,511829.7060426201,511829.7060426201,-10.900512322054148,112.08,0.0
660.0,2027,3,31,P,0.0020914773812653496,-0.1979178901997693,515,0.24601837517156644,15.67,16.33,QQQ,put,2027-03-31,mid,short,740.745,-591014.1224483169,591014.1224483169,-10.900512322054148,16.0,0.0
660.0,2027,6,17,C,0.001837949606376156,0.7814528575293739,2805,0.2618282577591759,124.11,126.44,QQQ,call,2027-06-17,mid,short,740.745,2828810.9375665286,2828810.9375665286,-10.900512322054148,125.275,0.0
660.0,2027,6,17,P,0.001837949606376156,-0.2185471424706261,22784,0.2496744868689159,21.9,22.91,QQQ,put,2027-06-17,mid,short,740.745,-22977407.629773892,22977407.629773892,-10.900512322054148,22.405,0.0
660.0,2027,6,30,C,0.0017931520051532905,0.7777873062885665,24,0.2568436274440912,124.97,128.28,QQQ,call,2027-06-30,mid,short,740.745,23613.795904008373,23613.795904008373,-10.900512322054148,126.625,0.0
660.0,2027,6,30,P,0.0017931520051532905,-0.22221269371143343,3169,0.2497559255115687,22.77,24.82,QQQ,put,2027-06-30,mid,short,740.745,-3118004.967491772,3118004.967491772,-10.900512322054148,23.795,0.0
660.0,2027,9,17,C,0.0016183809955663574,0.7698370523346225,2265,0.2639807655785672,137.04,140.5,QQQ,call,2027-09-17,mid,short,740.745,2011344.3675489582,2011344.3675489582,-10.900512322054148,138.76999999999998,0.0
660.0,2027,9,17,P,0.0016183809955663574,-0.23016294766537743,1502,0.250915973001344,27.76,29.49,QQQ,put,2027-09-17,mid,short,740.745,-1333792.158966241,1333792.158966241,-10.900512322054148,28.625,0.0
660.0,2027,12,17,C,0.0014572211583617268,0.7646808033821761,994,0.2619272058381297,147.88,152.0,QQQ,call,2027-12-17,mid,short,740.745,794784.3560792911,794784.3560792911,-10.900512322054148,149.94,0.0
660.0,2027,12,17,P,0.0014572211583617268,-0.23531919661782383,2061,0.24871604438787032,31.89,35.57,QQQ,put,2027-12-17,mid,short,740.745,-1647938.1870014274,1647938.1870014274,-10.900512322054148,33.730000000000004,0.0
660.0,2028,1,21,C,0.001407248541742388,0.7638851933046183,299,0.26011505577080146,151.53,155.5,QQQ,call,2028-01-21,mid,short,740.745,230876.35271275524,230876.35271275524,-10.900512322054148,153.515,0.0
660.0,2028,1,21,P,0.001407248541742388,-0.23611480669538165,535,0.247713528837022,33.22,37.5,QQQ,put,2028-01-21,mid,short,740.745,-413106.51739573263,413106.51739573263,-10.900512322054148,35.36,0.0
660.0,2028,6,16,C,0.001234408888124026,0.7631853457960144,342,0.2641983019909712,169.0,173.5,QQQ,call,2028-06-16,mid,short,740.745,231644.8256145579,231644.8256145579,-10.900512322054148,171.25,0.0
660.0,2028,6,16,P,0.001234408888124026,-0.2368146542039856,1759,0.24774642544784406,39.0,44.0,QQQ,put,2028-06-16,mid,short,740.745,-1191413.0065965129,1191413.0065965129,-10.900512322054148,41.5,0.0
660.0,2028,12,15,C,0.0010708716677787966,0.7649970952067517,293,0.2658097346387473,188.0,193.0,QQQ,call,2028-12-15,mid,short,740.745,172164.06418197305,172164.06418197305,-10.900512322054148,190.5,0.0
660.0,2028,12,15,P,0.0010708716677787966,-0.2350029047932483,322,0.2517192474095762,46.0,51.0,QQQ,put,2028-12-15,mid,short,740.745,-189204.19340134916,189204.19340134916,-10.900512322054148,48.5,0.0
660.0,2029,1,19,C,0.0010466154426887113,0.7658790682429071,3,0.2661843454266145,191.5,196.0,QQQ,call,2029-01-19,mid,short,740.745,1722.843586503549,1722.843586503549,-10.900512322054148,193.75,0.0
660.0,2029,1,19,P,0.0010466154426887113,-0.23412093175709298,0,0.25181510625036085,47.0,52.0,QQQ,put,2029-01-19,mid,short,740.745,-0.0,0.0,-10.900512322054148,49.5,0.0
661.0,2026,9,22,C,0.00019392532488276783,0.9982378431800016,0,1.587074968019638,78.63,82.08,QQQ,call,2026-09-22,mid,short,740.745,0.0,0.0,-10.765513098299685,80.35499999999999,0.0
661.0,2026,9,22,P,0.00019392532488276783,-0.0017621568199983893,4,0.7250718647171726,0.01,0.02,QQQ,put,2026-09-22,mid,short,740.745,-425.62975040969144,425.62975040969144,-10.765513098299685,0.015,4.0
661.0,2026,9,23,C,0.00023461776862626906,0.9977593657923498,0,1.116503709914943,78.67,82.1,QQQ,call,2026-09-23,mid,short,740.745,0.0,0.0,-10.765513098299685,80.38499999999999,0.0
661.0,2026,9,23,P,0.00023461776862626906,-0.0022406342076501835,175,0.5131560587170257,0.01,0.03,QQQ,put,2026-09-23,mid,short,740.745,-22528.714227277873,22528.714227277873,-10.765513098299685,0.02,0.0
661.0,2026,9,28,C,0.000574522554251936,0.9927214109124454,0,0.6001986317976525,79.08,82.48,QQQ,call,2026-09-28,mid,short,740.745,0.0,0.0,-10.765513098299685,80.78,0.0
661.0,2026,9,28,P,0.000574522554251936,-0.007278589087554635,71,0.334477234152568,0.07,0.1,QQQ,put,2026-09-28,mid,short,740.745,-22382.20600872519,22382.20600872519,-10.765513098299685,0.085,0.0
661.0,2026,9,29,C,0.0007456553876165465,0.9895211856940387,0,0.565440590591431,79.16,82.61,QQQ,call,2026-09-29,mid,short,740.745,0.0,0.0,-10.765513098299685,80.88499999999999,0.0
661.0,2026,9,29,P,0.0007456553876165465,-0.010478814305961351,191,0.33437525789633044,0.12,0.15,QQQ,put,2026-09-29,mid,short,740.745,-78146.40157559839,78146.40157559839,-10.765513098299685,0.135,0.0
661.0,2026,9,30,C,0.0009423972737877731,0.9852644029461136,1,0.5368431940096026,79.35,82.74,QQQ,call,2026-09-30,mid,short,740.745,517.0963574143099,517.0963574143099,-10.765513098299685,81.04499999999999,0.0
661.0,2026,9,30,P,0.0009423972737877731,-0.014735597053886365,158,0.33547370102647367,0.19,0.23,QQQ,put,2026-09-30,mid,short,740.745,-81701.22447146096,81701.22447146096,-10.765513098299685,0.21000000000000002,0.0
661.0,2026,10,16,C,0.0019237294444833823,0.9498081615903142,15,0.22775470463989608,81.95,85.14,QQQ,call,2026-10-16,mid,short,740.745,15833.346234037837,15833.346234037837,-10.765513098299685,83.545,0.0
661.0,2026,10,16,P,0.0019237294444833823,-0.05019183840968579,696,0.27639295756911203,1.14,1.18,QQQ,put,2026-10-16,mid,short,740.745,-734667.2652593557,734667.2652593557,-10.765513098299685,1.16,0.0
661.0,2026,10,30,C,0.0023315572991543343,0.918067017062421,8,0.2803418361949098,85.54,86.39,QQQ,call,2026-10-30,mid,short,740.745,10234.662769340408,10234.662769340408,-10.765513098299685,85.965,0.0
661.0,2026,10,30,P,0.0023315572991543343,-0.08193298293757899,90,0.26703018487759944,2.47,2.55,QQQ,put,2026-10-30,mid,short,740.745,-115139.95615507959,115139.95615507959,-10.765513098299685,2.51,0.0
661.0,2026,11,30,C,0.0025048709371069833,0.8739415639423983,0,0.26215954110218376,90.75,91.54,QQQ,call,2026-11-30,mid,short,740.745,0.0,0.0,-10.765513098299685,91.14500000000001,0.0
661.0,2026,11,30,P,0.0025048709371069833,-0.1260584360576017,25,0.2537884740412543,5.38,5.51,QQQ,put,2026-11-30,mid,short,740.745,-34360.764653025755,34360.764653025755,-10.765513098299685,5.445,0.0
662.0,2026,9,22,C,0.0001983558714104536,0.9982176050491776,0,1.5709614761305253,77.63,81.08,QQQ,call,2026-09-22,mid,short,740.745,0.0,0.0,-10.630513874545223,79.35499999999999,0.0
662.0,2026,9,22,P,0.0001983558714104536,-0.0017823949508224462,0,0.7162339603233095,0.01,0.02,QQQ,put,2026-09-22,mid,short,740.745,-0.0,0.0,-10.630513874545223,0.015,0.0
662.0,2026,9,23,C,0.0002399347946973411,0.9977338215822025,0,1.1088743519037383,77.65,81.13,QQQ,call,2026-09-23,mid,short,740.745,0.0,0.0,-10.630513874545223,79.39,0.0
662.0,2026,9,23,P,0.0002399347946973411,-0.0022661784177974917,542,0.506907105694305,0.01,0.03,QQQ,put,2026-09-23,mid,short,740.745,-71355.91453708304,71355.91453708304,-10.630513874545223,0.02,0.0
662.0,2026,9,28,C,0.0005869011216317986,0.9926421363481548,0,0.5947502623410504,78.04,81.49,QQQ,call,2026-09-28,mid,short,740.745,0.0,0.0,-10.630513874545223,79.765,0.0
662.0,2026,9,28,P,0.0005869011216317986,-0.007357863651845238,112,0.33054768716037236,0.07,0.1,QQQ,put,2026-09-28,mid,short,740.745,-36067.863678232876,36067.863678232876,-10.630513874545223,0.085,0.0
662.0,2026,9,29,C,0.0007613992788730462,0.9894090993560025,0,0.5596920309697533,78.18,81.61,QQQ,call,2026-09-29,mid,short,740.745,0.0,0.0,-10.630513874545223,79.89500000000001,0.0
662.0,2026,9,29,P,0.0007613992788730462,-0.010590900643997425,313,0.3304991675816343,0.12,0.15,QQQ,put,2026-09-29,mid,short,740.745,-130765.8243905883,130765.8243905883,-10.630513874545223,0.135,0.0
662.0,2026,9,30,C,0.000985066102703774,0.9845716218478076,58,0.5319702080986735,78.39,81.75,QQQ,call,2026-09-30,mid,short,740.745,31349.514950781006,31349.514950781006,-10.630513874545223,80.07,0.0
662.0,2026,9,30,P,0.000985066102703774,-0.015428378152192411,143,0.33403633051861964,0.2,0.24,QQQ,put,2026-09-30,mid,short,740.745,-77292.76962002904,77292.76962002904,-10.630513874545223,0.22,0.0
662.0,2026,10,16,C,0.0019693428999447322,0.9487550540019536,8,0.22682301387279732,80.97,84.17,QQQ,call,2026-10-16,mid,short,740.745,8644.677300206058,8644.677300206058,-10.630513874545223,82.57,0.0
662.0,2026,10,16,P,0.0019693428999447322,-0.051244945998046354,1817,0.2745026333173023,1.16,1.2,QQQ,put,2026-10-16,mid,short,740.745,-1963422.3318093014,1963422.3318093014,-10.630513874545223,1.18,0.0
662.0,2026,10,30,C,0.0023800710447711266,0.9162628692136836,1,0.2788002880846305,84.59,85.33,QQQ,call,2026-10-30,mid,short,740.745,1305.952491449565,1305.952491449565,-10.630513874545223,84.96000000000001,0.0
662.0,2026,10,30,P,0.0023800710447711266,-0.08373713078631641,217,0.2660577585529168,2.53,2.6,QQQ,put,2026-10-30,mid,short,740.745,-283391.6906445556,283391.6906445556,-10.630513874545223,2.565,0.0
662.0,2026,11,30,C,0.0025423772240043747,0.871871395038864,0,0.2612157017001139,89.85,90.63,QQQ,call,2026-11-30,mid,short,740.745,0.0,0.0,-10.630513874545223,90.24,0.0
662.0,2026,11,30,P,0.0025423772240043747,-0.128128604961136,518,0.25290244801823697,5.47,5.6,QQQ,put,2026-11-30,mid,short,740.745,-722615.389310799,722615.389310799,-10.630513874545223,5.535,0.0
663.0,2026,9,22,C,0.0002029405128401776,0.9981968978837871,0,1.5548430817683319,76.63,80.08,QQQ,call,2026-09-22,mid,short,740.745,0.0,0.0,-10.495514650790758,78.35499999999999,0.0
663.0,2026,9,22,P,0.0002029405128401776,-0.0018031021162128852,0,0.7074017506607813,0.01,0.02,QQQ,put,2026-09-22,mid,short,740.745,-0.0,0.0,-10.495514650790758,0.015,20.0
663.0,2026,9,23,C,0.0002454355127317161,0.9977076886967923,0,1.0937755575363213,76.65,80.1,QQQ,call,2026-09-23,mid,short,740.745,0.0,0.0,-10.495514650790758,78.375,0.0
663.0,2026,9,23,P,0.0002454355127317161,-0.0022923113032077285,266,0.5006621857680613,0.01,0.03,QQQ,put,2026-09-23,mid,short,740.745,-35822.549890824936,35822.549890824936,-10.495514650790758,0.02,0.0
663.0,2026,9,28,C,0.0006198712171151392,0.9922151355657048,0,0.5688402787545003,77.06,80.2,QQQ,call,2026-09-28,mid,short,740.745,0.0,0.0,-10.495514650790758,78.63,0.0
663.0,2026,9,28,P,0.0006198712171151392,-0.00778486443429512,40,0.3318027593322263,0.08,0.1,QQQ,put,2026-09-28,mid,short,740.745,-13605.011701610545,13605.011701610545,-10.495514650790758,0.09,0.0
663.0,2026,9,29,C,0.0007932864051479241,0.9889865280446315,0,0.5545540419447503,77.21,80.62,QQQ,call,2026-09-29,mid,short,740.745,0.0,0.0,-10.495514650790758,78.91499999999999,0.0
663.0,2026,9,29,P,0.0007932864051479241,-0.011013471955368519,42,0.32662436567575825,0.12,0.16,QQQ,put,2026-09-29,mid,short,740.745,-18281.70764041047,18281.70764041047,-10.495514650790758,0.14,0.0
663.0,2026,9,30,C,0.001005582592186894,0.9844083967219878,5,0.5270877550757255,77.52,80.76,QQQ,call,2026-09-30,mid,short,740.745,2758.8317048558333,2758.8317048558333,-10.495514650790758,79.14,0.0
663.0,2026,9,30,P,0.001005582592186894,-0.015591603278012234,125,0.33017892999761794,0.2,0.24,QQQ,put,2026-09-30,mid,short,740.745,-68970.79262139584,68970.79262139584,-10.495514650790758,0.22,0.0
663.0,2026,10,16,C,0.0020213789118249366,0.9473955616587082,12,0.22837922600004426,80.02,83.2,QQQ,call,2026-10-16,mid,short,740.745,13309.643837032127,13309.643837032127,-10.495514650790758,81.61,0.0
663.0,2026,10,16,P,0.0020213789118249366,-0.05260443834129182,700,0.2730739088675938,1.19,1.23,QQQ,put,2026-10-16,mid,short,740.745,-776395.8904935408,776395.8904935408,-10.495514650790758,1.21,0.0
663.0,2026,10,30,C,0.0024283914174163604,0.9145430732057812,0,0.2774821579366471,83.65,84.5,QQQ,call,2026-10-30,mid,short,740.745,0.0,0.0,-10.495514650790758,84.075,0.0
663.0,2026,10,30,P,0.0024283914174163604,-0.0854569267942188,207,0.2647804017593752,2.58,2.65,QQQ,put,2026-10-30,mid,short,740.745,-275820.46870100166,275820.46870100166,-10.495514650790758,2.615,0.0
663.0,2026,11,30,C,0.002580330530296978,0.8697866571371304,0,0.26025039761888213,88.95,89.99,QQQ,call,2026-11-30,mid,short,740.745,0.0,0.0,-10.495514650790758,89.47,0.0
663.0,2026,11,30,P,0.002580330530296978,-0.13021334286286954,97,0.251993552188314,5.56,5.69,QQQ,put,2026-11-30,mid,short,740.745,-137336.04378918442,137336.04378918442,-10.495514650790758,5.625,0.0
664.0,2026,9,22,C,0.0002076866161067306,0.9981757046182408,0,1.5387192737492237,75.63,79.08,QQQ,call,2026-09-22,mid,short,740.745,0.0,0.0,-10.360515427036294,77.35499999999999,0.0
664.0,2026,9,22,P,0.0002076866161067306,-0.001824295381759166,3,0.6985750941712565,0.01,0.02,QQQ,put,2026-09-22,mid,short,740.745,-341.87490454268715,341.87490454268715,-10.360515427036294,0.015,4.0
664.0,2026,9,23,C,0.0002511286549769812,0.9976809458112907,0,1.082406365109856,75.65,79.1,QQQ,call,2026-09-23,mid,short,740.745,0.0,0.0,-10.360515427036294,77.375,0.0
664.0,2026,9,23,P,0.0002511286549769812,-0.0023190541887092558,339,0.4944211990073047,0.01,0.03,QQQ,put,2026-09-23,mid,short,740.745,-46712.533917735396,46712.533917735396,-10.360515427036294,0.02,0.0
664.0,2026,9,28,C,0.0006534889151353057,0.991783709242971,0,0.5831652731865997,76.07,79.5,QQQ,call,2026-09-28,mid,short,740.745,0.0,0.0,-10.360515427036294,77.785,0.0
664.0,2026,9,28,P,0.0006534889151353057,-0.008216290757028994,31,0.3278256970538152,0.08,0.11,QQQ,put,2026-09-28,mid,short,740.745,-11115.714314766808,11115.714314766808,-10.360515427036294,0.095,0.0
664.0,2026,9,29,C,0.000825992989229387,0.9885579911747951,0,0.548799218939291,76.19,79.62,QQQ,call,2026-09-29,mid,short,740.745,0.0,0.0,-10.360515427036294,77.905,0.0
664.0,2026,9,29,P,0.000825992989229387,-0.01144200882520489,138,0.3261172800881695,0.13,0.16,QQQ,put,2026-09-29,mid,short,740.745,-62545.044372179975,62545.044372179975,-10.360515427036294,0.14500000000000002,0.0
664.0,2026,9,30,C,0.0010501381064800827,0.9836998071792206,56,0.5221956786127282,76.36,79.77,QQQ,call,2026-09-30,mid,short,740.745,32267.98916530564,32267.98916530564,-10.360515427036294,78.065,0.0
664.0,2026,9,30,P,0.0010501381064800827,-0.01630019282077942,171,0.3286016966218974,0.21,0.25,QQQ,put,2026-09-30,mid,short,740.745,-98532.60977262974,98532.60977262974,-10.360515427036294,0.22999999999999998,0.0
664.0,2026,10,16,C,0.002074392410414178,0.9460216306830069,37,0.22642664588181144,79.03,82.23,QQQ,call,2026-10-16,mid,short,740.745,42114.34943310444,42114.34943310444,-10.360515427036294,80.63,0.0
664.0,2026,10,16,P,0.002074392410414178,-0.05397836931699307,2274,0.2716035754725895,1.22,1.26,QQQ,put,2026-10-16,mid,short,740.745,-2588325.1516453917,2588325.1516453917,-10.360515427036294,1.24,0.0
664.0,2026,10,30,C,0.0024784021658107265,0.9127073274721426,7,0.2761352701073922,82.71,83.56,QQQ,call,2026-10-30,mid,short,740.745,9519.34961460797,9519.34961460797,-10.360515427036294,83.13499999999999,0.0
664.0,2026,10,30,P,0.0024784021658107265,-0.08729267252785745,92,0.2637350909800062,2.64,2.7,QQQ,put,2026-10-30,mid,short,740.745,-125111.45207770479,125111.45207770479,-10.360515427036294,2.67,0.0
664.0,2026,11,30,C,0.0026189272026119837,0.8675639920063031,0,0.25926391986487374,88.05,88.83,QQQ,call,2026-11-30,mid,short,740.745,0.0,0.0,-10.360515427036294,88.44,0.0
664.0,2026,11,30,P,0.0026189272026119837,-0.1324360079936969,24,0.25106213896197455,5.65,5.8,QQQ,put,2026-11-30,mid,short,740.745,-34488.32685249583,34488.32685249583,-10.360515427036294,5.725,0.0
665.0,2026,9,22,C,0.00021260200022078871,0.998154007335258,0,1.5157213095538657,74.62,78.04,QQQ,call,2026-09-22,mid,short,740.745,0.0,0.0,-10.225516203281831,76.33000000000001,7.0
665.0,2026,9,22,P,0.00021260200022078871,-0.0018459926647419406,634,0.6897538463624354,0.01,0.02,QQQ,put,2026-09-22,mid,short,740.745,-73959.51617317979,73959.51617317979,-10.225516203281831,0.015,48.0
665.0,2026,9,23,C,0.0002570234868214892,0.9976535705411056,0,1.0710332755501717,74.65,78.1,QQQ,call,2026-09-23,mid,short,740.745,0.0,0.0,-10.225516203281831,76.375,0.0
665.0,2026,9,23,P,0.0002570234868214892,-0.002346429458894413,524,0.48818404342751437,0.01,0.03,QQQ,put,2026-09-23,mid,short,740.745,-73899.50942246629,73899.50942246629,-10.225516203281831,0.02,0.0
665.0,2026,9,24,C,0.0003682560904869358,0.9962752545158687,0,0.8728807883695855,74.74,78.15,QQQ,call,2026-09-24,mid,short,740.745,0.0,0.0,-10.225516203281831,76.445,0.0
665.0,2026,9,24,P,0.0003682560904869358,-0.0037247454841312097,849,0.42495783024699363,0.02,0.05,QQQ,put,2026-09-24,mid,short,740.745,-171551.72362254316,171551.72362254316,-10.225516203281831,0.035,0.0
665.0,2026,9,25,C,0.000486378321454017,0.9946218667182753,1,0.7699710651574054,74.98,78.38,QQQ,call,2026-09-25,mid,short,740.745,266.87731951758275,266.87731951758275,-10.225516203281831,76.68,0.0
665.0,2026,9,25,P,0.000486378321454017,-0.005378133281724658,37639,0.40475707186553533,0.05,0.06,QQQ,put,2026-09-25,mid,short,740.745,-10044995.429322297,10044995.429322297,-10.225516203281831,0.055,0.0
665.0,2026,9,28,C,0.0006679952550429299,0.9916914954007482,0,0.5770383761182589,75.05,78.5,QQQ,call,2026-09-28,mid,short,740.745,0.0,0.0,-10.225516203281831,76.775,0.0
665.0,2026,9,28,P,0.0006679952550429299,-0.008308504599251856,219,0.32385004739222056,0.08,0.11,QQQ,put,2026-09-28,mid,short,740.745,-80270.31177244896,80270.31177244896,-10.225516203281831,0.095,0.0
665.0,2026,9,29,C,0.0008595652480029038,0.9881231955055026,0,0.5436453371656846,75.17,78.63,QQQ,call,2026-09-29,mid,short,740.745,0.0,0.0,-10.225516203281831,76.9,0.0
665.0,2026,9,29,P,0.0008595652480029038,-0.011876804494497392,514,0.3222125639903453,0.13,0.17,QQQ,put,2026-09-29,mid,short,740.745,-242426.12805392648,242426.12805392648,-10.225516203281831,0.15000000000000002,0.0
665.0,2026,9,30,C,0.001084104748652347,0.9832528471295456,716,0.5167342717719516,75.38,78.77,QQQ,call,2026-09-30,mid,short,740.745,425913.81430959917,425913.81430959917,-10.225516203281831,77.07499999999999,0.0
665.0,2026,9,30,P,0.001084104748652347,-0.016747152870454328,5821,0.3269137456080578,0.22,0.25,QQQ,put,2026-09-30,mid,short,740.745,-3462631.7222013646,3462631.7222013646,-10.225516203281831,0.235,0.0
665.0,2026,10,1,C,0.0012201803110453908,0.979888615807652,0,0.49675214995763045,75.54,78.96,QQQ,call,2026-10-01,mid,short,740.745,0.0,0.0,-10.225516203281831,77.25,0.0
665.0,2026,10,1,P,0.0012201803110453908,-0.020111384192348043,60,0.3217410141542729,0.28,0.32,QQQ,put,2026-10-01,mid,short,740.745,-40171.00718219951,40171.00718219951,-10.225516203281831,0.30000000000000004,0.0
665.0,2026,10,2,C,0.0013607973862585908,0.9760516688089944,19,0.4850395392614921,75.86,79.26,QQQ,call,2026-10-02,mid,short,740.745,14186.802564607386,14186.802564607386,-10.225516203281831,77.56,0.0
665.0,2026,10,2,P,0.0013607973862585908,-0.023948331191005593,5333,0.3193526791439189,0.36,0.4,QQQ,put,2026-10-02,mid,short,740.745,-3982011.477739536,3982011.477739536,-10.225516203281831,0.38,0.0
665.0,2026,10,5,C,0.001461229628690672,0.9729575344240147,0,0.44135215647332304,76.02,79.73,QQQ,call,2026-10-05,mid,short,740.745,0.0,0.0,-10.225516203281831,77.875,0.0
665.0,2026,10,5,P,0.001461229628690672,-0.02704246557598535,0,0.29218408690464553,0.43,0.47,QQQ,put,2026-10-05,mid,short,740.745,-0.0,0.0,-10.225516203281831,0.44999999999999996,0.0
665.0,2026,10,9,C,0.0017914070932581912,0.961167695014264,14,0.4063818354718774,76.86,80.48,QQQ,call,2026-10-09,mid,short,740.745,13761.310136069074,13761.310136069074,-10.225516203281831,78.67,0.0
665.0,2026,10,9,P,0.0017914070932581912,-0.038832304985735984,1715,0.2840094912480484,0.73,0.77,QQQ,put,2026-10-09,mid,short,740.745,-1685760.4916684618,1685760.4916684618,-10.225516203281831,0.75,0.0
665.0,2026,10,16,C,0.002125832609951707,0.9447777875545699,491,0.2268284374592486,78.07,81.26,QQQ,call,2026-10-16,mid,short,740.745,572727.4705265461,572727.4705265461,-10.225516203281831,79.66499999999999,0.0
665.0,2026,10,16,P,0.002125832609951707,-0.05522221244543012,10186,0.27009284670074546,1.25,1.28,QQQ,put,2026-10-16,mid,short,740.745,-11881470.498540528,11881470.498540528,-10.225516203281831,1.2650000000000001,0.0
665.0,2026,10,23,C,0.002350439349483359,0.9291078878744681,17,0.24317847733734319,79.4,82.39,QQQ,call,2026-10-23,mid,short,740.745,21924.789274859275,21924.789274859275,-10.225516203281831,80.89500000000001,0.0
665.0,2026,10,23,P,0.002350439349483359,-0.07089211212553198,711,0.2616468215581607,1.83,1.91,QQQ,put,2026-10-23,mid,short,740.745,-916972.06908382,916972.06908382,-10.225516203281831,1.87,0.0
665.0,2026,10,30,C,0.002528337702103434,0.9109539027532322,14,0.2747601224152212,81.77,82.61,QQQ,call,2026-10-30,mid,short,740.745,19422.29623757938,19422.29623757938,-10.225516203281831,82.19,0.0
665.0,2026,10,30,P,0.002528337702103434,-0.08904609724676782,1956,0.2623950363518812,2.69,2.75,QQQ,put,2026-10-30,mid,short,740.745,-2713572.245764662,2713572.245764662,-10.225516203281831,2.7199999999999998,0.0
665.0,2026,11,20,C,0.002669012909997806,0.874060215210546,125,0.26234564338915084,85.46,87.86,QQQ,call,2026-11-20,mid,short,740.745,183061.97556478158,183061.97556478158,-10.225516203281831,86.66,0.0
665.0,2026,11,20,P,0.002669012909997806,-0.12593978478945403,3217,0.25717861605790476,5.03,5.14,QQQ,put,2026-11-20,mid,short,740.745,-4711283.003135218,4711283.003135218,-10.225516203281831,5.085,0.0
665.0,2026,11,30,C,0.002657566499255589,0.8656325549569678,3,0.2369948345384117,85.68,88.18,QQQ,call,2026-11-30,mid,short,740.745,4374.645368490857,4374.645368490857,-10.225516203281831,86.93,0.0
665.0,2026,11,30,P,0.002657566499255589,-0.13436744504303222,264,0.2496793237538324,5.71,5.89,QQQ,put,2026-11-30,mid,short,740.745,-384968.79242719547,384968.79242719547,-10.225516203281831,5.8,0.0
665.0,2026,12,18,C,0.002609629949620741,0.8444018932011984,2094,0.25889618731302205,90.65,92.98,QQQ,call,2026-12-18,mid,short,740.745,2998424.1191689004,2998424.1191689004,-10.225516203281831,91.815,0.0
665.0,2026,12,18,P,0.002609629949620741,-0.15559810679880162,5872,0.2510528288878893,7.83,7.93,QQQ,put,2026-12-18,mid,short,740.745,-8408188.360916803,8408188.360916803,-10.225516203281831,7.88,0.0
665.0,2026,12,31,C,0.002559321771357912,0.8346447498857009,4502,0.24912844537934872,92.12,93.13,QQQ,call,2026-12-31,mid,short,740.745,6322194.303868498,6322194.303868498,-10.225516203281831,92.625,0.0
665.0,2026,12,31,P,0.002559321771357912,-0.1653552501142991,6295,0.24786583911298052,8.93,9.19,QQQ,put,2026-12-31,mid,short,740.745,-8840118.423556684,8840118.423556684,-10.225516203281831,9.059999999999999,0.0
665.0,2027,1,15,C,0.0024960280186987127,0.8250384050395397,3991,0.25396186450191066,95.27,96.36,QQQ,call,2027-01-15,mid,short,740.745,5465987.589523116,5465987.589523116,-10.225516203281831,95.815,0.0
665.0,2027,1,15,P,0.0024960280186987127,-0.17496159496046024,8665,0.2466726631123797,10.33,10.45,QQQ,put,2027-01-15,mid,short,740.745,-11867397.25963864,11867397.25963864,-10.225516203281831,10.39,0.0
665.0,2027,2,19,C,0.0023432147223388187,0.8071879645367899,76,0.25107982273728885,100.87,101.83,QQQ,call,2027-02-19,mid,short,740.745,97715.42763967378,97715.42763967378,-10.225516203281831,101.35,0.0
665.0,2027,2,19,P,0.0023432147223388187,-0.19281203546321016,2390,0.24416001554670877,13.3,13.58,QQQ,put,2027-02-19,mid,short,740.745,-3072893.0534055303,3072893.0534055303,-10.225516203281831,13.440000000000001,0.0
665.0,2027,3,19,C,0.0022232861653518126,0.7958126815368377,1833,0.2534469120189514,105.71,108.5,QQQ,call,2027-03-19,mid,short,740.745,2236120.936617467,2236120.936617467,-10.225516203281831,107.10499999999999,0.0
665.0,2027,3,19,P,0.0022232861653518126,-0.2041873184631623,5918,0.24475486727063692,15.76,16.06,QQQ,put,2027-03-19,mid,short,740.745,-7219511.0217687795,7219511.0217687795,-10.225516203281831,15.91,0.0
665.0,2027,3,31,C,0.002177673307475494,0.7922611203287158,1988,0.24521698640408907,106.32,109.8,QQQ,call,2027-03-31,mid,short,740.745,2375453.6742779543,2375453.6742779543,-10.225516203281831,108.06,0.0
665.0,2027,3,31,P,0.002177673307475494,-0.2077388796712842,1021,0.23130956423658908,14.7,18.96,QQQ,put,2027-03-31,mid,short,740.745,-1219989.034928467,1219989.034928467,-10.225516203281831,16.83,0.0
665.0,2027,6,17,C,0.0018963816982070895,0.7723132582665322,2917,0.25953619400405376,120.28,122.61,QQQ,call,2027-06-17,mid,short,740.745,3035286.161275847,3035286.161275847,-10.225516203281831,121.445,0.0
665.0,2027,6,17,P,0.0018963816982070895,-0.22768674173346778,2452,0.24768191860932348,22.93,23.96,QQQ,put,2027-06-17,mid,short,740.745,-2551430.1225397247,2551430.1225397247,-10.225516203281831,23.445,0.0
665.0,2027,6,30,C,0.0018510269803302328,0.769274750718709,27,0.25470085537751747,121.16,124.48,QQQ,call,2027-06-30,mid,short,740.745,27422.937291877126,27422.937291877126,-10.225516203281831,122.82,0.0
665.0,2027,6,30,P,0.0018510269803302328,-0.23072524928129107,138,0.246151545720301,23.49,25.95,QQQ,put,2027-06-30,mid,short,740.745,-140161.67949181644,140161.67949181644,-10.225516203281831,24.72,0.0
665.0,2027,9,17,C,0.0016608446853744487,0.7616049283009257,297,0.2619813227180372,133.35,136.32,QQQ,call,2027-09-17,mid,short,740.745,270659.2835048246,270659.2835048246,-10.225516203281831,134.83499999999998,0.0
665.0,2027,9,17,P,0.0016608446853744487,-0.23839507169907423,676,0.24935429927203115,28.92,30.65,QQQ,put,2027-09-17,mid,short,740.745,-616046.0459571094,616046.0459571094,-10.225516203281831,29.785,0.0
665.0,2027,12,17,C,0.0014879376687559997,0.7568352752400515,142,0.26027666458249726,144.32,148.5,QQQ,call,2027-12-17,mid,short,740.745,115933.9252524284,115933.9252524284,-10.225516203281831,146.41,0.0
665.0,2027,12,17,P,0.0014879376687559997,-0.24316472475994858,4319,0.24733516312700526,33.1,37.17,QQQ,put,2027-12-17,mid,short,740.745,-3526187.4870791426,3526187.4870791426,-10.225516203281831,35.135000000000005,0.0
665.0,2028,1,21,C,0.0014406653275974737,0.7568915409285318,188,0.2586115388056148,148.02,152.0,QQQ,call,2028-01-21,mid,short,740.745,148613.5507905175,148613.5507905175,-10.225516203281831,150.01,0.0
665.0,2028,1,21,P,0.0014406653275974737,-0.24310845907146814,222,0.24630188410363107,34.42,38.5,QQQ,put,2028-01-21,mid,short,740.745,-175490.46955050473,175490.46955050473,-10.225516203281831,36.46,0.0
665.0,2028,6,16,C,0.0012590193015126388,0.7568228696905474,238,0.2624571361809459,165.5,170.0,QQQ,call,2028-06-16,mid,short,740.745,164417.0313886109,164417.0313886109,-10.225516203281831,167.75,0.0
665.0,2028,6,16,P,0.0012590193015126388,-0.24317713030945268,434,0.24734433089266133,40.5,45.0,QQQ,put,2028-06-16,mid,short,740.745,-299819.29253217275,299819.29253217275,-10.225516203281831,42.75,0.0
665.0,2028,12,15,C,0.0010877658963806417,0.7591924989700722,48,0.2653420718507966,185.0,190.0,QQQ,call,2028-12-15,mid,short,740.745,28649.30780508746,28649.30780508746,-10.225516203281831,187.5,0.0
665.0,2028,12,15,P,0.0010877658963806417,-0.2408075010299278,121,0.2512310235913378,47.5,52.5,QQQ,put,2028-12-15,mid,short,740.745,-72220.13009199129,72220.13009199129,-10.225516203281831,50.0,0.0
665.0,2029,1,19,C,0.0010628767167002128,0.7602060856126382,0,0.2642488210673326,188.0,193.0,QQQ,call,2029-01-19,mid,short,740.745,0.0,0.0,-10.225516203281831,190.5,0.0
665.0,2029,1,19,P,0.0010628767167002128,-0.2397939143873617,0,0.2513278562818645,48.5,53.5,QQQ,put,2029-01-19,mid,short,740.745,-0.0,0.0,-10.225516203281831,51.0,0.0
666.0,2026,9,22,C,0.00021769497030150344,0.9981317872119266,0,1.506453304051867,73.62,77.08,QQQ,call,2026-09-22,mid,short,740.745,0.0,0.0,-10.090516979527369,75.35,28.0
666.0,2026,9,22,P,0.00021769497030150344,-0.0018682127880733548,827,0.6809378596915252,0.01,0.02,QQQ,put,2026-09-22,mid,short,740.745,-98785.08139001962,98785.08139001962,-10.090516979527369,0.015,12.0
666.0,2026,9,23,C,0.0002631298468112213,0.997625539374242,0,1.0596559119494602,73.69,77.1,QQQ,call,2026-09-23,mid,short,740.745,0.0,0.0,-10.090516979527369,75.395,0.0
666.0,2026,9,23,P,0.0002631298468112213,-0.0023744606257579516,240,0.4819506148947776,0.01,0.03,QQQ,put,2026-09-23,mid,short,740.745,-34651.242510374905,34651.242510374905,-10.090516979527369,0.02,0.0
666.0,2026,9,24,C,0.00037685891064480884,0.9962314313043438,0,0.8685569504348644,73.74,77.2,QQQ,call,2026-09-24,mid,short,740.745,0.0,0.0,-10.090516979527369,75.47,0.0
666.0,2026,9,24,P,0.00037685891064480884,-0.0037685686956562187,396,0.41958756011722514,0.02,0.05,QQQ,put,2026-09-24,mid,short,740.745,-81886.33461495611,81886.33461495611,-10.090516979527369,0.035,0.0
666.0,2026,9,28,C,0.0007032301075438209,0.9912494043115896,0,0.5709097203414283,74.07,77.5,QQQ,call,2026-09-28,mid,short,740.745,0.0,0.0,-10.090516979527369,75.785,0.0
666.0,2026,9,28,P,0.0007032301075438209,-0.008750595688410396,38,0.3198757275403991,0.08,0.12,QQQ,put,2026-09-28,mid,short,740.745,-14662.853991278853,14662.853991278853,-10.090516979527369,0.1,0.0
666.0,2026,9,29,C,0.0008940511818843262,0.987681841410546,0,0.5378834972998022,74.2,77.63,QQQ,call,2026-09-29,mid,short,740.745,0.0,0.0,-10.090516979527369,75.91499999999999,0.0
666.0,2026,9,29,P,0.0008940511818843262,-0.012318158589453999,52,0.32144236090599626,0.14,0.17,QQQ,put,2026-09-29,mid,short,740.745,-25509.57262119551,25509.57262119551,-10.090516979527369,0.15500000000000003,0.0
666.0,2026,9,30,C,0.001119084644390369,0.9827981490868307,4,0.5129357074750532,74.38,77.8,QQQ,call,2026-09-30,mid,short,740.745,2456.1811004681026,2456.1811004681026,-10.090516979527369,76.09,0.0
666.0,2026,9,30,P,0.001119084644390369,-0.017201850913169232,267,0.3230172108712324,0.22,0.26,QQQ,put,2026-09-30,mid,short,740.745,-163950.08845624584,163950.08845624584,-10.090516979527369,0.24,0.0
666.0,2026,10,1,C,0.0012656036204829032,0.9791687131234286,0,0.4920401715021197,74.51,77.97,QQQ,call,2026-10-01,mid,short,740.745,0.0,0.0,-10.090516979527369,76.24000000000001,0.0
666.0,2026,10,1,P,0.0012656036204829032,-0.020831286876571382,11,0.319657220598354,0.29,0.33,QQQ,put,2026-10-01,mid,short,740.745,-7638.847695270349,7638.847695270349,-10.090516979527369,0.31,0.0
666.0,2026,10,16,C,0.0021784117287718596,0.9435178664878203,10,0.22778631139327093,77.12,80.29,QQQ,call,2026-10-16,mid,short,740.745,11953.013885205843,11953.013885205843,-10.090516979527369,78.70500000000001,0.0
666.0,2026,10,16,P,0.0021784117287718596,-0.05648213351217968,753,0.2680859885809754,1.27,1.31,QQQ,put,2026-10-16,mid,short,740.745,-900061.9455559998,900061.9455559998,-10.090516979527369,1.29,0.0
666.0,2026,10,30,C,0.002579974920380608,0.9090839939427915,12,0.27335718318611163,80.83,81.67,QQQ,call,2026-10-30,mid,short,740.745,16987.684544378553,16987.684544378553,-10.090516979527369,81.25,0.0
666.0,2026,10,30,P,0.002579974920380608,-0.09091600605720852,117,0.26102651566937396,2.74,2.81,QQQ,put,2026-10-30,mid,short,740.745,-165629.9243076909,165629.9243076909,-10.090516979527369,2.7750000000000004,0.0
666.0,2026,11,30,C,0.0026970350313465156,0.8634398665963026,0,0.25722853039596755,86.25,87.29,QQQ,call,2026-11-30,mid,short,740.745,0.0,0.0,-10.090516979527369,86.77000000000001,0.0
666.0,2026,11,30,P,0.0026970350313465156,-0.1365601334036975,15,0.2487085134830806,5.8,5.99,QQQ,put,2026-11-30,mid,short,740.745,-22198.074463691744,22198.074463691744,-10.090516979527369,5.895,0.0
667.0,2026,9,22,C,0.0002229743547377139,0.9981090244607523,0,1.4903100501970423,72.62,76.08,QQQ,call,2026-09-22,mid,short,740.745,0.0,0.0,-9.955517755772906,74.35,2.0
667.0,2026,9,22,P,0.0002229743547377139,-0.0018909755392476628,135,0.6721269834242086,0.01,0.02,QQQ,put,2026-09-22,mid,short,740.745,-16516.808811123366,16516.808811123366,-9.955517755772906,0.015,23.0
667.0,2026,9,23,C,0.00026945819021546353,0.9975968275987387,0,1.0482738871260628,72.68,76.1,QQQ,call,2026-09-23,mid,short,740.745,0.0,0.0,-9.955517755772906,74.39,0.0
667.0,2026,9,23,P,0.00026945819021546353,-0.0024031724012613443,238,0.4757208070269002,0.01,0.03,QQQ,put,2026-09-23,mid,short,740.745,-35188.909070215246,35188.909070215246,-9.955517755772906,0.02,0.0
667.0,2026,9,24,C,0.00038577020879051685,0.9961865560332147,0,0.8592355721994117,72.75,76.2,QQQ,call,2026-09-24,mid,short,740.745,0.0,0.0,-9.955517755772906,74.475,0.0
667.0,2026,9,24,P,0.00038577020879051685,-0.003813443966785338,271,0.41421999222345096,0.02,0.05,QQQ,put,2026-09-24,mid,short,740.745,-57363.472613740596,57363.472613740596,-9.955517755772906,0.035,0.0
667.0,2026,9,25,C,0.000509144121198119,0.9944956168772654,5,0.7536887235769516,72.98,76.38,QQQ,call,2026-09-25,mid,short,740.745,1396.8449283191944,1396.8449283191944,-9.955517755772906,74.68,0.0
667.0,2026,9,25,P,0.000509144121198119,-0.005504383122734583,641,0.38520804166381106,0.04,0.07,QQQ,put,2026-09-25,mid,short,740.745,-179075.51981052072,179075.51981052072,-9.955517755772906,0.05500000000000001,0.0
667.0,2026,9,28,C,0.0007392696853511461,0.9908019234180979,0,0.5654202101358693,73.06,76.51,QQQ,call,2026-09-28,mid,short,740.745,0.0,0.0,-9.955517755772906,74.785,0.0
667.0,2026,9,28,P,0.0007392696853511461,-0.00919807658190209,112,0.32046260721183845,0.09,0.12,QQQ,put,2026-09-28,mid,short,740.745,-45431.63618184945,45431.63618184945,-9.955517755772906,0.105,0.0
667.0,2026,9,29,C,0.0009295007895452205,0.9872336217752092,0,0.5327129623081934,73.23,76.64,QQQ,call,2026-09-29,mid,short,740.745,0.0,0.0,-9.955517755772906,74.935,0.0
667.0,2026,9,29,P,0.0009295007895452205,-0.01276637822479077,63,0.31750901299183815,0.14,0.18,QQQ,put,2026-09-29,mid,short,740.745,-32131.260996766538,32131.260996766538,-9.955517755772906,0.16,0.0
667.0,2026,9,30,C,0.0011667229367785924,0.9820639821169521,9,0.5080090286141518,73.39,76.81,QQQ,call,2026-09-30,mid,short,740.745,5761.661008054026,5761.661008054026,-9.955517755772906,75.1,0.0
667.0,2026,9,30,P,0.0011667229367785924,-0.017936017883047828,323,0.32120666680242044,0.23,0.27,QQQ,put,2026-09-30,mid,short,740.745,-206779.61173349447,206779.61173349447,-9.955517755772906,0.25,0.0
667.0,2026,10,1,C,0.0012926278599433767,0.978942325787976,0,0.48731886641206795,73.55,76.98,QQQ,call,2026-10-01,mid,short,740.745,0.0,0.0,-9.955517755772906,75.265,0.0
667.0,2026,10,1,P,0.0012926278599433767,-0.02105767421202401,20,0.315841501754823,0.29,0.33,QQQ,put,2026-10-01,mid,short,740.745,-14185.37970048289,14185.37970048289,-9.955517755772906,0.31,0.0
667.0,2026,10,16,C,0.0022347195452681406,0.9420962251974562,39,0.23187494183087334,76.22,79.33,QQQ,call,2026-10-16,mid,short,740.745,47821.708938301825,47821.708938301825,-9.955517755772906,77.775,0.0
667.0,2026,10,16,P,0.0022347195452681406,-0.05790377480254381,846,0.2665067085771232,1.3,1.34,QQQ,put,2026-10-16,mid,short,740.745,-1037363.2246616242,1037363.2246616242,-9.955517755772906,1.32,0.0
667.0,2026,10,30,C,0.0026332635399319965,0.9070981245095708,2,0.27192689262195996,79.89,80.73,QQQ,call,2026-10-30,mid,short,740.745,2889.760024745973,2889.760024745973,-9.955517755772906,80.31,0.0
667.0,2026,10,30,P,0.0026332635399319965,-0.09290187549042912,93,0.25988001190122784,2.8,2.87,QQQ,put,2026-10-30,mid,short,740.745,-134373.84115068775,134373.84115068775,-9.955517755772906,2.835,0.0
667.0,2026,11,30,C,0.0027370334027035743,0.8611708133840897,0,0.2563154216775856,85.36,86.39,QQQ,call,2026-11-30,mid,short,740.745,0.0,0.0,-9.955517755772906,85.875,0.0
667.0,2026,11,30,P,0.0027370334027035743,-0.1388291866159103,1,0.24785611572787983,5.9,6.09,QQQ,put,2026-11-30,mid,short,740.745,-1501.8188634722626,1501.8188634722626,-9.955517755772906,5.995,0.0
668.0,2026,9,22,C,0.0002765094706727361,0.9975652270276016,0,1.474159197011006,71.63,75.08,QQQ,call,2026-09-22,mid,short,740.745,0.0,0.0,-9.820518532018442,73.35499999999999,2.0
668.0,2026,9,22,P,0.0002765094706727361,-0.0024347729723983476,169,0.6633210634855294,0.01,0.03,QQQ,put,2026-09-22,mid,short,740.745,-25640.95360295949,25640.95360295949,-9.820518532018442,0.02,8.0
668.0,2026,9,23,C,0.00027601963657761323,0.9975674092239567,0,1.0380833530061782,71.68,75.11,QQQ,call,2026-09-23,mid,short,740.745,0.0,0.0,-9.820518532018442,73.39500000000001,0.0
668.0,2026,9,23,P,0.00027601963657761323,-0.0024325907760433282,116,0.46949451108847257,0.01,0.03,QQQ,put,2026-09-23,mid,short,740.745,-17568.530070922872,17568.530070922872,-9.820518532018442,0.02,0.0
668.0,2026,9,24,C,0.0003950052612782681,0.9961405888726655,0,0.849910196318738,71.75,75.2,QQQ,call,2026-09-24,mid,short,740.745,0.0,0.0,-9.820518532018442,73.475,0.0
668.0,2026,9,24,P,0.0003950052612782681,-0.003859411127334401,145,0.408855026095703,0.02,0.05,QQQ,put,2026-09-24,mid,short,740.745,-31427.39180165473,31427.39180165473,-9.820518532018442,0.035,0.0
668.0,2026,9,25,C,0.0005211403039805414,0.9944302137531397,0,0.7455425064347802,72.12,75.38,QQQ,call,2026-09-25,mid,short,740.745,0.0,0.0,-9.820518532018442,73.75,0.0
668.0,2026,9,25,P,0.0005211403039805414,-0.0055697862468603535,451,0.38028074562518227,0.04,0.07,QQQ,put,2026-09-25,mid,short,740.745,-128964.04938116959,128964.04938116959,-9.820518532018442,0.05500000000000001,0.0
668.0,2026,9,28,C,0.000756205212999529,0.9906953728313379,0,0.5409219866968209,72.08,75.23,QQQ,call,2026-09-28,mid,short,740.745,0.0,0.0,-9.820518532018442,73.655,0.0
668.0,2026,9,28,P,0.000756205212999529,-0.00930462716866209,50,0.31644435986587666,0.09,0.12,QQQ,put,2026-09-28,mid,short,740.745,-20746.609310959684,20746.609310959684,-9.820518532018442,0.105,0.0
668.0,2026,9,29,C,0.0009659662883913434,0.9867782209043827,0,0.5275312011330586,72.2,75.65,QQQ,call,2026-09-29,mid,short,740.745,0.0,0.0,-9.820518532018442,73.92500000000001,0.0
668.0,2026,9,29,P,0.0009659662883913434,-0.013221779095617229,83,0.316504126653492,0.15,0.18,QQQ,put,2026-09-29,mid,short,740.745,-43992.38625731389,43992.38625731389,-9.820518532018442,0.16499999999999998,0.0
668.0,2026,9,30,C,0.0011922771977797965,0.9818643619445218,23,0.5019825452327649,72.4,75.8,QQQ,call,2026-09-30,mid,short,740.745,15046.743981981226,15046.743981981226,-9.820518532018442,74.1,0.0
668.0,2026,9,30,P,0.0011922771977797965,-0.018135638055478298,196,0.3172913180413763,0.23,0.27,QQQ,put,2026-09-30,mid,short,740.745,-128224.4269768835,128224.4269768835,-9.820518532018442,0.25,0.0
668.0,2026,10,1,C,0.0013404364678033542,0.9782023366781752,0,0.482588060830634,72.56,75.99,QQQ,call,2026-10-01,mid,short,740.745,0.0,0.0,-9.820518532018442,74.275,0.0
668.0,2026,10,1,P,0.0013404364678033542,-0.021797663321824777,8,0.3136745379630849,0.3,0.34,QQQ,put,2026-10-01,mid,short,740.745,-5884.013751954139,5884.013751954139,-9.820518532018442,0.32,0.0
668.0,2026,10,16,C,0.002294690388014907,0.9405130466832902,8,0.2270407754539959,75.19,78.36,QQQ,call,2026-10-16,mid,short,740.745,10072.830845674567,10072.830845674567,-9.820518532018442,76.775,0.0
668.0,2026,10,16,P,0.002294690388014907,-0.05948695331670986,856,0.26532919066393584,1.34,1.37,QQQ,put,2026-10-16,mid,short,740.745,-1077792.9004871787,1077792.9004871787,-9.820518532018442,1.355,0.0
668.0,2026,10,30,C,0.002687379046082114,0.9050945203094719,19,0.2706989907277163,78.96,79.68,QQQ,call,2026-10-30,mid,short,740.745,28016.893865333288,28016.893865333288,-9.820518532018442,79.32,0.0
668.0,2026,10,30,P,0.002687379046082114,-0.09490547969052814,179,0.2586984963220268,2.86,2.93,QQQ,put,2026-10-30,mid,short,740.745,-263948.63167866616,263948.63167866616,-9.820518532018442,2.895,0.0
668.0,2026,11,30,C,0.0027775619912570977,0.8587660877472459,0,0.25537940746776167,84.47,85.49,QQQ,call,2026-11-30,mid,short,740.745,0.0,0.0,-9.820518532018442,84.97999999999999,0.0
668.0,2026,11,30,P,0.0027775619912570977,-0.14123391225275408,18,0.24725607089972593,6.02,6.19,QQQ,put,2026-11-30,mid,short,740.745,-27433.026501845237,27433.026501845237,-9.820518532018442,6.105,0.0
669.0,2026,9,22,C,0.00028333503492339497,0.9975350165025788,0,1.4513221876311684,70.62,74.04,QQQ,call,2026-09-22,mid,short,740.745,0.0,0.0,-9.685519308263977,72.33000000000001,1.0
669.0,2026,9,22,P,0.00028333503492339497,-0.002464983497421179,111,0.6545199423025385,0.01,0.03,QQQ,put,2026-09-22,mid,short,740.745,-17256.817862665976,17256.817862665976,-9.685519308263977,0.02,14.0
669.0,2026,9,23,C,0.0002828260215412581,0.9975372568966208,0,1.0254942508417226,70.66,74.1,QQQ,call,2026-09-23,mid,short,740.745,0.0,0.0,-9.685519308263977,72.38,0.0
669.0,2026,9,23,P,0.0002828260215412581,-0.0024627431033792057,211,0.4632716158799094,0.01,0.03,QQQ,put,2026-09-23,mid,short,740.745,-32744.568902342817,32744.568902342817,-9.685519308263977,0.02,0.0
669.0,2026,9,24,C,0.00036698133066325893,0.9965579669930489,0,0.8357242215874128,70.75,74.15,QQQ,call,2026-09-24,mid,short,740.745,0.0,0.0,-9.685519308263977,72.45,0.0
669.0,2026,9,24,P,0.00036698133066325893,-0.003442033006951081,318,0.40349255891226865,0.02,0.04,QQQ,put,2026-09-24,mid,short,740.745,-64033.692842524535,64033.692842524535,-9.685519308263977,0.03,0.0
669.0,2026,9,25,C,0.000533572428010063,0.9943632147676434,0,0.7365722866540017,71.09,74.37,QQQ,call,2026-09-25,mid,short,740.745,0.0,0.0,-9.685519308263977,72.73,0.0
669.0,2026,9,25,P,0.000533572428010063,-0.005636785232356523,726,0.375355288049836,0.04,0.07,QQQ,put,2026-09-25,mid,short,740.745,-212553.1070202001,212553.1070202001,-9.685519308263977,0.05500000000000001,0.0
669.0,2026,9,28,C,0.0007941403540231839,0.9902357000861717,0,0.5537744465059934,71.07,74.52,QQQ,call,2026-09-28,mid,short,740.745,0.0,0.0,-9.685519308263977,72.79499999999999,0.0
669.0,2026,9,28,P,0.0007941403540231839,-0.009764299913828295,248,0.3124271135804744,0.09,0.13,QQQ,put,2026-09-28,mid,short,740.745,-108065.33481072748,108065.33481072748,-9.685519308263977,0.11,0.0
669.0,2026,9,29,C,0.0010035023433431062,0.9863153134286157,0,0.5217553152806409,71.24,74.65,QQQ,call,2026-09-29,mid,short,740.745,0.0,0.0,-9.685519308263977,72.945,0.0
669.0,2026,9,29,P,0.0010035023433431062,-0.013684686571384348,69,0.3125431796194018,0.15,0.19,QQQ,put,2026-09-29,mid,short,740.745,-37993.11822884669,37993.11822884669,-9.685519308263977,0.16999999999999998,0.0
669.0,2026,9,30,C,0.0012423192271654106,0.9811108420171365,11,0.4970445339778714,71.38,74.81,QQQ,call,2026-09-30,mid,short,740.745,7498.309274432685,7498.309274432685,-9.685519308263977,73.095,0.0
669.0,2026,9,30,P,0.0012423192271654106,-0.01888915798286351,491,0.31536542880167406,0.24,0.28,QQQ,put,2026-09-30,mid,short,740.745,-334697.2594314953,334697.2594314953,-9.685519308263977,0.26,0.0
669.0,2026,10,1,C,0.001389477735993567,0.9774516973352672,0,0.47784757495103514,71.57,75.0,QQQ,call,2026-10-01,mid,short,740.745,0.0,0.0,-9.685519308263977,73.285,0.0
669.0,2026,10,1,P,0.001389477735993567,-0.02254830266473281,0,0.3114428638651523,0.31,0.35,QQQ,put,2026-10-01,mid,short,740.745,-0.0,0.0,-9.685519308263977,0.32999999999999996,0.0
669.0,2026,10,16,C,0.0023533556039715404,0.9390569734874232,17,0.22998293655612262,74.28,77.4,QQQ,call,2026-10-16,mid,short,740.745,21951.99196151413,21951.99196151413,-9.685519308263977,75.84,0.0
669.0,2026,10,16,P,0.0023533556039715404,-0.06094302651257676,666,0.26366741543244887,1.37,1.4,QQQ,put,2026-10-16,mid,short,740.745,-860001.5674334358,860001.5674334358,-9.685519308263977,1.385,0.0
669.0,2026,10,30,C,0.002742358315232947,0.9030724269584987,2,0.26921219957497494,78.02,78.86,QQQ,call,2026-10-30,mid,short,740.745,3009.481319554723,3009.481319554723,-9.685519308263977,78.44,0.0
669.0,2026,10,30,P,0.002742358315232947,-0.0969275730415013,115,0.2574827332942166,2.92,2.99,QQQ,put,2026-10-30,mid,short,740.745,-173045.17587439658,173045.17587439658,-9.685519308263977,2.955,0.0
669.0,2026,11,30,C,0.002818459453868037,0.856584793382178,0,0.25442079571507814,83.58,84.35,QQQ,call,2026-11-30,mid,short,740.745,0.0,0.0,-9.685519308263977,83.965,0.0
669.0,2026,11,30,P,0.002818459453868037,-0.14341520661782203,1,0.24607836273518469,6.1,6.29,QQQ,put,2026-11-30,mid,short,740.745,-1546.4975946474303,1546.4975946474303,-9.685519308263977,6.195,0.0
670.0,2026,9,22,C,0.0002904191594843126,0.9975040408771663,0,1.4418323359176262,69.62,73.08,QQQ,call,2026-09-22,mid,short,740.745,0.0,0.0,-9.550520084509515,71.35,31.0
670.0,2026,9,22,P,0.0002904191594843126,-0.002495959122833734,736,0.6457234586364211,0.01,0.03,QQQ,put,2026-09-22,mid,short,740.745,-117284.47708932075,117284.47708932075,-9.550520084509515,0.02,91.0
670.0,2026,9,23,C,0.0002898899536284828,0.9975063418086505,5,1.018799492491565,69.62,73.14,QQQ,call,2026-09-23,mid,short,740.745,795.3176608299973,795.3176608299973,-9.550520084509515,71.38,0.0
670.0,2026,9,23,P,0.0002898899536284828,-0.0024936581913494915,490,0.45705200761959297,0.01,0.03,QQQ,put,2026-09-23,mid,short,740.745,-77941.13076133972,77941.13076133972,-9.550520084509515,0.02,0.0
670.0,2026,9,24,C,0.00045055036278532064,0.9955892678069348,0,0.826424444901657,69.7,73.15,QQQ,call,2026-09-24,mid,short,740.745,0.0,0.0,-9.550520084509515,71.42500000000001,0.0
670.0,2026,9,24,P,0.00045055036278532064,-0.004410732193065165,923,0.4145652480233211,0.03,0.05,QQQ,put,2026-09-24,mid,short,740.745,-228182.58833000058,228182.58833000058,-9.550520084509515,0.04,0.0
670.0,2026,9,25,C,0.0005757330418062449,0.9938804266801063,20,0.7284240256651666,70.09,73.37,QQQ,call,2026-09-25,mid,short,740.745,6318.1307298245365,6318.1307298245365,-9.550520084509515,71.73,0.0
670.0,2026,9,25,P,0.0005757330418062449,-0.0061195733198936755,5545,0.37961965007490356,0.05,0.07,QQQ,put,2026-09-25,mid,short,740.745,-1751701.744843853,1751701.744843853,-9.550520084509515,0.060000000000000005,0.0
670.0,2026,9,28,C,0.0008330521381964807,0.989769636493561,0,0.5476278322419719,70.07,73.52,QQQ,call,2026-09-28,mid,short,740.745,0.0,0.0,-9.550520084509515,71.79499999999999,0.0
670.0,2026,9,28,P,0.0008330521381964807,-0.010230363506438998,591,0.31250216215690324,0.1,0.13,QQQ,put,2026-09-28,mid,short,740.745,-270145.1168884802,270145.1168884802,-9.550520084509515,0.115,0.0
670.0,2026,9,29,C,0.001042166306382703,0.9858445631958968,1,0.516555682530583,70.22,73.66,QQQ,call,2026-09-29,mid,short,740.745,571.8399403729401,571.8399403729401,-9.550520084509515,71.94,0.0
670.0,2026,9,29,P,0.001042166306382703,-0.014155436804103291,815,0.31132691358380765,0.16,0.19,QQQ,put,2026-09-29,mid,short,740.745,-466049.55140394607,466049.55140394607,-9.550520084509515,0.175,0.0
670.0,2026,9,30,C,0.0012935653545519052,0.9803474104281924,311,0.4915589735621521,70.42,73.81,QQQ,call,2026-09-30,mid,short,740.745,220742.63468610923,220742.63468610923,-9.550520084509515,72.11500000000001,0.0
670.0,2026,9,30,P,0.0012935653545519052,-0.019652589571807582,4352,0.3133491811946658,0.25,0.29,QQQ,put,2026-09-30,mid,short,740.745,-3088977.318822982,3088977.318822982,-9.550520084509515,0.27,0.0
670.0,2026,10,1,C,0.0014398189908346767,0.9766899003026148,0,0.4730972227627264,70.58,74.01,QQQ,call,2026-10-01,mid,short,740.745,0.0,0.0,-9.550520084509515,72.295,0.0
670.0,2026,10,1,P,0.0014398189908346767,-0.023310099697385143,31,0.30914924483633427,0.32,0.36,QQQ,put,2026-10-01,mid,short,740.745,-24491.029911012858,24491.029911012858,-9.550520084509515,0.33999999999999997,0.0
670.0,2026,10,2,C,0.0015971529416928232,0.9723351880333932,66,0.46247264776039615,70.94,74.32,QQQ,call,2026-10-02,mid,short,740.745,57839.9486388446,57839.9486388446,-9.550520084509515,72.63,0.0
670.0,2026,10,2,P,0.0015971529416928232,-0.027664811966606733,6841,0.3072281274307048,0.41,0.45,QQQ,put,2026-10-02,mid,short,740.745,-5995198.312702059,5995198.312702059,-9.550520084509515,0.43,0.0
670.0,2026,10,5,C,0.0017027312299072788,0.9690014243481012,0,0.4212640338821599,71.07,74.8,QQQ,call,2026-10-05,mid,short,740.745,0.0,0.0,-9.550520084509515,72.935,0.0
670.0,2026,10,5,P,0.0017027312299072788,-0.030998575651898733,0,0.28052245567291484,0.48,0.53,QQQ,put,2026-10-05,mid,short,740.745,-0.0,0.0,-9.550520084509515,0.505,0.0
670.0,2026,10,9,C,0.002062324772895241,0.9557865041106651,27,0.38895013860170213,71.8,75.58,QQQ,call,2026-10-09,mid,short,740.745,30553.310958493552,30553.310958493552,-9.550520084509515,73.69,0.0
670.0,2026,10,9,P,0.002062324772895241,-0.04421349588933486,2222,0.27415372661919374,0.82,0.86,QQQ,put,2026-10-09,mid,short,740.745,-2514424.3314730623,2514424.3314730623,-9.550520084509515,0.84,0.0
670.0,2026,10,16,C,0.002413300836420117,0.9375824839178613,683,0.22953234478833584,73.32,76.43,QQQ,call,2026-10-16,mid,short,740.745,904418.8897672733,904418.8897672733,-9.550520084509515,74.875,0.0
670.0,2026,10,16,P,0.002413300836420117,-0.06241751608213872,52739,0.2619701636499705,1.4,1.43,QQQ,put,2026-10-16,mid,short,740.745,-69836234.00795935,69836234.00795935,-9.550520084509515,1.415,0.0
670.0,2026,10,23,C,0.0026355596374187116,0.9204734035869171,11,0.2607116065981849,75.33,77.59,QQQ,call,2026-10-23,mid,short,740.745,15907.538771390113,15907.538771390113,-9.550520084509515,76.46000000000001,0.0
670.0,2026,10,23,P,0.0026355596374187116,-0.07952659641308285,834,0.2549484333096745,2.05,2.12,QQQ,put,2026-10-23,mid,short,740.745,-1206080.6668490323,1206080.6668490323,-9.550520084509515,2.085,0.0
670.0,2026,10,30,C,0.0027982392029199704,0.9010310755611526,39,0.26792239861230405,77.09,77.93,QQQ,call,2026-10-30,mid,short,740.745,59880.70448711634,59880.70448711634,-9.550520084509515,77.51,0.0
670.0,2026,10,30,P,0.0027982392029199704,-0.09896892443884747,3121,0.2562334379521516,2.98,3.05,QQQ,put,2026-10-30,mid,short,740.745,-4791991.761648464,4791991.761648464,-9.550520084509515,3.0149999999999997,0.0
670.0,2026,11,20,C,0.002886328261254941,0.8627471437623466,230,0.2604891996428763,81.17,81.84,QQQ,call,2026-11-20,mid,short,740.745,364259.607379334,364259.607379334,-9.550520084509515,81.505,0.0
670.0,2026,11,20,P,0.002886328261254941,-0.13725285623765335,18650,0.25239876615424417,5.49,5.6,QQQ,put,2026-11-20,mid,short,740.745,-29536702.946193818,29536702.946193818,-9.550520084509515,5.545,0.0
670.0,2026,11,30,C,0.0028599137234880494,0.8539710125832755,1,0.2534398771298435,82.69,83.45,QQQ,call,2026-11-30,mid,short,740.745,1569.2436831771884,1569.2436831771884,-9.550520084509515,83.07,0.0
670.0,2026,11,30,P,0.0028599137234880494,-0.14602898741672457,604,0.24569498145418175,6.24,6.4,QQQ,put,2026-11-30,mid,short,740.745,-947823.1846390216,947823.1846390216,-9.550520084509515,6.32,0.0
670.0,2026,12,18,C,0.00277822142035552,0.8327157974529653,4751,0.25437823409346316,86.28,87.21,QQQ,call,2026-12-18,mid,short,740.745,7242513.997717482,7242513.997717482,-9.550520084509515,86.745,0.0
670.0,2026,12,18,P,0.00277822142035552,-0.16728420254703466,18765,0.24729560177678556,8.45,8.54,QQQ,put,2026-12-18,mid,short,740.745,-28605719.883638926,28605719.883638926,-9.550520084509515,8.495,0.0
670.0,2026,12,31,C,0.0027114913371890812,0.822955280533236,2549,0.24554984731363605,87.84,88.85,QQQ,call,2026-12-31,mid,short,740.745,3792412.017571904,3792412.017571904,-9.550520084509515,88.345,0.0
670.0,2026,12,31,P,0.0027114913371890812,-0.177044719466764,1868,0.24449059275314722,9.61,9.86,QQQ,put,2026-12-31,mid,short,740.745,-2779217.594674114,2779217.594674114,-9.550520084509515,9.735,0.0
670.0,2027,1,15,C,0.002632428426238732,0.8134772714351298,7690,0.25055052007305983,91.07,91.9,QQQ,call,2027-01-15,mid,short,740.745,11107603.51015255,11107603.51015255,-9.550520084509515,91.485,0.0
670.0,2027,1,15,P,0.002632428426238732,-0.1865227285648702,10591,0.2435699149340237,11.07,11.17,QQQ,put,2027-01-15,mid,short,740.745,-15297871.102213997,15297871.102213997,-9.550520084509515,11.120000000000001,0.0
670.0,2027,2,19,C,0.0024517388898293423,0.7961106320940845,96,0.24776418640890766,96.74,99.36,QQQ,call,2027-02-19,mid,short,740.745,129146.5789580977,129146.5789580977,-9.550520084509515,98.05,0.0
670.0,2027,2,19,P,0.0024517388898293423,-0.20388936790591544,422,0.2413773048658166,14.13,14.41,QQQ,put,2027-02-19,mid,short,740.745,-567706.8366699711,567706.8366699711,-9.550520084509515,14.27,0.0
670.0,2027,3,19,C,0.002314159785005815,0.7850081932949035,5203,0.2504731781530301,101.68,104.5,QQQ,call,2027-03-19,mid,short,740.745,6606700.591702059,6606700.591702059,-9.550520084509515,103.09,0.0
670.0,2027,3,19,P,0.002314159785005815,-0.21499180670509654,5352,0.24253781407977826,16.71,16.97,QQQ,put,2027-03-19,mid,short,740.745,-6795898.821216494,6795898.821216494,-9.550520084509515,16.84,0.0
670.0,2027,3,31,C,0.002244211665230585,0.7788831276307513,1293,0.24268852684150188,102.34,105.83,QQQ,call,2027-03-31,mid,short,740.745,1592207.9854839188,1592207.9854839188,-9.550520084509515,104.08500000000001,0.0
670.0,2027,3,31,P,0.002244211665230585,-0.22111687236924868,289,0.23768037993801153,16.93,19.85,QQQ,put,2027-03-31,mid,short,740.745,-355876.34014296404,355876.34014296404,-9.550520084509515,18.39,0.0
670.0,2027,6,17,C,0.0019564181423960465,0.7630391613025689,880,0.2572085855656016,116.48,118.83,QQQ,call,2027-06-17,mid,short,740.745,944673.6704071572,944673.6704071572,-9.550520084509515,117.655,0.0
670.0,2027,6,17,P,0.0019564181423960465,-0.2369608386974311,7266,0.24579063587283947,24.02,24.94,QQQ,put,2027-06-17,mid,short,740.745,-7799998.737702732,7799998.737702732,-9.550520084509515,24.48,0.0
670.0,2027,6,30,C,0.001905274933967549,0.7599239952441069,97,0.2525211598209824,117.38,119.97,QQQ,call,2027-06-30,mid,short,740.745,101406.74564343013,101406.74564343013,-9.550520084509515,118.675,0.0
670.0,2027,6,30,P,0.001905274933967549,-0.24007600475589308,253,0.24600843593817825,24.93,26.8,QQQ,put,2027-06-30,mid,short,740.745,-264493.88296688476,264493.88296688476,-9.550520084509515,25.865000000000002,0.0
670.0,2027,9,17,C,0.0017034276477401655,0.7531818915885586,1129,0.25783705749042546,129.19,132.7,QQQ,call,2027-09-17,mid,short,740.745,1055249.3447545108,1055249.3447545108,-9.550520084509515,130.945,0.0
670.0,2027,9,17,P,0.0017034276477401655,-0.24681810841144136,2719,0.24771768538022582,30.1,31.86,QQQ,put,2027-09-17,mid,short,740.745,-2541384.3829827416,2541384.3829827416,-9.550520084509515,30.98,0.0
670.0,2027,12,17,C,0.001523079006036883,0.7493954483633287,651,0.25862250748834564,140.79,145.0,QQQ,call,2027-12-17,mid,short,740.745,544052.5846330709,544052.5846330709,-9.550520084509515,142.89499999999998,0.0
670.0,2027,12,17,P,0.001523079006036883,-0.25060455163667134,725,0.24597691896988438,34.35,38.24,QQQ,put,2027-12-17,mid,short,740.745,-605895.7355744645,605895.7355744645,-9.550520084509515,36.295,0.0
670.0,2028,1,21,C,0.0014702415695210158,0.7492907815819023,933,0.25688601778993114,144.48,148.5,QQQ,call,2028-01-21,mid,short,740.745,752675.5332594683,752675.5332594683,-9.550520084509515,146.49,0.0
670.0,2028,1,21,P,0.0014702415695210158,-0.2507092184180977,469,0.24502997431740073,35.69,40.0,QQQ,put,2028-01-21,mid,short,740.745,-378354.58209934685,378354.58209934685,-9.550520084509515,37.845,0.0
670.0,2028,6,16,C,0.0012808512838778585,0.7500495688532578,184,0.2606421502682732,162.0,167.0,QQQ,call,2028-06-16,mid,short,740.745,129316.51386701493,129316.51386701493,-9.550520084509515,164.5,0.0
670.0,2028,6,16,P,0.0012808512838778585,-0.2499504311467422,2358,0.24682542357934478,42.0,46.5,QQQ,put,2028-06-16,mid,short,740.745,-1657219.2374914193,1657219.2374914193,-9.550520084509515,44.25,0.0
670.0,2028,12,15,C,0.0011047714474823678,0.7533602909603175,142,0.2647923151593607,182.0,186.5,QQQ,call,2028-12-15,mid,short,740.745,86079.2041917458,86079.2041917458,-9.550520084509515,184.25,0.0
670.0,2028,12,15,P,0.0011047714474823678,-0.2466397090396825,414,0.25065703172968823,49.0,54.0,QQQ,put,2028-12-15,mid,short,740.745,-250963.31362945613,250963.31362945613,-9.550520084509515,51.5,0.0
670.0,2029,1,19,C,0.0010792433943062334,0.7545064071269105,1,0.263668757594105,185.0,190.0,QQQ,call,2029-01-19,mid,short,740.745,592.1842554957204,592.1842554957204,-9.550520084509515,187.5,0.0
670.0,2029,1,19,P,0.0010792433943062334,-0.24549359287308942,0,0.2507586808850016,50.0,55.0,QQQ,put,2029-01-19,mid,short,740.745,-0.0,0.0,-9.550520084509515,52.5,0.0
671.0,2026,9,22,C,0.000297775356111678,0.9974722696616528,0,1.4190729069679984,69.3,72.04,QQQ,call,2026-09-22,mid,short,740.745,0.0,0.0,-9.415520860755052,70.67,8.0
671.0,2026,9,22,P,0.000297775356111678,-0.0025277303383471643,187,0.6369314474063958,0.01,0.03,QQQ,put,2026-09-22,mid,short,740.745,-30553.981871400905,30553.981871400905,-9.415520860755052,0.02,3.0
671.0,2026,9,23,C,0.00029722487628745965,0.9974746335984704,0,1.0038621017430547,68.68,72.11,QQQ,call,2026-09-23,mid,short,740.745,0.0,0.0,-9.415520860755052,70.39500000000001,0.0
671.0,2026,9,23,P,0.00029722487628745965,-0.0025253664015295724,108,0.45083556981807543,0.01,0.03,QQQ,put,2026-09-23,mid,short,740.745,-17613.528556051195,17613.528556051195,-9.415520860755052,0.02,0.0
671.0,2026,9,24,C,0.00042482078538725503,0.9959957058108343,0,0.8180811214649232,68.76,72.16,QQQ,call,2026-09-24,mid,short,740.745,0.0,0.0,-9.415520860755052,70.46000000000001,0.0
671.0,2026,9,24,P,0.00042482078538725503,-0.004004294189165696,1211,0.3927746976539674,0.02,0.05,QQQ,put,2026-09-24,mid,short,740.745,-282284.71187250636,282284.71187250636,-9.415520860755052,0.035,0.0
671.0,2026,9,25,C,0.0005897762363317235,0.9938051522262074,0,0.7210801387554733,69.11,72.38,QQQ,call,2026-09-25,mid,short,740.745,0.0,0.0,-9.415520860755052,70.745,0.0
671.0,2026,9,25,P,0.0005897762363317235,-0.006194847773792637,378,0.3745970663339727,0.05,0.07,QQQ,put,2026-09-25,mid,short,740.745,-122325.36685764698,122325.36685764698,-9.415520860755052,0.060000000000000005,0.0
671.0,2026,9,28,C,0.0008527807071026607,0.9896471109312308,0,0.5414783568074267,69.1,72.52,QQQ,call,2026-09-28,mid,short,740.745,0.0,0.0,-9.415520860755052,70.81,0.0
671.0,2026,9,28,P,0.0008527807071026607,-0.010352889068769215,144,0.30844385303678706,0.1,0.13,QQQ,put,2026-09-28,mid,short,740.745,-67380.97889256197,67380.97889256197,-9.415520860755052,0.115,0.0
671.0,2026,9,29,C,0.0010820184693323583,0.985365622137492,0,0.5113442053292275,69.24,72.67,QQQ,call,2026-09-29,mid,short,740.745,0.0,0.0,-9.415520860755052,70.955,0.0
671.0,2026,9,29,P,0.0010820184693323583,-0.01463437786250802,34,0.30733918821564266,0.16,0.2,QQQ,put,2026-09-29,mid,short,740.745,-20186.03622921153,20186.03622921153,-9.415520860755052,0.18,0.0
671.0,2026,9,30,C,0.0013345297686815864,0.9798467417153236,11,0.4866040740654236,69.53,72.82,QQQ,call,2026-09-30,mid,short,740.745,8054.867640054068,8054.867640054068,-9.415520860755052,71.175,0.0
671.0,2026,9,30,P,0.0013345297686815864,-0.02015325828467637,197,0.3112476151165572,0.26,0.29,QQQ,put,2026-09-30,mid,short,740.745,-144255.35682642288,144255.35682642288,-9.415520860755052,0.275,0.0
671.0,2026,10,1,C,0.0014915304919362199,0.9759164237186201,0,0.46833681177912767,69.59,73.02,QQQ,call,2026-10-01,mid,short,740.745,0.0,0.0,-9.415520860755052,71.305,0.0
671.0,2026,10,1,P,0.0014915304919362199,-0.024083576281379925,10,0.3067962047328314,0.33,0.37,QQQ,put,2026-10-01,mid,short,740.745,-8184.074867413941,8184.074867413941,-9.415520860755052,0.35,0.0
671.0,2026,10,16,C,0.002476953361593502,0.9359451542156795,28,0.22955156579867556,72.37,75.47,QQQ,call,2026-10-16,mid,short,740.745,38055.13948197176,38055.13948197176,-9.415520860755052,73.92,0.0
671.0,2026,10,16,P,0.002476953361593502,-0.06405484578432054,706,0.26023822708874955,1.43,1.47,QQQ,put,2026-10-16,mid,short,740.745,-959533.1597954307,959533.1597954307,-9.415520860755052,1.45,0.0
671.0,2026,10,30,C,0.002855060639388989,0.8989696810890373,12,0.26660083659164313,76.16,76.99,QQQ,call,2026-10-30,mid,short,740.745,18798.969367445185,18798.969367445185,-9.415520860755052,76.57499999999999,0.0
671.0,2026,10,30,P,0.002855060639388989,-0.10103031891096267,216,0.25495127933821093,3.04,3.11,QQQ,put,2026-10-30,mid,short,740.745,-338381.4486140133,338381.4486140133,-9.415520860755052,3.075,0.0
671.0,2026,11,30,C,0.0029018783010455805,0.8518133033606339,0,0.2524369258903159,81.8,82.57,QQQ,call,2026-11-30,mid,short,740.745,0.0,0.0,-9.415520860755052,82.185,0.0
671.0,2026,11,30,P,0.0029018783010455805,-0.14818669663936607,35,0.2443397032949066,6.31,6.5,QQQ,put,2026-11-30,mid,short,740.745,-55729.442274880385,55729.442274880385,-9.415520860755052,6.404999999999999,0.0
672.0,2026,9,22,C,0.00030541804516498277,0.9974396706965247,0,1.4094678336437052,67.63,71.08,QQQ,call,2026-09-22,mid,short,740.745,0.0,0.0,-9.280521637000588,69.35499999999999,6.0
672.0,2026,9,22,P,0.00030541804516498277,-0.002560329303475226,293,0.6281437395015473,0.01,0.03,QQQ,put,2026-09-22,mid,short,740.745,-49102.066580193045,49102.066580193045,-9.280521637000588,0.02,143.0
672.0,2026,9,23,C,0.00030484513592416584,0.9974421002436593,0,0.992442029043113,67.69,71.11,QQQ,call,2026-09-23,mid,short,740.745,0.0,0.0,-9.280521637000588,69.4,0.0
672.0,2026,9,23,P,0.00030484513592416584,-0.002557899756340684,90,0.44462218315459123,0.01,0.03,QQQ,put,2026-09-23,mid,short,740.745,-15054.253908805329,15054.253908805329,-9.280521637000588,0.02,0.0
672.0,2026,9,24,C,0.00047329005327961826,0.9954778590591196,0,0.8125618905257428,67.77,71.2,QQQ,call,2026-09-24,mid,short,740.745,0.0,0.0,-9.280521637000588,69.485,0.0
672.0,2026,9,24,P,0.00047329005327961826,-0.0045221409408804725,965,0.403481816269016,0.03,0.05,QQQ,put,2026-09-24,mid,short,740.745,-250606.39438480022,250606.39438480022,-9.280521637000588,0.04,0.0
672.0,2026,9,25,C,0.0006043496755727185,0.9937279664879384,3,0.7137184614611403,67.99,71.39,QQQ,call,2026-09-25,mid,short,740.745,994.8257211752575,994.8257211752575,-9.280521637000588,69.69,0.0
672.0,2026,9,25,P,0.0006043496755727185,-0.0062720335120616,396,0.3695758537871937,0.05,0.07,QQQ,put,2026-09-25,mid,short,740.745,-131316.99519513402,131316.99519513402,-9.280521637000588,0.060000000000000005,0.0
672.0,2026,9,28,C,0.0009140813342785018,0.98881671545745,0,0.5359422879647018,68.08,71.53,QQQ,call,2026-09-28,mid,short,740.745,0.0,0.0,-9.280521637000588,69.805,0.0
672.0,2026,9,28,P,0.0009140813342785018,-0.011183284542549994,369,0.3081248081591582,0.11,0.14,QQQ,put,2026-09-28,mid,short,740.745,-185075.3861531199,185075.3861531199,-9.280521637000588,0.125,0.0
672.0,2026,9,29,C,0.001123122332317275,0.984878129097771,0,0.5055523090624306,68.26,71.67,QQQ,call,2026-09-29,mid,short,740.745,0.0,0.0,-9.280521637000588,69.965,0.0
672.0,2026,9,29,P,0.001123122332317275,-0.015121870902229002,126,0.3059308749816254,0.17,0.2,QQQ,put,2026-09-29,mid,short,740.745,-77648.8566699122,77648.8566699122,-9.280521637000588,0.185,0.0
672.0,2026,9,30,C,0.001376844176520434,0.9793362762288785,76,0.4816380564679465,68.54,71.83,QQQ,call,2026-09-30,mid,short,740.745,57416.38451622658,57416.38451622658,-9.280521637000588,70.185,0.0
672.0,2026,9,30,P,0.001376844176520434,-0.02066372377112143,236,0.30727663285709944,0.26,0.3,QQQ,put,2026-09-30,mid,short,740.745,-178292.9834977562,178292.9834977562,-9.280521637000588,0.28,0.0
672.0,2026,10,1,C,0.0015446857343055153,0.9751307295402161,0,0.4635661427487646,68.59,72.03,QQQ,call,2026-10-01,mid,short,740.745,0.0,0.0,-9.280521637000588,70.31,0.0
672.0,2026,10,1,P,0.0015446857343055153,-0.024869270459783918,1,0.304386051687616,0.34,0.38,QQQ,put,2026-10-01,mid,short,740.745,-847.5739359355451,847.5739359355451,-9.280521637000588,0.36,0.0
672.0,2026,10,16,C,0.002541920404904854,0.9342884658307999,122,0.20349541693445974,71.02,74.71,QQQ,call,2026-10-16,mid,short,740.745,170160.6890112337,170160.6890112337,-9.280521637000588,72.865,0.0
672.0,2026,10,16,P,0.002541920404904854,-0.06571153416920002,556,0.25847234359812005,1.46,1.51,QQQ,put,2026-10-16,mid,short,740.745,-775486.4187725076,775486.4187725076,-9.280521637000588,1.4849999999999999,0.0
672.0,2026,10,30,C,0.002915439409780037,0.8965048253001515,12,0.2652480521947595,75.23,76.06,QQQ,call,2026-10-30,mid,short,740.745,19196.52962916636,19196.52962916636,-9.280521637000588,75.64500000000001,0.0
672.0,2026,10,30,P,0.002915439409780037,-0.10349517469984851,205,0.2536368832338665,3.1,3.21,QQQ,put,2026-10-30,mid,short,740.745,-327940.71449825866,327940.71449825866,-9.280521637000588,3.1550000000000002,0.0
672.0,2026,11,30,C,0.002944175703387126,0.8491103748456684,1,0.2515407049224837,80.92,81.93,QQQ,call,2026-11-30,mid,short,740.745,1615.478497396465,1615.478497396465,-9.280521637000588,81.42500000000001,0.0
672.0,2026,11,30,P,0.002944175703387126,-0.15088962515433155,15,0.2440289143921302,6.46,6.61,QQQ,put,2026-11-30,mid,short,740.745,-24232.17746094697,24232.17746094697,-9.280521637000588,6.535,0.0
673.0,2026,9,22,C,0.0002591367250959098,0.9979598061015356,0,1.3867838988851195,66.63,70.04,QQQ,call,2026-09-22,mid,short,740.745,0.0,0.0,-9.145522413246123,68.33500000000001,4.0
673.0,2026,9,22,P,0.0002591367250959098,-0.0020401938984644526,329,0.6193601615816835,0.01,0.02,QQQ,put,2026-09-22,mid,short,740.745,-46780.22661353773,46780.22661353773,-9.145522413246123,0.015,1387.0
673.0,2026,9,23,C,0.00031276605654236695,0.9974087079445817,0,0.9798607502043557,66.69,70.1,QQQ,call,2026-09-23,mid,short,740.745,0.0,0.0,-9.145522413246123,68.395,0.0
673.0,2026,9,23,P,0.00031276605654236695,-0.002591292055418313,118,0.43841172531921047,0.01,0.03,QQQ,put,2026-09-23,mid,short,740.745,-20250.655197123866,20250.655197123866,-9.145522413246123,0.02,0.0
673.0,2026,9,24,C,0.0004853222129544513,0.9954199812289067,0,0.7994413862431955,66.72,70.16,QQQ,call,2026-09-24,mid,short,740.745,0.0,0.0,-9.145522413246123,68.44,0.0
673.0,2026,9,24,P,0.0004853222129544513,-0.00458001877109324,223,0.3979428838626405,0.03,0.05,QQQ,put,2026-09-24,mid,short,740.745,-59384.41596775638,59384.41596775638,-9.145522413246123,0.04,0.0
673.0,2026,9,25,C,0.0006495335780371998,0.9932279150567086,5,0.7063386793916552,66.96,70.4,QQQ,call,2026-09-25,mid,short,740.745,1782.0056178184427,1782.0056178184427,-9.145522413246123,68.68,0.0
673.0,2026,9,25,P,0.0006495335780371998,-0.006772084943291346,523,0.3645558940623758,0.05,0.08,QQQ,put,2026-09-25,mid,short,740.745,-186397.78762380913,186397.78762380913,-9.145522413246123,0.065,0.0
673.0,2026,9,28,C,0.0009362082171062134,0.9886797842102688,0,0.5303927908148253,67.11,70.54,QQQ,call,2026-09-28,mid,short,740.745,0.0,0.0,-9.145522413246123,68.825,0.0
673.0,2026,9,28,P,0.0009362082171062134,-0.011320215789731242,60,0.30402787083475424,0.11,0.14,QQQ,put,2026-09-28,mid,short,740.745,-30822.024149190576,30822.024149190576,-9.145522413246123,0.125,0.0
673.0,2026,9,29,C,0.0011655448905743206,0.9843817086159921,0,0.5003216215283638,67.26,70.68,QQQ,call,2026-09-29,mid,short,740.745,0.0,0.0,-9.145522413246123,68.97,0.0
673.0,2026,9,29,P,0.0011655448905743206,-0.015618291384007927,58,0.30191700821737805,0.17,0.21,QQQ,put,2026-09-29,mid,short,740.745,-37093.21320932109,37093.21320932109,-9.145522413246123,0.19,0.0
673.0,2026,9,30,C,0.0014323005088846435,0.9785395331837028,52,0.47666070817553385,67.55,70.84,QQQ,call,2026-09-30,mid,short,740.745,40867.206024783685,40867.206024783685,-9.145522413246123,69.195,0.0
673.0,2026,9,30,P,0.0014323005088846435,-0.021460466816297156,156,0.30507630061311414,0.27,0.31,QQQ,put,2026-09-30,mid,short,740.745,-122601.61807435103,122601.61807435103,-9.145522413246123,0.29000000000000004,0.0
673.0,2026,10,1,C,0.001589640819035292,0.9745868962014178,0,0.45927021225388137,67.57,71.05,QQQ,call,2026-10-01,mid,short,740.745,0.0,0.0,-9.145522413246123,69.31,0.0
673.0,2026,10,1,P,0.001589640819035292,-0.025413103798582144,17,0.3004957649416245,0.34,0.39,QQQ,put,2026-10-01,mid,short,740.745,-14828.095856940225,14828.095856940225,-9.145522413246123,0.365,0.0
673.0,2026,10,16,C,0.002608265798079344,0.9326115617511934,29,0.22759825269845932,70.44,73.55,QQQ,call,2026-10-16,mid,short,740.745,41503.74650394814,41503.74650394814,-9.145522413246123,71.995,0.0
673.0,2026,10,16,P,0.002608265798079344,-0.06738843824880655,3896,0.25707209973296036,1.5,1.54,QQQ,put,2026-10-16,mid,short,740.745,-5575813.668254549,5575813.668254549,-9.145522413246123,1.52,0.0
673.0,2026,10,30,C,0.0029729200551208827,0.8945928417576288,68,0.263864549596287,74.3,75.13,QQQ,call,2026-10-30,mid,short,740.745,110925.04174397093,110925.04174397093,-9.145522413246123,74.715,0.0
673.0,2026,10,30,P,0.0029729200551208827,-0.10540715824237126,77,0.2525185224194276,3.17,3.24,QQQ,put,2026-10-30,mid,short,740.745,-125606.29726890825,125606.29726890825,-9.145522413246123,3.205,0.0
673.0,2026,11,30,C,0.0029870446936507864,0.8466249646794433,14,0.2506203797110884,80.04,81.05,QQQ,call,2026-11-30,mid,short,740.745,22946.011866496196,22946.011866496196,-9.145522413246123,80.545,0.0
673.0,2026,11,30,P,0.0029870446936507864,-0.15337503532055674,68,0.24315754752389354,6.57,6.72,QQQ,put,2026-11-30,mid,short,740.745,-111452.05763726725,111452.05763726725,-9.145522413246123,6.645,0.0
674.0,2026,9,22,C,0.00032162558360634134,0.9973718518174749,0,1.3706228486619265,65.63,69.04,QQQ,call,2026-09-22,mid,short,740.745,0.0,0.0,-9.01052318949166,67.33500000000001,4.0
674.0,2026,9,22,P,0.00032162558360634134,-0.0026281481825250978,593,0.6105805358656975,0.01,0.03,QQQ,put,2026-09-22,mid,short,740.745,-104650.84466970294,104650.84466970294,-9.01052318949166,0.02,927.0
674.0,2026,9,23,C,0.0003210040217476426,0.9973744209980281,0,0.9695796569700202,65.65,69.11,QQQ,call,2026-09-23,mid,short,740.745,0.0,0.0,-9.01052318949166,67.38,0.0
674.0,2026,9,23,P,0.0003210040217476426,-0.0026255790019719363,955,0.43220407088117063,0.01,0.03,QQQ,put,2026-09-23,mid,short,740.745,-168209.80313075616,168209.80313075616,-9.01052318949166,0.02,0.0
674.0,2026,9,24,C,0.0004978275555144022,0.9953605750183727,0,0.7938545907076209,65.76,69.2,QQQ,call,2026-09-24,mid,short,740.745,0.0,0.0,-9.01052318949166,67.48,0.0
674.0,2026,9,24,P,0.0004978275555144022,-0.004639424981627248,293,0.3924056398326386,0.03,0.05,QQQ,put,2026-09-24,mid,short,740.745,-80035.7482581568,80035.7482581568,-9.01052318949166,0.04,0.0
674.0,2026,9,25,C,0.0006659656009140509,0.9931415225007283,1,0.6981536771816685,66.0,69.4,QQQ,call,2026-09-25,mid,short,740.745,365.4174263596598,365.4174263596598,-9.01052318949166,67.7,0.0
674.0,2026,9,25,P,0.0006659656009140509,-0.006858477499271731,407,0.3595370655513545,0.05,0.08,QQQ,put,2026-09-25,mid,short,740.745,-148724.89252838152,148724.89252838152,-9.01052318949166,0.065,0.0
674.0,2026,9,28,C,0.0009797550277790901,0.9881844950364889,0,0.5242244128785294,66.1,69.54,QQQ,call,2026-09-28,mid,short,740.745,0.0,0.0,-9.01052318949166,67.82,0.0
674.0,2026,9,28,P,0.0009797550277790901,-0.011815504963511093,8,0.2999312915840345,0.11,0.15,QQQ,put,2026-09-28,mid,short,740.745,-4300.757399151946,4300.757399151946,-9.01052318949166,0.13,0.0
674.0,2026,9,29,C,0.0012093569422780928,0.9838759696507818,0,0.4950784052645695,66.25,69.69,QQQ,call,2026-09-29,mid,short,740.745,0.0,0.0,-9.01052318949166,67.97,0.0
674.0,2026,9,29,P,0.0012093569422780928,-0.01612403034921815,64,0.30033285030207196,0.18,0.21,QQQ,put,2026-09-29,mid,short,740.745,-42468.99006588008,42468.99006588008,-9.01052318949166,0.195,0.0
674.0,2026,9,30,C,0.0014892709547263596,0.9777307019592365,28,0.47167180878191123,66.45,69.85,QQQ,call,2026-09-30,mid,short,740.745,22880.694803272527,22880.694803272527,-9.01052318949166,68.15,0.0
674.0,2026,9,30,P,0.0014892709547263596,-0.022269298040763524,143,0.302799494544426,0.28,0.32,QQQ,put,2026-09-30,mid,short,740.745,-116854.97703099897,116854.97703099897,-9.01052318949166,0.30000000000000004,0.0
674.0,2026,10,1,C,0.0016459371729726174,0.973775496256834,0,0.45447417497579984,66.63,70.06,QQQ,call,2026-10-01,mid,short,740.745,0.0,0.0,-9.01052318949166,68.345,0.0
674.0,2026,10,1,P,0.0016459371729726174,-0.026224503743165935,1,0.2980160905536268,0.35,0.4,QQQ,put,2026-10-01,mid,short,740.745,-903.1309197830044,903.1309197830044,-9.01052318949166,0.375,0.0
674.0,2026,10,16,C,0.0026782778494659834,0.9307711703061403,58,0.22677929785658113,69.48,72.59,QQQ,call,2026-10-16,mid,short,740.745,85235.6113500623,85235.6113500623,-9.01052318949166,71.035,0.0
674.0,2026,10,16,P,0.0026782778494659834,-0.06922882969385964,3075,0.25562386984231167,1.54,1.58,QQQ,put,2026-10-16,mid,short,740.745,-4518956.981059339,4518956.981059339,-9.01052318949166,1.56,0.0
674.0,2026,10,30,C,0.0030339134469640466,0.8922776241647947,13,0.26245080022848294,73.37,74.2,QQQ,call,2026-10-30,mid,short,740.745,21641.33244548529,21641.33244548529,-9.01052318949166,73.785,0.0
674.0,2026,10,30,P,0.0030339134469640466,-0.10772237583520522,106,0.2513621845256346,3.24,3.31,QQQ,put,2026-10-30,mid,short,740.745,-176460.09532472622,176460.09532472622,-9.01052318949166,3.2750000000000004,0.0
674.0,2026,11,30,C,0.003030432590373451,0.8441216146685625,0,0.2296799254351124,77.63,80.17,QQQ,call,2026-11-30,mid,short,740.745,0.0,0.0,-9.01052318949166,78.9,0.0
674.0,2026,11,30,P,0.003030432590373451,-0.1558783853314375,5,0.2422611285236856,6.68,6.83,QQQ,put,2026-11-30,mid,short,740.745,-8314.039617142482,8314.039617142482,-9.01052318949166,6.755,0.0
675.0,2026,9,22,C,0.000330224531488183,0.9973365581299103,10,1.3544498470285962,64.6,68.04,QQQ,call,2026-09-22,mid,short,740.745,1811.9524229421845,1811.9524229421845,-8.875523965737198,66.32,1.0
675.0,2026,9,22,P,0.000330224531488183,-0.0026634418700896955,841,0.6018046799064325,0.01,0.03,QQQ,put,2026-09-22,mid,short,740.745,-152385.19876943776,152385.19876943776,-8.875523965737198,0.02,2478.0
675.0,2026,9,23,C,0.00032957656496453673,0.9973392016598336,0,0.9569996292520785,64.68,68.1,QQQ,call,2026-09-23,mid,short,740.745,0.0,0.0,-8.875523965737198,66.39,0.0
675.0,2026,9,23,P,0.00032957656496453673,-0.002660798340166389,1532,0.42599909112244694,0.01,0.03,QQQ,put,2026-09-23,mid,short,740.745,-277046.4219601018,277046.4219601018,-8.875523965737198,0.02,0.0
675.0,2026,9,24,C,0.0005108318674462695,0.9952995766518077,0,0.781708678314328,64.75,68.17,QQQ,call,2026-09-24,mid,short,740.745,0.0,0.0,-8.875523965737198,66.46000000000001,0.0
675.0,2026,9,24,P,0.0005108318674462695,-0.0047004233481923365,1194,0.3868699544418316,0.03,0.05,QQQ,put,2026-09-24,mid,short,740.745,-334672.29848196637,334672.29848196637,-8.875523965737198,0.04,0.0
675.0,2026,9,25,C,0.0007424471284847128,0.9922132062112761,47,0.6899629482327921,65.0,68.4,QQQ,call,2026-09-25,mid,short,740.745,19147.00484642423,19147.00484642423,-8.875523965737198,66.7,0.0
675.0,2026,9,25,P,0.0007424471284847128,-0.007786793788723893,2976,0.3687029837676301,0.07,0.08,QQQ,put,2026-09-25,mid,short,740.745,-1212372.0515523087,1212372.0515523087,-8.875523965737198,0.07500000000000001,0.0
675.0,2026,9,28,C,0.0010246296382167995,0.9876808709660793,0,0.5186529382691344,65.12,68.55,QQQ,call,2026-09-28,mid,short,740.745,0.0,0.0,-8.875523965737198,66.83500000000001,0.0
675.0,2026,9,28,P,0.0010246296382167995,-0.012319129033920746,533,0.29923605273160037,0.12,0.15,QQQ,put,2026-09-28,mid,short,740.745,-299661.9356131567,299661.9356131567,-8.875523965737198,0.135,0.0
675.0,2026,9,29,C,0.0012546334203647,0.9833605042356398,0,0.4892683479747978,65.24,68.69,QQQ,call,2026-09-29,mid,short,740.745,0.0,0.0,-8.875523965737198,66.965,0.0
675.0,2026,9,29,P,0.0012546334203647,-0.016639495764360187,676,0.29629331613730125,0.18,0.22,QQQ,put,2026-09-29,mid,short,740.745,-465372.8097200486,465372.8097200486,-8.875523965737198,0.2,0.0
675.0,2026,9,30,C,0.0015362334822295928,0.9771853537843201,415,0.4666711297052433,65.62,68.86,QQQ,call,2026-09-30,mid,short,740.745,349818.50580008427,349818.50580008427,-8.875523965737198,67.24000000000001,0.0
675.0,2026,9,30,P,0.0015362334822295928,-0.022814646215679843,10980,0.3004498377905766,0.29,0.32,QQQ,put,2026-09-30,mid,short,740.745,-9255439.02092753,9255439.02092753,-8.875523965737198,0.305,0.0
675.0,2026,10,1,C,0.0017039163176020748,0.9729502152734552,1,0.44966724993475504,65.63,69.07,QQQ,call,2026-10-01,mid,short,740.745,934.9442593668384,934.9442593668384,-8.875523965737198,67.35,0.0
675.0,2026,10,1,P,0.0017039163176020748,-0.02704978472654487,16,0.2954834531480286,0.36,0.41,QQQ,put,2026-10-01,mid,short,740.745,-14959.108149869415,14959.108149869415,-8.875523965737198,0.385,0.0
675.0,2026,10,2,C,0.0018855141498182676,0.9678277615632072,27,0.43963635790703504,66.03,69.38,QQQ,call,2026-10-02,mid,short,740.745,27933.864196938226,27933.864196938226,-8.875523965737198,67.705,0.0
675.0,2026,10,2,P,0.0018855141498182676,-0.032172238436792865,1971,0.2951520618566863,0.47,0.51,QQQ,put,2026-10-02,mid,short,740.745,-2039172.0863764905,2039172.0863764905,-8.875523965737198,0.49,0.0
675.0,2026,10,5,C,0.0020014876811086236,0.96403975959618,0,0.4012921236981975,66.13,69.88,QQQ,call,2026-10-05,mid,short,740.745,0.0,0.0,-8.875523965737198,68.005,0.0
675.0,2026,10,5,P,0.0020014876811086236,-0.03596024040381992,0,0.2698788977902304,0.55,0.6,QQQ,put,2026-10-05,mid,short,740.745,-0.0,0.0,-8.875523965737198,0.575,0.0
675.0,2026,10,9,C,0.002390908505601362,0.9490833277855935,23,0.3715408283233501,66.83,70.69,QQQ,call,2026-10-09,mid,short,740.745,30173.67792919024,30173.67792919024,-8.875523965737198,68.75999999999999,0.0
675.0,2026,10,9,P,0.002390908505601362,-0.05091667221440649,1164,0.2645935763586816,0.93,0.98,QQQ,put,2026-10-09,mid,short,740.745,-1527050.483025106,1527050.483025106,-8.875523965737198,0.9550000000000001,0.0
675.0,2026,10,16,C,0.0027518626880635665,0.9287679421151843,531,0.23077178634779777,68.62,71.63,QQQ,call,2026-10-16,mid,short,740.745,801786.4974812459,801786.4974812459,-8.875523965737198,70.125,0.0
675.0,2026,10,16,P,0.0027518626880635665,-0.07123205788481564,23957,0.25451043641934795,1.59,1.62,QQQ,put,2026-10-16,mid,short,740.745,-36174009.642482504,36174009.642482504,-8.875523965737198,1.605,0.0
675.0,2026,10,23,C,0.0029593157742851266,0.9104017577066217,19,0.25358269702450514,70.6,71.39,QQQ,call,2026-10-23,mid,short,740.745,30851.932139244494,30851.932139244494,-8.875523965737198,70.995,0.0
675.0,2026,10,23,P,0.0029593157742851266,-0.08959824229337834,898,0.24822954704887312,2.3,2.38,QQQ,put,2026-10-23,mid,short,740.745,-1458159.7400548188,1458159.7400548188,-8.875523965737198,2.34,0.0
675.0,2026,10,30,C,0.003095340552018951,0.8900350381150075,30,0.2612153406377436,72.45,73.27,QQQ,call,2026-10-30,mid,short,740.745,50952.6938030887,50952.6938030887,-8.875523965737198,72.86,0.0
675.0,2026,10,30,P,0.003095340552018951,-0.10996496188499252,1795,0.2499480424935888,3.3,3.38,QQQ,put,2026-10-30,mid,short,740.745,-3048669.5125514753,3048669.5125514753,-8.875523965737198,3.34,0.0
675.0,2026,11,20,C,0.003118438338534489,0.8503437588456078,657,0.25334614379415543,76.57,77.38,QQQ,call,2026-11-20,mid,short,740.745,1124190.6995038493,1124190.6995038493,-8.875523965737198,76.975,0.0
675.0,2026,11,20,P,0.003118438338534489,-0.1496562411543922,4834,0.24769807012316422,6.0,6.11,QQQ,put,2026-11-20,mid,short,740.745,-8271442.680976571,8271442.680976571,-8.875523965737198,6.055,0.0
675.0,2026,11,30,C,0.00307419021794708,0.84148587790307,4,0.2487086510933149,78.28,79.04,QQQ,call,2026-11-30,mid,short,740.745,6747.271486938223,6747.271486938223,-8.875523965737198,78.66,0.0
675.0,2026,11,30,P,0.00307419021794708,-0.15851412209693005,10090,0.24146792706538822,6.8,6.95,QQQ,put,2026-11-30,mid,short,740.745,-17019992.325801663,17019992.325801663,-8.875523965737198,6.875,0.0
675.0,2026,12,18,C,0.002953989375209199,0.8201060535457596,1584,0.24983077037695825,81.95,82.92,QQQ,call,2026-12-18,mid,short,740.745,2567447.4514987837,2567447.4514987837,-8.875523965737198,82.435,0.0
675.0,2026,12,18,P,0.002953989375209199,-0.1798939464542404,23704,0.24334315803698503,9.1,9.24,QQQ,put,2026-12-18,mid,short,740.745,-38420943.42823685,38420943.42823685,-8.875523965737198,9.17,0.0
675.0,2026,12,31,C,0.002870286398871942,0.8107145069167825,3727,0.2419900255749144,83.61,84.61,QQQ,call,2026-12-31,mid,short,740.745,5869783.501157539,5869783.501157539,-8.875523965737198,84.11,0.0
675.0,2026,12,31,P,0.002870286398871942,-0.18928549308321757,2338,0.24111781974186286,10.34,10.53,QQQ,put,2026-12-31,mid,short,740.745,-3682198.5043483567,3682198.5043483567,-8.875523965737198,10.434999999999999,0.0
675.0,2027,1,15,C,0.002773684601110712,0.8013462887281703,4730,0.24699293980017215,86.9,87.95,QQQ,call,2027-01-15,mid,short,740.745,7198726.495616632,7198726.495616632,-8.875523965737198,87.42500000000001,0.0
675.0,2027,1,15,P,0.002773684601110712,-0.19865371127182974,8712,0.24021093796055046,11.83,11.94,QQQ,put,2027-01-15,mid,short,740.745,-13259049.73146133,13259049.73146133,-8.875523965737198,11.885,0.0
675.0,2027,2,19,C,0.0025627838924349626,0.7845133044687003,102,0.24471181525613214,92.69,95.43,QQQ,call,2027-02-19,mid,short,740.745,143433.17595748405,143433.17595748405,-8.875523965737198,94.06,0.0
675.0,2027,2,19,P,0.0025627838924349626,-0.21548669553129973,269,0.238396310000208,14.98,15.31,QQQ,put,2027-02-19,mid,short,740.745,-378269.84639767854,378269.84639767854,-8.875523965737198,15.145,0.0
675.0,2027,3,19,C,0.002407110155374394,0.7738650579769095,1575,0.24780248595214202,97.74,100.4,QQQ,call,2027-03-19,mid,short,740.745,2080242.575375971,2080242.575375971,-8.875523965737198,99.07,0.0
675.0,2027,3,19,P,0.002407110155374394,-0.22613494202309042,2628,0.23981349176046687,17.63,17.96,QQQ,put,2027-03-19,mid,short,740.745,-3471033.325770191,3471033.325770191,-8.875523965737198,17.795,0.0
675.0,2027,3,31,C,0.0023256140934704906,0.767597846200944,346,0.24019237710053412,98.41,101.91,QQQ,call,2027-03-31,mid,short,740.745,441520.8394984208,441520.8394984208,-8.875523965737198,100.16,0.0
675.0,2027,3,31,P,0.0023256140934704906,-0.23240215379905607,318,0.2357192440105962,17.96,21.0,QQQ,put,2027-03-31,mid,short,740.745,-405790.82936560066,405790.82936560066,-8.875523965737198,19.48,0.0
675.0,2027,6,17,C,0.002014941113503848,0.7532464870168847,2084,0.2549403634587434,112.73,115.09,QQQ,call,2027-06-17,mid,short,740.745,2304079.874216505,2304079.874216505,-8.875523965737198,113.91,0.0
675.0,2027,6,17,P,0.002014941113503848,-0.2467535129831153,7492,0.24383772544243684,25.14,26.12,QQQ,put,2027-06-17,mid,short,740.745,-8283189.259899257,8283189.259899257,-8.875523965737198,25.630000000000003,0.0
675.0,2027,6,30,C,0.001957036435582575,0.7500436820208882,103,0.25044607470618474,113.66,117.0,QQQ,call,2027-06-30,mid,short,740.745,110604.702870413,110604.702870413,-8.875523965737198,115.33,0.0
675.0,2027,6,30,P,0.001957036435582575,-0.2499563179791118,480,0.24403033134915697,26.05,28.25,QQQ,put,2027-06-30,mid,short,740.745,-515439.3920174587,515439.3920174587,-8.875523965737198,27.15,0.0
675.0,2027,9,17,C,0.001747065528629158,0.7446686526582561,245,0.25584649348467486,125.56,129.5,QQQ,call,2027-09-17,mid,short,740.745,234861.99006058837,234861.99006058837,-8.875523965737198,127.53,0.0
675.0,2027,9,17,P,0.001747065528629158,-0.2553313473417439,246,0.24604919093373623,31.31,33.02,QQQ,put,2027-09-17,mid,short,740.745,-235820.61042818264,235820.61042818264,-8.875523965737198,32.165,0.0
675.0,2027,12,17,C,0.0015636345114208587,0.7423232916763046,682,0.25692536738255434,137.28,141.5,QQQ,call,2027-12-17,mid,short,740.745,585136.3513908129,585136.3513908129,-8.875523965737198,139.39,0.0
675.0,2027,12,17,P,0.0015636345114208587,-0.2576767083236954,2835,0.2445244739518496,35.61,38.77,QQQ,put,2027-12-17,mid,short,740.745,-2432348.3228635704,2432348.3228635704,-8.875523965737198,37.19,0.0
675.0,2028,1,21,C,0.0014998341572644799,0.7415956816941673,246,0.25545100371231516,141.05,145.0,QQQ,call,2028-01-21,mid,short,740.745,202449.0785898994,202449.0785898994,-8.875523965737198,143.025,0.0
675.0,2028,1,21,P,0.0014998341572644799,-0.25840431830583266,147,0.2437796197701976,37.0,41.5,QQQ,put,2028-01-21,mid,short,740.745,-120975.66891347649,120975.66891347649,-8.875523965737198,39.25,0.0
675.0,2028,6,16,C,0.0013028478555391994,0.7432405316328309,265,0.2603364170074262,159.0,163.5,QQQ,call,2028-06-16,mid,short,740.745,189442.3331457572,189442.3331457572,-8.875523965737198,161.25,0.0
675.0,2028,6,16,P,0.0013028478555391994,-0.2567594683671691,897,0.24619433701433707,43.5,48.0,QQQ,put,2028-06-16,mid,short,740.745,-641244.425780167,641244.425780167,-8.875523965737198,45.75,0.0
675.0,2028,12,15,C,0.0011219013713038763,0.7474968502530955,286,0.26275642572755376,178.5,183.5,QQQ,call,2028-12-15,mid,short,740.745,176058.97510953495,176058.97510953495,-8.875523965737198,181.0,0.0
675.0,2028,12,15,P,0.0011219013713038763,-0.25250314974690447,120,0.2500003202555081,50.5,55.5,QQQ,put,2028-12-15,mid,short,740.745,-73870.89864735732,73870.89864735732,-8.875523965737198,53.0,0.0
675.0,2029,1,19,C,0.001095727401579216,0.7487766509573844,0,0.26301344460302767,182.0,186.5,QQQ,call,2029-01-19,mid,short,740.745,0.0,0.0,-8.875523965737198,184.25,0.0
675.0,2029,1,19,P,0.001095727401579216,-0.25122334904261556,0,0.25011046238601936,51.5,56.5,QQQ,put,2029-01-19,mid,short,740.745,-0.0,0.0,-8.875523965737198,54.0,0.0
676.0,2026,9,22,C,0.0003391783598561042,0.9973002888565625,0,1.3382641757399343,63.6,67.04,QQQ,call,2026-09-22,mid,short,740.745,0.0,0.0,-8.740524741982734,65.32000000000001,46.0
676.0,2026,9,22,P,0.0003391783598561042,-0.0026997111434374312,577,0.5930324063511684,0.01,0.03,QQQ,put,2026-09-22,mid,short,740.745,-107384.45226965677,107384.45226965677,-8.740524741982734,0.02,1068.0
676.0,2026,9,23,C,0.000338502468826788,0.9973030099953373,0,0.9466844087610776,63.69,67.11,QQQ,call,2026-09-23,mid,short,740.745,0.0,0.0,-8.740524741982734,65.4,0.0
676.0,2026,9,23,P,0.000338502468826788,-0.002696990004662679,526,0.41979665387056603,0.01,0.03,QQQ,put,2026-09-23,mid,short,740.745,-97697.85800285942,97697.85800285942,-8.740524741982734,0.02,0.0
676.0,2026,9,24,C,0.000524362748498083,0.995236918693211,0,0.7760378695575635,63.76,67.21,QQQ,call,2026-09-24,mid,short,740.745,0.0,0.0,-8.740524741982734,65.485,0.0
676.0,2026,9,24,P,0.000524362748498083,-0.004763081306789008,243,0.3813356943149631,0.03,0.05,QQQ,put,2026-09-24,mid,short,740.745,-69915.83715827034,69915.83715827034,-8.740524741982734,0.04,0.0
676.0,2026,9,25,C,0.0007317999423590289,0.9925330307878112,0,0.6809894710145276,64.18,67.39,QQQ,call,2026-09-25,mid,short,740.745,0.0,0.0,-8.740524741982734,65.785,0.0
676.0,2026,9,25,P,0.0007317999423590289,-0.0074669692121888285,364,0.3569290580184936,0.06,0.08,QQQ,put,2026-09-25,mid,short,740.745,-146160.90114790248,146160.90114790248,-8.740524741982734,0.07,0.0
676.0,2026,9,28,C,0.0010503513296730412,0.9875244342239524,0,0.5124720998792024,64.11,67.55,QQQ,call,2026-09-28,mid,short,740.745,0.0,0.0,-8.740524741982734,65.83,0.0
676.0,2026,9,28,P,0.0010503513296730412,-0.01247556577604754,154,0.295102458641005,0.12,0.15,QQQ,put,2026-09-28,mid,short,740.745,-88754.98762535045,88754.98762535045,-8.740524741982734,0.135,0.0
676.0,2026,9,29,C,0.001317187598450766,0.9825188404719085,0,0.48400444456091274,64.29,67.7,QQQ,call,2026-09-29,mid,short,740.745,0.0,0.0,-8.740524741982734,65.995,0.0
676.0,2026,9,29,P,0.001317187598450766,-0.017481159528091508,17,0.2945470084222583,0.19,0.23,QQQ,put,2026-09-29,mid,short,740.745,-12286.66484750555,12286.66484750555,-8.740524741982734,0.21000000000000002,0.0
676.0,2026,9,30,C,0.0015848458545925054,0.9766284576113403,21,0.4616584338013221,64.58,67.87,QQQ,call,2026-09-30,mid,short,740.745,18261.8083335072,18261.8083335072,-8.740524741982734,66.225,0.0
676.0,2026,9,30,P,0.0015848458545925054,-0.02337154238865966,19889,0.2964250271055741,0.29,0.33,QQQ,put,2026-09-30,mid,short,740.745,-17295671.711672608,17295671.711672608,-8.740524741982734,0.31,0.0
676.0,2026,10,1,C,0.0017636682354108767,0.9721104307620512,0,0.44484920719082605,64.64,68.08,QQQ,call,2026-10-01,mid,short,740.745,0.0,0.0,-8.740524741982734,66.36,0.0
676.0,2026,10,1,P,0.0017636682354108767,-0.027889569237948816,19,0.2928996165282224,0.37,0.42,QQQ,put,2026-10-01,mid,short,740.745,-18386.876178559127,18386.876178559127,-8.740524741982734,0.395,0.0
676.0,2026,10,2,C,0.0019451253705629443,0.9669749214911285,1,0.4353813983569557,65.19,68.4,QQQ,call,2026-10-02,mid,short,740.745,1067.2964277470599,1067.2964277470599,-8.740524741982734,66.795,0.0
676.0,2026,10,2,P,0.0019451253705629443,-0.03302507850887147,160,0.29237400840430317,0.48,0.52,QQQ,put,2026-10-02,mid,short,740.745,-170767.42843952955,170767.42843952955,-8.740524741982734,0.5,0.0
676.0,2026,10,9,C,0.0024632333655715774,0.9476127376600476,2,0.36826523260503646,66.0,69.72,QQQ,call,2026-10-09,mid,short,740.745,2703.1678385039477,2703.1678385039477,-8.740524741982734,67.86,0.0
676.0,2026,10,9,P,0.0024632333655715774,-0.05238726233995236,130,0.2630146925925418,0.96,1.0,QQQ,put,2026-10-09,mid,short,740.745,-175705.9095027566,175705.9095027566,-8.740524741982734,0.98,0.0
676.0,2026,10,16,C,0.0028205046314206165,0.9271672092406616,63,0.25611334196823576,68.31,70.67,QQQ,call,2026-10-16,mid,short,740.745,97500.04677145637,97500.04677145637,-8.740524741982734,69.49000000000001,0.0
676.0,2026,10,16,P,0.0028205046314206165,-0.07283279075933838,534,0.2522139701254936,1.61,1.66,QQQ,put,2026-10-16,mid,short,740.745,-826428.9678723445,826428.9678723445,-8.740524741982734,1.635,0.0
676.0,2026,10,23,C,0.0030275401109369107,0.9083443575065789,0,0.2522119293837605,69.66,70.45,QQQ,call,2026-10-23,mid,short,740.745,0.0,0.0,-8.740524741982734,70.055,0.0
676.0,2026,10,23,P,0.0030275401109369107,-0.09165564249342108,146,0.24677157441898082,2.35,2.43,QQQ,put,2026-10-23,mid,short,740.745,-242538.2383820299,242538.2383820299,-8.740524741982734,2.39,0.0
676.0,2026,10,30,C,0.0031609184085424845,0.8872076828692014,14,0.2599448251322197,71.53,72.35,QQQ,call,2026-10-30,mid,short,740.745,24281.682649614086,24281.682649614086,-8.740524741982734,71.94,0.0
676.0,2026,10,30,P,0.0031609184085424845,-0.11279231713079867,4554,0.24893877942261453,3.38,3.49,QQQ,put,2026-10-30,mid,short,740.745,-7898484.484738752,7898484.484738752,-8.740524741982734,3.435,0.0
676.0,2026,11,30,C,0.0031186434994895833,0.8389454050561855,5,0.24771781937961254,77.4,78.15,QQQ,call,2026-11-30,mid,short,740.745,8556.047637840707,8556.047637840707,-8.740524741982734,77.775,0.0
676.0,2026,11,30,P,0.0031186434994895833,-0.16105459494381444,31,0.2403945122256986,6.9,7.07,QQQ,put,2026-11-30,mid,short,740.745,-53047.49535461239,53047.49535461239,-8.740524741982734,6.985,0.0
677.0,2026,9,22,C,0.00034850732213240605,0.9972630015142105,0,1.322065092943139,62.6,66.04,QQQ,call,2026-09-22,mid,short,740.745,0.0,0.0,-8.605525518228271,64.32000000000001,6.0
677.0,2026,9,22,P,0.00034850732213240605,-0.002736998485789485,582,0.584263522685125,0.01,0.03,QQQ,put,2026-09-22,mid,short,740.745,-111294.15311235854,111294.15311235854,-8.605525518228271,0.02,251.0
677.0,2026,9,23,C,0.0003478018748302406,0.9972658037163986,0,0.9352231817192228,62.68,66.11,QQQ,call,2026-09-23,mid,short,740.745,0.0,0.0,-8.605525518228271,64.395,0.0
677.0,2026,9,23,P,0.0003478018748302406,-0.0027341962836013654,140,0.41359662331910724,0.01,0.03,QQQ,put,2026-09-23,mid,short,740.745,-26717.598046014842,26717.598046014842,-8.605525518228271,0.02,0.0
677.0,2026,9,24,C,0.0005384497699284921,0.9951725297650905,0,0.7630029259141372,62.75,66.17,QQQ,call,2026-09-24,mid,short,740.745,0.0,0.0,-8.605525518228271,64.46000000000001,0.0
677.0,2026,9,24,P,0.0005384497699284921,-0.0048274702349094855,714,0.3758027222492988,0.03,0.05,QQQ,put,2026-09-24,mid,short,740.745,-210950.64853372582,210950.64853372582,-8.605525518228271,0.04,0.0
677.0,2026,9,25,C,0.000751039152638604,0.9924340443892654,1,0.6727920314176762,63.21,66.39,QQQ,call,2026-09-25,mid,short,740.745,412.09755260010456,412.09755260010456,-8.605525518228271,64.8,0.0
677.0,2026,9,25,P,0.000751039152638604,-0.007565955610734625,438,0.3518260106446977,0.06,0.08,QQQ,put,2026-09-25,mid,short,740.745,-180498.72803884582,180498.72803884582,-8.605525518228271,0.07,0.0
677.0,2026,9,28,C,0.001118701666228408,0.9866467937665022,0,0.5068775437554799,63.13,66.56,QQQ,call,2026-09-28,mid,short,740.745,0.0,0.0,-8.605525518228271,64.845,0.0
677.0,2026,9,28,P,0.001118701666228408,-0.013353206233497752,14,0.29411259905666287,0.13,0.16,QQQ,put,2026-09-28,mid,short,740.745,-8593.691873077529,8593.691873077529,-8.605525518228271,0.14500000000000002,0.0
677.0,2026,9,29,C,0.0013657226716993986,0.9819811873344377,0,0.47872725238701014,63.29,66.71,QQQ,call,2026-09-29,mid,short,740.745,0.0,0.0,-8.605525518228271,65.0,0.0
677.0,2026,9,29,P,0.0013657226716993986,-0.01801881266556226,40,0.29267456074413145,0.2,0.23,QQQ,put,2026-09-29,mid,short,740.745,-29975.053554025293,29975.053554025293,-8.605525518228271,0.21500000000000002,0.0
677.0,2026,9,30,C,0.0016470000064445014,0.9757800144772151,51,0.4566334749513941,63.52,66.88,QQQ,call,2026-09-30,mid,short,740.745,46089.419092976954,46089.419092976954,-8.605525518228271,65.2,0.0
677.0,2026,9,30,P,0.0016470000064445014,-0.02421998552278496,1081,0.2939883895795551,0.3,0.34,QQQ,put,2026-09-30,mid,short,740.745,-976914.9419511391,976914.9419511391,-8.605525518228271,0.32,0.0
677.0,2026,10,1,C,0.001834958429576715,0.9709987971709236,0,0.44048739962102745,63.66,67.1,QQQ,call,2026-10-01,mid,short,740.745,0.0,0.0,-8.605525518228271,65.38,0.0
677.0,2026,10,1,P,0.001834958429576715,-0.029001202829076384,32,0.29154684099498485,0.39,0.43,QQQ,put,2026-10-01,mid,short,740.745,-32219.11934875081,32219.11934875081,-8.605525518228271,0.41000000000000003,0.0
677.0,2026,10,2,C,0.0020066565218781265,0.9661058117496327,2,0.4311078981042536,64.22,67.42,QQQ,call,2026-10-02,mid,short,740.745,2202.117529212042,2202.117529212042,-8.605525518228271,65.82,0.0
677.0,2026,10,2,P,0.0020066565218781265,-0.033894188250367295,274,0.28956018521575455,0.49,0.53,QQQ,put,2026-10-02,mid,short,740.745,-301690.1015020498,301690.1015020498,-8.605525518228271,0.51,0.0
677.0,2026,10,9,C,0.002537375866862969,0.9461209166383759,4,0.3646674667360443,65.0,68.74,QQQ,call,2026-10-09,mid,short,740.745,5569.064574528023,5569.064574528023,-8.605525518228271,66.87,0.0
677.0,2026,10,9,P,0.002537375866862969,-0.05387908336162407,83,0.26081327822125056,0.98,1.03,QQQ,put,2026-10-09,mid,short,740.745,-115558.08992145647,115558.08992145647,-8.605525518228271,1.005,0.0
677.0,2026,10,16,C,0.002897097444397234,0.9251188050807759,163,0.26501944360584273,67.66,69.92,QQQ,call,2026-10-16,mid,short,740.745,259112.38082936715,259112.38082936715,-8.605525518228271,68.78999999999999,0.0
677.0,2026,10,16,P,0.002897097444397234,-0.07488119491922413,899,0.2510045562323209,1.66,1.7,QQQ,put,2026-10-16,mid,short,740.745,-1429092.2108319085,1429092.2108319085,-8.605525518228271,1.68,0.0
677.0,2026,10,23,C,0.003097152065717119,0.9062624331642284,1,0.2508019186572047,68.72,69.51,QQQ,call,2026-10-23,mid,short,740.745,1699.4171100511794,1699.4171100511794,-8.605525518228271,69.11500000000001,0.0
677.0,2026,10,23,P,0.003097152065717119,-0.09373756683577164,131,0.24527741723959412,2.4,2.48,QQQ,put,2026-10-23,mid,short,740.745,-222623.64141670451,222623.64141670451,-8.605525518228271,2.44,0.0
677.0,2026,10,30,C,0.003222961489046382,0.8851986852555457,70,0.22619492020495333,69.14,71.43,QQQ,call,2026-10-30,mid,short,740.745,123791.43962946752,123791.43962946752,-8.605525518228271,70.285,0.0
677.0,2026,10,30,P,0.003222961489046382,-0.11480131474445436,208,0.24745915107333163,3.44,3.53,QQQ,put,2026-10-30,mid,short,740.745,-367837.42061327497,367837.42061327497,-8.605525518228271,3.485,0.0
677.0,2026,11,30,C,0.0031637943876922786,0.8364409219667093,0,0.2468262003241229,76.53,77.28,QQQ,call,2026-11-30,mid,short,740.745,0.0,0.0,-8.605525518228271,76.905,0.0
677.0,2026,11,30,P,0.0031637943876922786,-0.16355907803329078,4585,0.23917422849350842,6.99,7.19,QQQ,put,2026-11-30,mid,short,740.745,-7959486.467499195,7959486.467499195,-8.605525518228271,7.09,0.0
678.0,2026,9,22,C,0.00035823316188000366,0.9972246510733561,0,1.3058518319334336,61.6,65.04,QQQ,call,2026-09-22,mid,short,740.745,0.0,0.0,-8.470526294473807,63.32000000000001,16.0
678.0,2026,9,22,P,0.00035823316188000366,-0.0027753489266438623,130,0.5754978309654263,0.01,0.03,QQQ,put,2026-09-22,mid,short,740.745,-25553.276600558143,25553.276600558143,-8.470526294473807,0.02,72.0
678.0,2026,9,23,C,0.00035749640448732174,0.9972275380035244,0,0.923752172500048,61.69,65.11,QQQ,call,2026-09-23,mid,short,740.745,0.0,0.0,-8.470526294473807,63.4,0.0
678.0,2026,9,23,P,0.00035749640448732174,-0.0027724619964755942,189,0.40739885983635243,0.01,0.03,QQQ,put,2026-09-23,mid,short,740.745,-37074.12755488225,37074.12755488225,-8.470526294473807,0.02,0.0
678.0,2026,9,24,C,0.0005943652393979932,0.9946160395153177,0,0.7572607596475898,61.77,65.21,QQQ,call,2026-09-24,mid,short,740.745,0.0,0.0,-8.470526294473807,63.489999999999995,0.0
678.0,2026,9,24,P,0.0005943652393979932,-0.005383960484682254,182,0.37027089701275284,0.03,0.06,QQQ,put,2026-09-24,mid,short,740.745,-59355.67494126604,59355.67494126604,-8.470526294473807,0.045,0.0
678.0,2026,9,25,C,0.0007710672130248694,0.9923323206030209,0,0.665352731902287,62.11,65.4,QQQ,call,2026-09-25,mid,short,740.745,0.0,0.0,-8.470526294473807,63.755,0.0
678.0,2026,9,25,P,0.0007710672130248694,-0.007667679396979118,593,0.34672341080466035,0.06,0.08,QQQ,put,2026-09-25,mid,short,740.745,-250890.5984261862,250890.5984261862,-8.470526294473807,0.07,0.0
678.0,2026,9,28,C,0.001147472874531015,0.9864730440755691,0,0.48380572632741237,62.15,65.28,QQQ,call,2026-09-28,mid,short,740.745,0.0,0.0,-8.470526294473807,63.715,0.0
678.0,2026,9,28,P,0.001147472874531015,-0.013526955924430921,65,0.28994347032003254,0.13,0.16,QQQ,put,2026-09-28,mid,short,740.745,-40925.4291264503,40925.4291264503,-8.470526294473807,0.14500000000000002,0.0
678.0,2026,9,29,C,0.001415982778533045,0.9814323838833591,0,0.47343650471445964,62.31,65.72,QQQ,call,2026-09-29,mid,short,740.745,0.0,0.0,-8.470526294473807,64.015,0.0
678.0,2026,9,29,P,0.001415982778533045,-0.01856761611664089,61,0.2885853315881854,0.2,0.24,QQQ,put,2026-09-29,mid,short,740.745,-47394.20730057101,47394.20730057101,-8.470526294473807,0.22,0.0
678.0,2026,9,30,C,0.0017110448109231044,0.9749169973274214,89,0.45159599762279634,62.64,65.89,QQQ,call,2026-09-30,mid,short,740.745,83558.15606669692,83558.15606669692,-8.470526294473807,64.265,0.0
678.0,2026,9,30,P,0.0017110448109231044,-0.025083002672578517,204,0.291485320956367,0.31,0.35,QQQ,put,2026-09-30,mid,short,740.745,-191526.55997310302,191526.55997310302,-8.470526294473807,0.32999999999999996,0.0
678.0,2026,10,1,C,0.0018985431731514794,0.970127355971762,0,0.43564222978792894,62.67,66.11,QQQ,call,2026-10-01,mid,short,740.745,0.0,0.0,-8.470526294473807,64.39,0.0
678.0,2026,10,1,P,0.0018985431731514794,-0.029872644028237923,12,0.28883285962666794,0.4,0.44,QQQ,put,2026-10-01,mid,short,740.745,-12500.839548712698,12500.839548712698,-8.470526294473807,0.42000000000000004,0.0
678.0,2026,10,2,C,0.002086042606588988,0.9647462089282985,1,0.4263907456157036,63.17,66.43,QQQ,call,2026-10-02,mid,short,740.745,1144.6181597519526,1144.6181597519526,-8.470526294473807,64.80000000000001,0.0
678.0,2026,10,2,P,0.002086042606588988,-0.03525379107170141,353,0.2877403766232248,0.51,0.55,QQQ,put,2026-10-02,mid,short,740.745,-404050.2103924392,404050.2103924392,-8.470526294473807,0.53,0.0
678.0,2026,10,9,C,0.002617378396952365,0.9444275619548381,7,0.36135858422303074,64.0,67.77,QQQ,call,2026-10-09,mid,short,740.745,10053.146490114279,10053.146490114279,-8.470526294473807,65.88499999999999,0.0
678.0,2026,10,9,P,0.002617378396952365,-0.05557243804516189,112,0.25912812925100837,1.01,1.06,QQQ,put,2026-10-09,mid,short,740.745,-160850.34384182846,160850.34384182846,-8.470526294473807,1.0350000000000001,0.0
678.0,2026,10,16,C,0.0029732189936610334,0.9231874640123682,61,0.2630529614164347,66.7,67.46,QQQ,call,2026-10-16,mid,short,740.745,99516.29318652595,99516.29318652595,-8.470526294473807,67.08,0.0
678.0,2026,10,16,P,0.0029732189936610334,-0.0768125359876318,1903,0.2493771829917294,1.7,1.74,QQQ,put,2026-10-16,mid,short,740.745,-3104582.064491129,3104582.064491129,-8.470526294473807,1.72,0.0
678.0,2026,10,23,C,0.0031713691102102193,0.9038110786836538,0,0.25064998764940355,67.83,68.49,QQQ,call,2026-10-23,mid,short,740.745,0.0,0.0,-8.470526294473807,68.16,0.0
678.0,2026,10,23,P,0.0031713691102102193,-0.09618892131634618,42,0.24401744395041067,2.46,2.55,QQQ,put,2026-10-23,mid,short,740.745,-73085.88993388931,73085.88993388931,-8.470526294473807,2.505,0.0
678.0,2026,10,30,C,0.003289040914286018,0.8826062501318919,6,0.2573010085536382,69.69,70.51,QQQ,call,2026-10-30,mid,short,740.745,10828.242760050292,10828.242760050292,-8.470526294473807,70.1,0.0
678.0,2026,10,30,P,0.003289040914286018,-0.11739374986810817,214,0.24658316656480073,3.53,3.6,QQQ,put,2026-10-30,mid,short,740.745,-386207.3251084605,386207.3251084605,-8.470526294473807,3.565,0.0
678.0,2026,11,30,C,0.0032085008263952487,0.8334704318804153,1,0.24590947260881746,75.66,76.66,QQQ,call,2026-11-30,mid,short,740.745,1760.5145263433928,1760.5145263433928,-8.470526294473807,76.16,0.0
678.0,2026,11,30,P,0.0032085008263952487,-0.16652956811958475,48,0.23880345649952123,7.15,7.32,QQQ,put,2026-11-30,mid,short,740.745,-84504.69726448285,84504.69726448285,-8.470526294473807,7.235,0.0
679.0,2026,9,22,C,0.00036837924795916514,0.9971851897624598,0,1.2896235998246965,60.57,64.04,QQQ,call,2026-09-22,mid,short,740.745,0.0,0.0,-8.335527070719344,62.30500000000001,20.0
679.0,2026,9,22,P,0.00036837924795916514,-0.0028148102375401204,280,0.5667351275183917,0.01,0.03,QQQ,put,2026-09-22,mid,short,740.745,-56596.6395682606,56596.6395682606,-8.335527070719344,0.02,440.0
679.0,2026,9,23,C,0.000367609293327083,0.9971881653121301,0,0.9122708231832573,60.68,64.11,QQQ,call,2026-09-23,mid,short,740.745,0.0,0.0,-8.335527070719344,62.394999999999996,0.0
679.0,2026,9,23,P,0.000367609293327083,-0.0028118346878699906,193,0.40120321976092055,0.01,0.03,QQQ,put,2026-09-23,mid,short,740.745,-38929.717159560656,38929.717159560656,-8.335527070719344,0.02,0.0
679.0,2026,9,24,C,0.0006107356671902341,0.9945414109133426,0,0.744266088019419,60.74,64.17,QQQ,call,2026-09-24,mid,short,740.745,0.0,0.0,-8.335527070719344,62.455,0.0
679.0,2026,9,24,P,0.0006107356671902341,-0.00545858908665746,88,0.36474007312820944,0.03,0.06,QQQ,put,2026-09-24,mid,short,740.745,-29489.907697675022,29489.907697675022,-8.335527070719344,0.045,0.0
679.0,2026,9,25,C,0.0008240443503138053,0.9917899505171979,0,0.6571353654315298,61.19,64.4,QQQ,call,2026-09-25,mid,short,740.745,0.0,0.0,-8.335527070719344,62.795,0.0
679.0,2026,9,25,P,0.0008240443503138053,-0.008210049482802089,700,0.34162111201901607,0.06,0.09,QQQ,put,2026-09-25,mid,short,740.745,-316509.014428398,316509.014428398,-8.335527070719344,0.075,0.0
679.0,2026,9,28,C,0.0012191478359871205,0.9855737510771034,0,0.4950642790470729,61.16,64.57,QQQ,call,2026-09-28,mid,short,740.745,0.0,0.0,-8.335527070719344,62.864999999999995,0.0
679.0,2026,9,28,P,0.0012191478359871205,-0.014426248922896553,17,0.288692519644422,0.14,0.17,QQQ,put,2026-09-28,mid,short,740.745,-11372.154488816583,11372.154488816583,-8.335527070719344,0.15500000000000003,0.0
679.0,2026,9,29,C,0.0014838304681239639,0.9805535142982471,0,0.46813192429706557,61.3,64.73,QQQ,call,2026-09-29,mid,short,740.745,0.0,0.0,-8.335527070719344,63.015,0.0
679.0,2026,9,29,P,0.0014838304681239639,-0.019446485701752857,15,0.28657195520671647,0.21,0.25,QQQ,put,2026-09-29,mid,short,740.745,-12212.736890727623,12212.736890727623,-8.335527070719344,0.22999999999999998,0.0
679.0,2026,9,30,C,0.0017770911754557037,0.9740386760193662,57,0.4470407598172941,61.61,64.91,QQQ,call,2026-09-30,mid,short,740.745,55580.44548015894,55580.44548015894,-8.335527070719344,63.26,0.0
679.0,2026,9,30,P,0.0017770911754557037,-0.025961323980633746,158,0.28891849072616616,0.32,0.36,QQQ,put,2026-09-30,mid,short,740.745,-154065.09448886162,154065.09448886162,-8.335527070719344,0.33999999999999997,0.0
679.0,2026,10,1,C,0.0019642060241202726,0.9692393167912189,0,0.430785209879687,61.71,65.12,QQQ,call,2026-10-01,mid,short,740.745,0.0,0.0,-8.335527070719344,63.415000000000006,0.0
679.0,2026,10,1,P,0.0019642060241202726,-0.03076068320878108,5,0.2860734235780696,0.41,0.45,QQQ,put,2026-10-01,mid,short,740.745,-5388.830212769525,5388.830212769525,-8.335527070719344,0.43,0.0
679.0,2026,10,2,C,0.0021517423755736914,0.9638406617144695,0,0.4220838695107563,62.18,65.45,QQQ,call,2026-10-02,mid,short,740.745,0.0,0.0,-8.335527070719344,63.815,0.0
679.0,2026,10,2,P,0.0021517423755736914,-0.03615933828553047,156,0.28483521143667195,0.52,0.56,QQQ,put,2026-10-02,mid,short,740.745,-184184.1815234106,184184.1815234106,-8.335527070719344,0.54,0.0
679.0,2026,10,9,C,0.002699265176512847,0.942711626895844,2,0.1777868491809604,63.2,66.79,QQQ,call,2026-10-09,mid,short,740.745,2962.1906372034255,2962.1906372034255,-8.335527070719344,64.995,0.0
679.0,2026,10,9,P,0.002699265176512847,-0.057288373104156014,762,0.2573854062969506,1.04,1.09,QQQ,put,2026-10-09,mid,short,740.745,-1128594.6327745053,1128594.6327745053,-8.335527070719344,1.065,0.0
679.0,2026,10,16,C,0.003054954457333621,0.9209511039520466,66,0.2613755086295957,65.75,66.5,QQQ,call,2026-10-16,mid,short,740.745,110633.36784697854,110633.36784697854,-8.335527070719344,66.125,0.0
679.0,2026,10,16,P,0.003054954457333621,-0.07904889604795338,1092,0.24806025649412047,1.75,1.79,QQQ,put,2026-10-16,mid,short,740.745,-1830479.3589227358,1830479.3589227358,-8.335527070719344,1.77,0.0
679.0,2026,10,23,C,0.0032468252297050827,0.9013364970307122,2,0.24939688899307938,66.9,67.54,QQQ,call,2026-10-23,mid,short,740.745,3563.0864947078985,3563.0864947078985,-8.335527070719344,67.22,0.0
679.0,2026,10,23,P,0.0032468252297050827,-0.09866350296928782,66,0.24297780171810687,2.53,2.61,QQQ,put,2026-10-23,mid,short,740.745,-117581.85432536066,117581.85432536066,-8.335527070719344,2.57,0.0
679.0,2026,10,30,C,0.0033561490096329595,0.879990512099387,87,0.2559287978191169,68.77,69.59,QQQ,call,2026-10-30,mid,short,740.745,160213.07087780818,160213.07087780818,-8.335527070719344,69.18,0.0
679.0,2026,10,30,P,0.0033561490096329595,-0.12000948790061301,143,0.24545238637085098,3.61,3.68,QQQ,put,2026-10-30,mid,short,740.745,-263338.72569570766,263338.72569570766,-8.335527070719344,3.645,0.0
679.0,2026,11,30,C,0.0032548117367453724,0.8309250731010545,0,0.24496794386855755,74.79,75.72,QQQ,call,2026-11-30,mid,short,740.745,0.0,0.0,-8.335527070719344,75.255,0.0
679.0,2026,11,30,P,0.0032548117367453724,-0.1690749268989456,61,0.23753753046483894,7.24,7.44,QQQ,put,2026-11-30,mid,short,740.745,-108941.45360683973,108941.45360683973,-8.335527070719344,7.34,0.0
680.0,2026,9,22,C,0.0003789707243418102,0.9971445668536846,20,1.2749204025422833,59.6,63.05,QQQ,call,2026-09-22,mid,short,740.745,4158.848642169216,4158.848642169216,-8.200527846964881,61.325,2.0
680.0,2026,9,22,P,0.0003789707243418102,-0.002855433146315436,976,0.5579752026404008,0.01,0.03,QQQ,put,2026-09-22,mid,short,740.745,-202951.81373785777,202951.81373785777,-8.200527846964881,0.02,540.0
680.0,2026,9,23,C,0.0003781655397923885,0.9971476351567794,0,0.8996852021655544,59.66,63.1,QQQ,call,2026-09-23,mid,short,740.745,0.0,0.0,-8.200527846964881,61.379999999999995,0.0
680.0,2026,9,23,P,0.0003781655397923885,-0.0028523648432205767,2372,0.3950095551833873,0.01,0.03,QQQ,put,2026-09-23,mid,short,740.745,-492191.48203939496,492191.48203939496,-8.200527846964881,0.02,0.0
680.0,2026,9,24,C,0.000627808544490176,0.9944646265382999,0,0.7348848701486014,59.76,63.17,QQQ,call,2026-09-24,mid,short,740.745,0.0,0.0,-8.200527846964881,61.465,0.0
680.0,2026,9,24,P,0.000627808544490176,-0.005535373461700117,1135,0.35921010064349623,0.03,0.06,QQQ,put,2026-09-24,mid,short,740.745,-390985.4005437233,390985.4005437233,-8.200527846964881,0.045,0.0
680.0,2026,9,25,C,0.0009090356979045426,0.9908108772334078,14,0.6489103431035983,60.02,63.4,QQQ,call,2026-09-25,mid,short,740.745,6983.070576588056,6983.070576588056,-8.200527846964881,61.71,0.0
680.0,2026,9,25,P,0.0009090356979045426,-0.009189122766592277,5140,0.34849363251245175,0.08,0.09,QQQ,put,2026-09-25,mid,short,740.745,-2563784.483118757,2563784.483118757,-8.200527846964881,0.08499999999999999,0.0
680.0,2026,9,28,C,0.0012513029181326317,0.9853812190680034,0,0.48943006856499255,60.15,63.58,QQQ,call,2026-09-28,mid,short,740.745,0.0,0.0,-8.200527846964881,61.864999999999995,0.0
680.0,2026,9,28,P,0.0012513029181326317,-0.014618780931996622,497,0.2844889936129328,0.14,0.17,QQQ,put,2026-09-28,mid,short,740.745,-341237.14795846806,341237.14795846806,-8.200527846964881,0.15500000000000003,0.0
680.0,2026,9,29,C,0.0015535802619323664,0.9796611807913218,1,0.4782855330530154,60.33,64.04,QQQ,call,2026-09-29,mid,short,740.745,852.4543913068553,852.4543913068553,-8.200527846964881,62.185,0.0
680.0,2026,9,29,P,0.0015535802619323664,-0.020338819208678156,440,0.28444973802998397,0.22,0.26,QQQ,put,2026-09-29,mid,short,740.745,-375079.9321750163,375079.9321750163,-8.200527846964881,0.24,0.0
680.0,2026,9,30,C,0.0018452561508660128,0.9731442917407652,703,0.44197285918796536,60.52,63.92,QQQ,call,2026-09-30,mid,short,740.745,711786.0038820565,711786.0038820565,-8.200527846964881,62.22,0.0
680.0,2026,9,30,P,0.0018452561508660128,-0.02685570825923476,13471,0.2862903277483751,0.33,0.37,QQQ,put,2026-09-30,mid,short,740.745,-13639358.831145354,13639358.831145354,-8.200527846964881,0.35,0.0
680.0,2026,10,1,C,0.0020320597132734547,0.968333940289922,1,0.43706733459944314,60.66,64.38,QQQ,call,2026-10-01,mid,short,740.745,1114.9975758723415,1114.9975758723415,-8.200527846964881,62.519999999999996,0.0
680.0,2026,10,1,P,0.0020320597132734547,-0.03166605971007795,232,0.28326971316364064,0.42,0.46,QQQ,put,2026-10-01,mid,short,740.745,-258679.43760238323,258679.43760238323,-8.200527846964881,0.44,0.0
680.0,2026,10,2,C,0.0022353127659583524,0.9624425461953342,59,0.4177578342862186,61.22,64.47,QQQ,call,2026-10-02,mid,short,740.745,72364.86686179145,72364.86686179145,-8.200527846964881,62.845,0.0
680.0,2026,10,2,P,0.0022353127659583524,-0.03755745380466577,3079,0.2828721573261086,0.54,0.58,QQQ,put,2026-10-02,mid,short,740.745,-3776464.831651794,3776464.831651794,-8.200527846964881,0.56,0.0
680.0,2026,10,5,C,0.002366097094626753,0.9579820817745156,0,0.381720388125351,61.29,64.98,QQQ,call,2026-10-05,mid,short,740.745,0.0,0.0,-8.200527846964881,63.135000000000005,0.0
680.0,2026,10,5,P,0.002366097094626753,-0.04201791822548443,0,0.2597210831947357,0.64,0.68,QQQ,put,2026-10-05,mid,short,740.745,-0.0,0.0,-8.200527846964881,0.66,0.0
680.0,2026,10,9,C,0.0027831440138901954,0.9409719329663788,34,0.2303344221463045,62.73,65.82,QQQ,call,2026-10-09,mid,short,740.745,51922.07664455675,51922.07664455675,-8.200527846964881,64.27499999999999,0.0
680.0,2026,10,9,P,0.0027831440138901954,-0.05902806703362118,5551,0.2555869714862566,1.07,1.12,QQQ,put,2026-10-09,mid,short,740.745,-8477042.572174545,8477042.572174545,-8.200527846964881,1.0950000000000002,0.0
680.0,2026,10,16,C,0.003134509434376972,0.9189685022668991,1548,0.25965637974969963,64.8,65.54,QQQ,call,2026-10-16,mid,short,740.745,2662428.754520126,2662428.754520126,-8.200527846964881,65.17,0.0
680.0,2026,10,16,P,0.003134509434376972,-0.08103149773310095,38837,0.2463431027674297,1.79,1.83,QQQ,put,2026-10-16,mid,short,740.745,-66796347.247608624,66796347.247608624,-8.200527846964881,1.81,0.0
680.0,2026,10,23,C,0.0033235907749733116,0.8988374059146435,15,0.2480990499121143,65.97,66.61,QQQ,call,2026-10-23,mid,short,740.745,27354.971163597616,27354.971163597616,-8.200527846964881,66.28999999999999,0.0
680.0,2026,10,23,P,0.0033235907749733116,-0.10116259408535659,440,0.24188543294090142,2.6,2.67,QQQ,put,2026-10-23,mid,short,740.745,-802412.48746553,802412.48746553,-8.200527846964881,2.635,0.0
680.0,2026,10,30,C,0.003424701713136615,0.8772591830277375,109,0.2547177661888845,67.86,68.67,QQQ,call,2026-10-30,mid,short,740.745,204826.76521691657,204826.76521691657,-8.200527846964881,68.265,0.0
680.0,2026,10,30,P,0.003424701713136615,-0.12274081697226243,20790,0.244281696239848,3.69,3.77,QQQ,put,2026-10-30,mid,short,740.745,-39067416.96201556,39067416.96201556,-8.200527846964881,3.73,0.0
680.0,2026,11,20,C,0.003365411028565904,0.8368270655066609,514,0.248571180956632,72.18,72.96,QQQ,call,2026-11-20,mid,short,740.745,949158.3877556417,949158.3877556417,-8.200527846964881,72.57,0.0
680.0,2026,11,20,P,0.003365411028565904,-0.16317293449333917,44369,0.24313664840699753,6.57,6.66,QQQ,put,2026-11-20,mid,short,740.745,-81932312.26912463,81932312.26912463,-8.200527846964881,6.615,0.0
680.0,2026,11,30,C,0.0033006140998150424,0.8279744942453332,25,0.2440019023056163,73.92,74.67,QQQ,call,2026-11-30,mid,short,740.745,45276.43425221285,45276.43425221285,-8.200527846964881,74.295,0.0
680.0,2026,11,30,P,0.0033006140998150424,-0.17202550575466682,12981,0.23710313726218094,7.4,7.56,QQQ,put,2026-11-30,mid,short,740.745,-23509335.721119005,23509335.721119005,-8.200527846964881,7.48,0.0
680.0,2026,12,18,C,0.003136236943458372,0.8065298043158625,14825,0.24660537941111535,77.8,80.12,QQQ,call,2026-12-18,mid,short,740.745,25511795.543211795,25511795.543211795,-8.200527846964881,78.96000000000001,0.0
680.0,2026,12,18,P,0.003136236943458372,-0.19347019568413745,61997,0.23988590615236918,9.85,9.97,QQQ,put,2026-12-18,mid,short,740.745,-106688349.96914005,106688349.96914005,-8.200527846964881,9.91,0.0
680.0,2026,12,31,C,0.003032953522856491,0.7973532461716335,4504,0.23850646822069202,79.44,80.43,QQQ,call,2026-12-31,mid,short,740.745,7495517.016328095,7495517.016328095,-8.200527846964881,79.935,0.0
680.0,2026,12,31,P,0.003032953522856491,-0.20264675382836653,3754,0.23744195728486783,11.09,11.37,QQQ,put,2026-12-31,mid,short,740.745,-6247373.641051437,6247373.641051437,-8.200527846964881,11.23,0.0
680.0,2027,1,15,C,0.002915011536185616,0.7879194568177259,7201,0.24352494637988756,82.79,83.59,QQQ,call,2027-01-15,mid,short,740.745,11517826.86926994,11517826.86926994,-8.200527846964881,83.19,0.0
680.0,2027,1,15,P,0.002915011536185616,-0.21208054318227407,15738,0.23717772618423172,12.68,12.9,QQQ,put,2027-01-15,mid,short,740.745,-25172553.710397214,25172553.710397214,-8.200527846964881,12.79,0.0
680.0,2027,2,19,C,0.0026745060528838194,0.7721800353280744,264,0.2420894372969394,88.75,89.67,QQQ,call,2027-02-19,mid,short,740.745,387422.6160686141,387422.6160686141,-8.200527846964881,89.21000000000001,0.0
680.0,2027,2,19,P,0.0026745060528838194,-0.22781996467192558,851,0.23598433510593195,15.96,16.25,QQQ,put,2027-02-19,mid,short,740.745,-1248850.9328575404,1248850.9328575404,-8.200527846964881,16.105,0.0
680.0,2027,3,19,C,0.0024998710399823845,0.762101828804127,1522,0.24515210776303092,93.85,96.67,QQQ,call,2027-03-19,mid,short,740.745,2087707.8069804104,2087707.8069804104,-8.200527846964881,95.25999999999999,0.0
680.0,2027,3,19,P,0.0024998710399823845,-0.23789817119587295,12872,0.23767251897042593,18.69,18.98,QQQ,put,2027-03-19,mid,short,740.745,-17656356.696091887,17656356.696091887,-8.200527846964881,18.835,0.0
680.0,2027,3,31,C,0.0024064782388802716,0.7558512177785929,2349,0.23777425098416935,94.54,98.0,QQQ,call,2027-03-31,mid,short,740.745,3101718.732903462,3101718.732903462,-8.200527846964881,96.27000000000001,0.0
680.0,2027,3,31,P,0.0024064782388802716,-0.24414878222140712,781,0.23573450155124895,19.37,21.91,QQQ,put,2027-03-31,mid,short,740.745,-1031265.359896809,1031265.359896809,-8.200527846964881,20.64,0.0
680.0,2027,6,17,C,0.00207205805756401,0.7430298756812114,2873,0.25272219890837805,109.03,111.41,QQQ,call,2027-06-17,mid,short,740.745,3266442.3919563317,3266442.3919563317,-8.200527846964881,110.22,0.0
680.0,2027,6,17,P,0.00207205805756401,-0.25697012431878863,3531,0.24206563434307984,26.34,27.41,QQQ,put,2027-06-17,mid,short,740.745,-4014552.066132199,4014552.066132199,-8.200527846964881,26.875,0.0
680.0,2027,6,30,C,0.002012465981138934,0.7403191714517344,58,0.24836923662331328,109.98,113.39,QQQ,call,2027-06-30,mid,short,740.745,64046.29312742209,64046.29312742209,-8.200527846964881,111.685,0.0
680.0,2027,6,30,P,0.002012465981138934,-0.2596808285482656,120,0.24223506229306097,27.25,29.42,QQQ,put,2027-06-30,mid,short,740.745,-132509.57198776983,132509.57198776983,-8.200527846964881,28.335,0.0
680.0,2027,9,17,C,0.0017877882985763306,0.7356710577612173,224,0.2540428938971562,122.01,125.55,QQQ,call,2027-09-17,mid,short,740.745,219736.17790781648,219736.17790781648,-8.200527846964881,123.78,0.0
680.0,2027,9,17,P,0.0017877882985763306,-0.2643289422387826,3105,0.2445969351982244,32.61,34.43,QQQ,put,2027-09-17,mid,short,740.745,-3045896.5732311173,3045896.5732311173,-8.200527846964881,33.519999999999996,0.0
680.0,2027,12,17,C,0.0015895588229084309,0.7336402462307987,1214,0.2552953592340183,133.82,138.5,QQQ,call,2027-12-17,mid,short,740.745,1058845.8726504052,1058845.8726504052,-8.200527846964881,136.16,0.0
680.0,2027,12,17,P,0.0015895588229084309,-0.2663597537692013,4679,0.24376090772760678,37.09,40.79,QQQ,put,2027-12-17,mid,short,740.745,-4081004.809004321,4081004.809004321,-8.200527846964881,38.94,0.0
680.0,2028,1,21,C,0.0015336624159929225,0.7341876788700444,2927,0.25390125120165025,137.62,141.0,QQQ,call,2028-01-21,mid,short,740.745,2463144.8645286453,2463144.8645286453,-8.200527846964881,139.31,0.0
680.0,2028,1,21,P,0.0015336624159929225,-0.26581232112995556,781,0.24258371570829643,38.36,42.5,QQQ,put,2028-01-21,mid,short,740.745,-657231.3423972916,657231.3423972916,-8.200527846964881,40.43,0.0
680.0,2028,6,16,C,0.001325032354761882,0.7363900951553735,82,0.25835886835133054,155.5,160.5,QQQ,call,2028-06-16,mid,short,740.745,59618.05355258007,59618.05355258007,-8.200527846964881,158.0,0.0
680.0,2028,6,16,P,0.001325032354761882,-0.2636099048446266,5511,0.24545523027426863,45.0,49.5,QQQ,put,2028-06-16,mid,short,740.745,-4006769.4283935227,4006769.4283935227,-8.200527846964881,47.25,0.0
680.0,2028,12,15,C,0.0011391682104634683,0.7415986076681226,148,0.2620671372352488,175.5,180.5,QQQ,call,2028-12-15,mid,short,740.745,92509.64829545228,92509.64829545228,-8.200527846964881,178.0,0.0
680.0,2028,12,15,P,0.0011391682104634683,-0.2584013923318774,281,0.24926366810594242,52.0,57.0,QQQ,put,2028-12-15,mid,short,740.745,-175643.3187231222,175643.3187231222,-8.200527846964881,54.5,0.0
680.0,2029,1,19,C,0.001112340206215831,0.743013483811267,5,0.2609188906866366,178.5,183.5,QQQ,call,2029-01-19,mid,short,740.745,3051.722903058928,3051.722903058928,-8.200527846964881,181.0,0.0
680.0,2029,1,19,P,0.001112340206215831,-0.2569865161887331,1,0.24938583389021968,53.0,58.0,QQQ,put,2029-01-19,mid,short,740.745,-610.3445806117855,610.3445806117855,-8.200527846964881,55.5,0.0
681.0,2026,9,22,C,0.0003900346764200814,0.9971027284282769,0,1.2586473632156674,58.6,62.05,QQQ,call,2026-09-22,mid,short,740.745,0.0,0.0,-8.065528623210417,60.325,40.0
681.0,2026,9,22,P,0.0003900346764200814,-0.0028972715717231487,712,0.5492178402636182,0.01,0.03,QQQ,put,2026-09-22,mid,short,740.745,-152377.4393548478,152377.4393548478,-8.065528623210417,0.02,309.0
681.0,2026,9,23,C,0.00038919206955675425,0.9971058938842018,2,0.8892747745612004,58.66,62.11,QQQ,call,2026-09-23,mid,short,740.745,427.10183295300067,427.10183295300067,-8.065528623210417,60.385,0.0
681.0,2026,9,23,P,0.00038919206955675425,-0.002894106115798254,932,0.3888177137128653,0.01,0.03,QQQ,put,2026-09-23,mid,short,740.745,-199029.45415609833,199029.45415609833,-8.065528623210417,0.02,0.0
681.0,2026,9,24,C,0.0006878323564775491,0.993887867082279,0,0.7263814022870823,58.77,62.18,QQQ,call,2026-09-24,mid,short,740.745,0.0,0.0,-8.065528623210417,60.475,0.0
681.0,2026,9,24,P,0.0006878323564775491,-0.006112132917720997,161,0.36486874816833276,0.04,0.06,QQQ,put,2026-09-24,mid,short,740.745,-60763.941244529386,60763.941244529386,-8.065528623210417,0.05,0.0
681.0,2026,9,25,C,0.0009027072318361583,0.9911179096784171,0,0.6429108658376265,59.0,62.43,QQQ,call,2026-09-25,mid,short,740.745,0.0,0.0,-8.065528623210417,60.715,0.0
681.0,2026,9,25,P,0.0009027072318361583,-0.0088820903215829,702,0.33762739057513713,0.07,0.09,QQQ,put,2026-09-25,mid,short,740.745,-347713.45093301364,347713.45093301364,-8.065528623210417,0.08,0.0
681.0,2026,9,28,C,0.0013267751278215568,0.9844576486656821,0,0.4832106498701959,59.17,62.58,QQQ,call,2026-09-28,mid,short,740.745,0.0,0.0,-8.065528623210417,60.875,0.0
681.0,2026,9,28,P,0.0013267751278215568,-0.0155423513343179,37,0.2830039708450267,0.15,0.18,QQQ,put,2026-09-28,mid,short,740.745,-26936.210849842275,26936.210849842275,-8.065528623210417,0.16499999999999998,0.0
681.0,2026,9,29,C,0.0016098481757131468,0.979072271158431,0,0.47030638925196766,59.34,63.0,QQQ,call,2026-09-29,mid,short,740.745,0.0,0.0,-8.065528623210417,61.17,0.0
681.0,2026,9,29,P,0.0016098481757131468,-0.02092772884156896,105,0.28222546218707184,0.23,0.26,QQQ,put,2026-09-29,mid,short,740.745,-92749.52117812965,92749.52117812965,-8.065528623210417,0.245,0.0
681.0,2026,9,30,C,0.0019156635493871924,0.9722330539566153,144,0.43689162409710103,59.71,62.93,QQQ,call,2026-09-30,mid,short,740.745,151362.8112261805,151362.8112261805,-8.065528623210417,61.32,0.0
681.0,2026,9,30,P,0.0019156635493871924,-0.02776694604338465,14373,0.28360304535354786,0.34,0.38,QQQ,put,2026-09-30,mid,short,740.745,-15107900.59551314,15107900.59551314,-8.065528623210417,0.36,0.0
681.0,2026,10,1,C,0.002111809331965342,0.96715170649418,0,0.4333854177622918,59.74,63.42,QQQ,call,2026-10-01,mid,short,740.745,0.0,0.0,-8.065528623210417,61.58,0.0
681.0,2026,10,1,P,0.002111809331965342,-0.03284829350581996,23,0.2804228153927763,0.43,0.48,QQQ,put,2026-10-01,mid,short,740.745,-26651.39819499428,26651.39819499428,-8.065528623210417,0.45499999999999996,0.0
681.0,2026,10,2,C,0.0023133784609829736,0.961260315145425,0,0.4134124217049896,60.28,63.49,QQQ,call,2026-10-02,mid,short,740.745,0.0,0.0,-8.065528623210417,61.885000000000005,0.0
681.0,2026,10,2,P,0.0023133784609829736,-0.03873968485457506,150,0.2808261711232518,0.56,0.59,QQQ,put,2026-10-02,mid,short,740.745,-190403.7090462355,190403.7090462355,-8.065528623210417,0.575,0.0
681.0,2026,10,9,C,0.0028691272899820804,0.9392072666891977,2,0.17186247842846034,61.2,64.86,QQQ,call,2026-10-09,mid,short,740.745,3148.598392362991,3148.598392362991,-8.065528623210417,63.03,0.0
681.0,2026,10,9,P,0.0028691272899820804,-0.060792733310802226,96,0.2537345307575577,1.1,1.15,QQQ,put,2026-10-09,mid,short,740.745,-151132.72283342358,151132.72283342358,-8.065528623210417,1.125,0.0
681.0,2026,10,16,C,0.003217794698427031,0.9168193103854999,45,0.25789637766767837,63.85,66.11,QQQ,call,2026-10-16,mid,short,740.745,79452.63464623337,79452.63464623337,-8.065528623210417,64.98,0.0
681.0,2026,10,16,P,0.003217794698427031,-0.08318068961450009,1107,0.24458590842449893,1.83,1.88,QQQ,put,2026-10-16,mid,short,740.745,-1954534.8122973407,1954534.8122973407,-8.065528623210417,1.855,0.0
681.0,2026,10,23,C,0.0033999501185425713,0.8965372726563369,1,0.24552722642049093,64.99,65.76,QQQ,call,2026-10-23,mid,short,740.745,1865.5633569719316,1865.5633569719316,-8.065528623210417,65.375,0.0
681.0,2026,10,23,P,0.0033999501185425713,-0.10346272734366309,57,0.24023254512872727,2.65,2.73,QQQ,put,2026-10-23,mid,short,740.745,-106337.11134740012,106337.11134740012,-8.065528623210417,2.69,0.0
681.0,2026,10,30,C,0.003494635148201142,0.8744131582770699,6,0.25346905455698543,66.95,67.75,QQQ,call,2026-10-30,mid,short,740.745,11505.103988875351,11505.103988875351,-8.065528623210417,67.35,0.0
681.0,2026,10,30,P,0.003494635148201142,-0.12558684172293008,239,0.24287080453399892,3.76,3.88,QQQ,put,2026-10-30,mid,short,740.745,-458286.6422235348,458286.6422235348,-8.065528623210417,3.82,0.0
681.0,2026,11,30,C,0.0033472517669103433,0.8251145124149679,0,0.24312903416295575,73.06,73.8,QQQ,call,2026-11-30,mid,short,740.745,0.0,0.0,-8.065528623210417,73.43,0.0
681.0,2026,11,30,P,0.0033472517669103433,-0.17488548758503214,161,0.2362729572323199,7.53,7.69,QQQ,put,2026-11-30,mid,short,740.745,-295700.2644318405,295700.2644318405,-8.065528623210417,7.61,0.0
682.0,2026,9,22,C,0.00040160031607777095,0.9970596171179121,0,1.242356763087917,57.62,61.05,QQQ,call,2026-09-22,mid,short,740.745,0.0,0.0,-7.930529399455953,59.334999999999994,52.0
682.0,2026,9,22,P,0.00040160031607777095,-0.0029403828820878733,457,0.5404628175937561,0.01,0.03,QQQ,put,2026-09-22,mid,short,740.745,-100704.22774434595,100704.22774434595,-7.930529399455953,0.02,209.0
682.0,2026,9,23,C,0.0004623887014794162,0.9964687770256561,0,0.8766830554076038,57.68,61.1,QQQ,call,2026-09-23,mid,short,740.745,0.0,0.0,-7.930529399455953,59.39,0.0
682.0,2026,9,23,P,0.0004623887014794162,-0.0035312229743439463,194,0.3826275382268122,0.01,0.04,QQQ,put,2026-09-23,mid,short,740.745,-49220.543033835704,49220.543033835704,-7.930529399455953,0.025,0.0
682.0,2026,9,24,C,0.0007075795278961094,0.99379955925126,0,0.7169741693169478,57.76,61.18,QQQ,call,2026-09-24,mid,short,740.745,0.0,0.0,-7.930529399455953,59.47,0.0
682.0,2026,9,24,P,0.0007075795278961094,-0.006200440748739995,136,0.35919604642838693,0.04,0.06,QQQ,put,2026-09-24,mid,short,740.745,-52802.15223672654,52802.15223672654,-7.930529399455953,0.05,0.0
682.0,2026,9,25,C,0.0009281112576855639,0.9909918791774203,2,0.6331756054039163,58.13,61.41,QQQ,call,2026-09-25,mid,short,740.745,1018.5151506125795,1018.5151506125795,-7.930529399455953,59.769999999999996,0.0
682.0,2026,9,25,P,0.0009281112576855639,-0.009008120822579745,1052,0.33244789366442296,0.07,0.09,QQQ,put,2026-09-25,mid,short,740.745,-535738.9692222168,535738.9692222168,-7.930529399455953,0.08,0.0
682.0,2026,9,28,C,0.001383561246502713,0.9838820729518473,0,0.4775502437871951,58.15,61.59,QQQ,call,2026-09-28,mid,short,740.745,0.0,0.0,-7.930529399455953,59.870000000000005,0.0
682.0,2026,9,28,P,0.001383561246502713,-0.016117927048152705,103,0.2787668940442682,0.15,0.19,QQQ,put,2026-09-28,mid,short,740.745,-78193.93537601513,78193.93537601513,-7.930529399455953,0.16999999999999998,0.0
682.0,2026,9,29,C,0.001683925886553,0.9781502256823128,0,0.46483836690395564,58.35,62.01,QQQ,call,2026-09-29,mid,short,740.745,0.0,0.0,-7.930529399455953,60.18,0.0
682.0,2026,9,29,P,0.001683925886553,-0.021849774317687212,86,0.279905106650389,0.24,0.27,QQQ,put,2026-09-29,mid,short,740.745,-79461.88842307152,79461.88842307152,-7.930529399455953,0.255,0.0
682.0,2026,9,30,C,0.0019884446110012334,0.9713041371793631,100,0.43179675589058886,58.7,61.94,QQQ,call,2026-09-30,mid,short,740.745,109106.58316488356,109106.58316488356,-7.930529399455953,60.32,0.0
682.0,2026,9,30,P,0.0019884446110012334,-0.02869586282063688,2019,0.280858663143689,0.35,0.39,QQQ,put,2026-09-30,mid,short,740.745,-2202861.9140989995,2202861.9140989995,-7.930529399455953,0.37,0.0
682.0,2026,10,1,C,0.0021939279774187827,0.9659496847655888,0,0.42880851331307335,58.69,62.44,QQQ,call,2026-10-01,mid,short,740.745,0.0,0.0,-7.930529399455953,60.565,0.0
682.0,2026,10,1,P,0.0021939279774187827,-0.034050315234411176,6,0.27864866740330174,0.45,0.49,QQQ,put,2026-10-01,mid,short,740.745,-7222.891218643817,7222.891218643817,-7.930529399455953,0.47,0.0
682.0,2026,10,2,C,0.002393903767651548,0.9600565181363541,12,0.40904740108032217,59.27,62.51,QQQ,call,2026-10-02,mid,short,740.745,15762.510601639666,15762.510601639666,-7.930529399455953,60.89,0.0
682.0,2026,10,2,P,0.002393903767651548,-0.03994348186364597,415,0.2777840817241087,0.57,0.61,QQQ,put,2026-10-02,mid,short,740.745,-545120.1583067052,545120.1583067052,-7.930529399455953,0.59,0.0
682.0,2026,10,9,C,0.002957332462016476,0.9374163752191791,1,0.22099203766957046,60.69,63.69,QQQ,call,2026-10-09,mid,short,740.745,1622.6976523662915,1622.6976523662915,-7.930529399455953,62.19,0.0
682.0,2026,10,9,P,0.002957332462016476,-0.0625836247808209,89,0.25182964797280993,1.13,1.18,QQQ,put,2026-10-09,mid,short,740.745,-144420.09106059995,144420.09106059995,-7.930529399455953,1.1549999999999998,0.0
682.0,2026,10,16,C,0.003304727198781035,0.9145038336562856,53,0.25609624392669794,62.9,64.97,QQQ,call,2026-10-16,mid,short,740.745,96105.65474480847,96105.65474480847,-7.930529399455953,63.935,0.0
682.0,2026,10,16,P,0.003304727198781035,-0.08549616634371436,1970,0.24312193209134367,1.88,1.93,QQQ,put,2026-10-16,mid,short,740.745,-3572229.0537221255,3572229.0537221255,-7.930529399455953,1.9049999999999998,0.0
682.0,2026,10,23,C,0.0034796551000199224,0.8939838676637075,0,0.24537311150498034,64.11,64.76,QQQ,call,2026-10-23,mid,short,740.745,0.0,0.0,-7.930529399455953,64.435,0.0
682.0,2026,10,23,P,0.0034796551000199224,-0.10601613233629248,280,0.23879795356721292,2.71,2.8,QQQ,put,2026-10-23,mid,short,740.745,-534603.3648983338,534603.3648983338,-7.930529399455953,2.755,0.0
682.0,2026,10,30,C,0.003564460793764593,0.8719019383881531,96,0.2521832976088198,66.04,66.84,QQQ,call,2026-10-30,mid,short,740.745,187759.7648161486,187759.7648161486,-7.930529399455953,66.44,0.0
682.0,2026,10,30,P,0.003564460793764593,-0.1280980616118469,116,0.2418237171815303,3.85,3.93,QQQ,put,2026-10-30,mid,short,740.745,-226876.3824861796,226876.3824861796,-7.930529399455953,3.89,0.0
682.0,2026,11,30,C,0.0033948533647137516,0.822341232250458,0,0.24222991218334966,72.2,73.19,QQQ,call,2026-11-30,mid,short,740.745,0.0,0.0,-7.930529399455953,72.695,0.0
682.0,2026,11,30,P,0.0033948533647137516,-0.1776587677495421,77,0.23505891612470844,7.63,7.83,QQQ,put,2026-11-30,mid,short,740.745,-143433.0399090568,143433.0399090568,-7.930529399455953,7.73,0.0
683.0,2026,9,22,C,0.0004136991874537657,0.997015171824215,0,1.22604768810913,56.63,60.05,QQQ,call,2026-09-22,mid,short,740.745,0.0,0.0,-7.79553017570149,58.34,170.0
683.0,2026,9,22,P,0.0004136991874537657,-0.0029848281757850524,1191,0.5317099047364486,0.01,0.03,QQQ,put,2026-09-22,mid,short,740.745,-270354.6768201077,270354.6768201077,-7.79553017570149,0.02,329.0
683.0,2026,9,23,C,0.0005341892619889043,0.9958377005097246,0,0.8662301649405262,56.68,60.11,QQQ,call,2026-09-23,mid,short,740.745,0.0,0.0,-7.79553017570149,58.394999999999996,0.0
683.0,2026,9,23,P,0.0005341892619889043,-0.004162299490275325,297,0.40198140463582543,0.02,0.04,QQQ,put,2026-09-23,mid,short,740.745,-87054.06602983507,87054.06602983507,-7.79553017570149,0.03,0.0
683.0,2026,9,24,C,0.0007282135339658483,0.9937085774846952,0,0.7075567148609647,56.78,60.18,QQQ,call,2026-09-24,mid,short,740.745,0.0,0.0,-7.79553017570149,58.480000000000004,0.0
683.0,2026,9,24,P,0.0007282135339658483,-0.006291422515304817,243,0.3535234220633778,0.04,0.06,QQQ,put,2026-09-24,mid,short,740.745,-97096.25445940872,97096.25445940872,-7.79553017570149,0.05,0.0
683.0,2026,9,25,C,0.0010198026047492717,0.9899746471048492,11,0.6263831774830418,57.02,60.43,QQQ,call,2026-09-25,mid,short,740.745,6155.257974015023,6155.257974015023,-7.79553017570149,58.725,0.0
683.0,2026,9,25,P,0.0010198026047492717,-0.010025352895150835,2894,0.33274734114290544,0.08,0.1,QQQ,put,2026-09-25,mid,short,740.745,-1619392.4160726795,1619392.4160726795,-7.79553017570149,0.09,0.0
683.0,2026,9,28,C,0.0014424927104909533,0.983294027431266,0,0.4876738878136088,57.19,60.89,QQQ,call,2026-09-28,mid,short,740.745,0.0,0.0,-7.79553017570149,59.04,0.0
683.0,2026,9,28,P,0.0014424927104909533,-0.016705972568733945,117,0.2770698679286219,0.16,0.19,QQQ,put,2026-09-28,mid,short,740.745,-92605.53525759315,92605.53525759315,-7.79553017570149,0.175,0.0
683.0,2026,9,29,C,0.001744772269387484,0.977531819749575,0,0.46181244389821247,57.35,61.07,QQQ,call,2026-09-29,mid,short,740.745,0.0,0.0,-7.79553017570149,59.21,0.0
683.0,2026,9,29,P,0.001744772269387484,-0.022468180250424966,137,0.2757221798690521,0.24,0.28,QQQ,put,2026-09-29,mid,short,740.745,-131158.6007147867,131158.6007147867,-7.79553017570149,0.26,0.0
683.0,2026,9,30,C,0.0020637387223871517,0.9703566776090605,33,0.42716391937283615,57.73,60.96,QQQ,call,2026-09-30,mid,short,740.745,37368.53828799605,37368.53828799605,-7.79553017570149,59.345,0.0
683.0,2026,9,30,P,0.0020637387223871517,-0.029643322390939426,1265,0.2780590252556384,0.36,0.4,QQQ,put,2026-09-30,mid,short,740.745,-1432460.6343731824,1432460.6343731824,-7.79553017570149,0.38,0.0
683.0,2026,10,1,C,0.00226913200037182,0.9649854739276659,0,0.42421067983269267,57.77,61.46,QQQ,call,2026-10-01,mid,short,740.745,0.0,0.0,-7.79553017570149,59.615,0.0
683.0,2026,10,1,P,0.00226913200037182,-0.03501452607233413,24,0.27569211312586067,0.46,0.5,QQQ,put,2026-10-01,mid,short,740.745,-29881.91730653297,29881.91730653297,-7.79553017570149,0.48,0.0
683.0,2026,10,2,C,0.0024846240186622262,0.958593347524525,2,0.4046625287183238,58.34,61.53,QQQ,call,2026-10-02,mid,short,740.745,2726.6420761817158,2726.6420761817158,-7.79553017570149,59.935,0.0
683.0,2026,10,2,P,0.0024846240186622262,-0.041406652475475036,985,0.2756097048188443,0.59,0.63,QQQ,put,2026-10-02,mid,short,740.745,-1342871.2225194953,1342871.2225194953,-7.79553017570149,0.61,0.0
683.0,2026,10,9,C,0.003055008083893268,0.9352444255622091,0,0.1659554777192974,59.2,62.93,QQQ,call,2026-10-09,mid,short,740.745,0.0,0.0,-7.79553017570149,61.065,0.0
683.0,2026,10,9,P,0.003055008083893268,-0.0647555744377909,160,0.25036084872447273,1.17,1.22,QQQ,put,2026-10-09,mid,short,740.745,-268206.81188145856,268206.81188145856,-7.79553017570149,1.1949999999999998,0.0
683.0,2026,10,16,C,0.003393517831781206,0.9121599579714423,122,0.2545551150141026,61.96,62.52,QQQ,call,2026-10-16,mid,short,740.745,227168.14079369727,227168.14079369727,-7.79553017570149,62.24,0.0
683.0,2026,10,16,P,0.003393517831781206,-0.08784004202855769,1495,0.2416067203393568,1.93,1.98,QQQ,put,2026-10-16,mid,short,740.745,-2783740.7416932583,2783740.7416932583,-7.79553017570149,1.955,0.0
683.0,2026,10,23,C,0.0035616860933762127,0.891290875933591,2,0.24299564740818672,63.14,63.9,QQQ,call,2026-10-23,mid,short,740.745,3908.6167932883895,3908.6167932883895,-7.79553017570149,63.519999999999996,0.0
683.0,2026,10,23,P,0.0035616860933762127,-0.10870912406640894,98,0.23756952014807456,2.78,2.87,QQQ,put,2026-10-23,mid,short,740.745,-191522.2228711311,191522.2228711311,-7.79553017570149,2.825,0.0
683.0,2026,10,30,C,0.0036364302227748155,0.8690925619759065,44,0.2506749415276561,65.12,65.69,QQQ,call,2026-10-30,mid,short,740.745,87794.11239565142,87794.11239565142,-7.79553017570149,65.405,0.0
683.0,2026,10,30,P,0.0036364302227748155,-0.1309074380240935,75,0.24073288292987938,3.94,4.01,QQQ,put,2026-10-30,mid,short,740.745,-149649.0552198604,149649.0552198604,-7.79553017570149,3.9749999999999996,0.0
683.0,2026,11,30,C,0.003442208839949369,0.8193327378244106,0,0.24130484808330155,71.34,72.33,QQQ,call,2026-11-30,mid,short,740.745,0.0,0.0,-7.79553017570149,71.83500000000001,0.0
683.0,2026,11,30,P,0.003442208839949369,-0.18066726217558937,98,0.2341778512896528,7.76,7.98,QQQ,put,2026-11-30,mid,short,740.745,-185097.5833720461,185097.5833720461,-7.79553017570149,7.87,0.0
684.0,2026,9,22,C,0.00042636539763059094,0.996969327400138,0,1.2097191897853403,55.63,59.05,QQQ,call,2026-09-22,mid,short,740.745,0.0,0.0,-7.660530951947027,57.34,4.0
684.0,2026,9,22,P,0.00042636539763059094,-0.003030672599862037,440,0.5229588642840374,0.01,0.03,QQQ,put,2026-09-22,mid,short,740.745,-102937.13710429333,102937.13710429333,-7.660530951947027,0.02,145.0
684.0,2026,9,23,C,0.0005503218889718309,0.9957745676276715,0,0.854688028675375,55.68,59.11,QQQ,call,2026-09-23,mid,short,740.745,0.0,0.0,-7.660530951947027,57.394999999999996,0.0
684.0,2026,9,23,P,0.0005503218889718309,-0.004225432372328576,371,0.39544141360431395,0.02,0.04,QQQ,put,2026-09-23,mid,short,740.745,-112028.40535727788,112028.40535727788,-7.660530951947027,0.03,0.0
684.0,2026,9,24,C,0.0007497898542802955,0.9936147933966409,0,0.7015729412024295,55.77,59.22,QQQ,call,2026-09-24,mid,short,740.745,0.0,0.0,-7.660530951947027,57.495000000000005,0.0
684.0,2026,9,24,P,0.0007497898542802955,-0.006385206603359052,883,0.34785069338570984,0.04,0.06,QQQ,put,2026-09-24,mid,short,740.745,-363276.84778736124,363276.84778736124,-7.660530951947027,0.05,0.0
684.0,2026,9,25,C,0.0010492593794239906,0.9898286018177731,3,0.6173798190964545,56.15,59.42,QQQ,call,2026-09-25,mid,short,740.745,1727.1957957885515,1727.1957957885515,-7.660530951947027,57.785,0.0
684.0,2026,9,25,P,0.0010492593794239906,-0.01017139818222687,560,0.32749711398836545,0.08,0.1,QQQ,put,2026-09-25,mid,short,740.745,-322409.88188052963,322409.88188052963,-7.660530951947027,0.09,0.0
684.0,2026,9,28,C,0.001524377577309563,0.982330057102089,0,0.48287953671713413,56.2,59.92,QQQ,call,2026-09-28,mid,short,740.745,0.0,0.0,-7.660530951947027,58.06,0.0
684.0,2026,9,28,P,0.001524377577309563,-0.017669942897911045,55,0.2752098408101251,0.17,0.2,QQQ,put,2026-09-28,mid,short,740.745,-46003.69323655177,46003.69323655177,-7.660530951947027,0.185,0.0
684.0,2026,9,29,C,0.0018237403323917278,0.9765768389986323,0,0.4562917434849358,56.36,60.08,QQQ,call,2026-09-29,mid,short,740.745,0.0,0.0,-7.660530951947027,58.22,0.0
684.0,2026,9,29,P,0.0018237403323917278,-0.023423161001367626,91,0.27328880777855713,0.25,0.29,QQQ,put,2026-09-29,mid,short,740.745,-91062.97876400116,91062.97876400116,-7.660530951947027,0.27,0.0
684.0,2026,9,30,C,0.0021416942022493045,0.9693897694762355,104,0.4220363200775009,56.61,59.97,QQQ,call,2026-09-30,mid,short,740.745,122216.05405078616,122216.05405078616,-7.660530951947027,58.29,0.0
684.0,2026,9,30,P,0.0021416942022493045,-0.03061023052376453,431,0.27520581693070834,0.37,0.41,QQQ,put,2026-09-30,mid,short,740.745,-506491.53169123875,506491.53169123875,-7.660530951947027,0.39,0.0
684.0,2026,10,1,C,0.0023565092498449448,0.9637406930783157,0,0.4191723342609438,56.79,60.47,QQQ,call,2026-10-01,mid,short,740.745,0.0,0.0,-7.660530951947027,58.629999999999995,0.0
684.0,2026,10,1,P,0.0023565092498449448,-0.03625930692168439,5,0.27269599521975063,0.47,0.52,QQQ,put,2026-10-01,mid,short,740.745,-6465.120301177586,6465.120301177586,-7.660530951947027,0.495,0.0
684.0,2026,10,2,C,0.0025779576251328614,0.9571063831916722,1,0.40025754731783375,57.35,60.55,QQQ,call,2026-10-02,mid,short,740.745,1414.5334824311574,1414.5334824311574,-7.660530951947027,58.95,0.0
684.0,2026,10,2,P,0.0025779576251328614,-0.04289361680832777,287,0.27336091300950344,0.61,0.65,QQQ,put,2026-10-02,mid,short,740.745,-405971.1094577422,405971.1094577422,-7.660530951947027,0.63,0.0
684.0,2026,10,9,C,0.003147898104209597,0.9333976765593196,0,0.16300845593413038,58.2,61.97,QQQ,call,2026-10-09,mid,short,740.745,0.0,0.0,-7.660530951947027,60.085,0.0
684.0,2026,10,9,P,0.003147898104209597,-0.06660232344068043,119,0.24834456074690958,1.2,1.25,QQQ,put,2026-10-09,mid,short,740.745,-205544.1329557656,205544.1329557656,-7.660530951947027,1.225,0.0
684.0,2026,10,16,C,0.0034842700095245364,0.9097862043598572,61,0.25296473711363354,61.02,61.75,QQQ,call,2026-10-16,mid,short,740.745,116621.62677829109,116621.62677829109,-7.660530951947027,61.385000000000005,0.0
684.0,2026,10,16,P,0.0034842700095245364,-0.0902137956401428,751,0.2400415886954587,1.98,2.03,QQQ,put,2026-10-16,mid,short,740.745,-1435784.2903360098,1435784.2903360098,-7.660530951947027,2.005,0.0
684.0,2026,10,23,C,0.0036459603329572253,0.88845913572487,1,0.24247936717668614,62.25,62.9,QQQ,call,2026-10-23,mid,short,740.745,2000.5499377896294,2000.5499377896294,-7.660530951947027,62.575,0.0
684.0,2026,10,23,P,0.0036459603329572253,-0.11154086427512995,55,0.2365348078442849,2.86,2.94,QQQ,put,2026-10-23,mid,short,740.745,-110030.24657842961,110030.24657842961,-7.660530951947027,2.9,0.0
684.0,2026,10,30,C,0.003710457468446841,0.8659013084335733,43,0.2495029587318308,64.22,65.03,QQQ,call,2026-10-30,mid,short,740.745,87545.4079394828,87545.4079394828,-7.660530951947027,64.625,0.0
684.0,2026,10,30,P,0.003710457468446841,-0.1340986915664267,83,0.23959922394865218,4.03,4.13,QQQ,put,2026-10-30,mid,short,740.745,-168982.99672039706,168982.99672039706,-7.660530951947027,4.08,0.0
684.0,2026,11,30,C,0.0034896082975527146,0.816199463525106,0,0.24046814016919557,70.49,71.22,QQQ,call,2026-11-30,mid,short,740.745,0.0,0.0,-7.660530951947027,70.85499999999999,0.0
684.0,2026,11,30,P,0.0034896082975527146,-0.18380053647489403,25,0.23373546571414128,7.93,8.11,QQQ,put,2026-11-30,mid,short,740.745,-47868.97706671485,47868.97706671485,-7.660530951947027,8.02,0.0
685.0,2026,9,22,C,0.00043963587260721594,0.9969220143166192,1,1.1933702831854622,54.63,58.05,QQQ,call,2026-09-22,mid,short,740.745,241.2295903617484,241.2295903617484,-7.525531728192564,56.34,14.0
685.0,2026,9,22,P,0.00043963587260721594,-0.0030779856833807544,3183,0.5142094508764015,0.01,0.03,QQQ,put,2026-09-22,mid,short,740.745,-767833.786121445,767833.786121445,-7.525531728192564,0.02,226.0
685.0,2026,9,23,C,0.0005672156205247263,0.9957094308096374,1,0.8431317574153615,54.7,58.11,QQQ,call,2026-09-23,mid,short,740.745,311.2330005613805,311.2330005613805,-7.525531728192564,56.405,0.0
685.0,2026,9,23,P,0.0005672156205247263,-0.004290569190362658,455,0.38890191789319634,0.02,0.04,QQQ,put,2026-09-23,mid,short,740.745,-141611.01525542812,141611.01525542812,-7.525531728192564,0.03,0.0
685.0,2026,9,24,C,0.0007723684654484121,0.993518070084036,1,0.6895453812850066,54.77,58.19,QQQ,call,2026-09-24,mid,short,740.745,423.8010138333614,423.8010138333614,-7.525531728192564,56.480000000000004,0.0
685.0,2026,9,24,P,0.0007723684654484121,-0.006481929915963957,1007,0.3421776723589289,0.04,0.06,QQQ,put,2026-09-24,mid,short,740.745,-426767.62093019503,426767.62093019503,-7.525531728192564,0.05,0.0
685.0,2026,9,25,C,0.0011127679451146569,0.98923183339983,40,0.6112525989264668,55.04,58.45,QQQ,call,2026-09-25,mid,short,740.745,24423.171291803937,24423.171291803937,-7.525531728192564,56.745000000000005,0.0
685.0,2026,9,25,P,0.0011127679451146569,-0.01076816660017003,3059,0.32714374229769416,0.09,0.1,QQQ,put,2026-09-25,mid,short,740.745,-1867762.0245407056,1867762.0245407056,-7.525531728192564,0.095,0.0
685.0,2026,9,28,C,0.0015881354046046274,0.9817133041425674,1,0.4738720073935632,55.18,58.87,QQQ,call,2026-09-28,mid,short,740.745,871.414907113464,871.414907113464,-7.525531728192564,57.025,0.0
685.0,2026,9,28,P,0.0015881354046046274,-0.01828669585743256,410,0.27090902676609746,0.17,0.21,QQQ,put,2026-09-28,mid,short,740.745,-357280.1119165202,357280.1119165202,-7.525531728192564,0.19,0.0
685.0,2026,9,29,C,0.0019053513901154504,0.9756039588684327,1,0.4497932717992501,55.38,59.07,QQQ,call,2026-09-29,mid,short,740.745,1045.4723191876174,1045.4723191876174,-7.525531728192564,57.225,0.0
685.0,2026,9,29,P,0.0019053513901154504,-0.024396041131567403,168,0.27076964764056605,0.26,0.3,QQQ,put,2026-09-29,mid,short,740.745,-175639.34962351975,175639.34962351975,-7.525531728192564,0.28,0.0
685.0,2026,9,30,C,0.0022454413660153967,0.967837158143666,437,0.41736030820650094,55.67,58.99,QQQ,call,2026-09-30,mid,short,740.745,538419.2929749005,538419.2929749005,-7.525531728192564,57.33,0.0
685.0,2026,9,30,P,0.0022454413660153967,-0.03216284185633398,9201,0.2747583812724183,0.4,0.42,QQQ,put,2026-09-30,mid,short,740.745,-11336375.090759862,11336375.090759862,-7.525531728192564,0.41000000000000003,0.0
685.0,2026,10,1,C,0.002446719388570175,0.9624728376457461,0,0.4145361252265315,55.75,59.49,QQQ,call,2026-10-01,mid,short,740.745,0.0,0.0,-7.525531728192564,57.620000000000005,0.0
685.0,2026,10,1,P,0.002446719388570175,-0.037527162354253914,259,0.2706873962868056,0.49,0.53,QQQ,put,2026-10-01,mid,short,740.745,-347713.3658240472,347713.3658240472,-7.525531728192564,0.51,0.0
685.0,2026,10,2,C,0.0026740705249564383,0.955594282952381,30,0.3958321853241535,56.37,59.57,QQQ,call,2026-10-02,mid,short,740.745,44018.128014088674,44018.128014088674,-7.525531728192564,57.97,0.0
685.0,2026,10,2,P,0.0026740705249564383,-0.044405717047618955,5533,0.27104051564662124,0.63,0.67,QQQ,put,2026-10-02,mid,short,740.745,-8118410.0767317545,8118410.0767317545,-7.525531728192564,0.65,0.0
685.0,2026,10,5,C,0.00281408083432448,0.9504937300974515,0,0.36545009636614567,55.59,60.19,QQQ,call,2026-10-05,mid,short,740.745,0.0,0.0,-7.525531728192564,57.89,0.0
685.0,2026,10,5,P,0.00281408083432448,-0.04950626990254844,0,0.24893900442622685,0.74,0.79,QQQ,put,2026-10-05,mid,short,740.745,-0.0,0.0,-7.525531728192564,0.765,0.0
685.0,2026,10,9,C,0.0032501842168366634,0.931169362200626,16,0.16006573439814972,57.2,61.01,QQQ,call,2026-10-09,mid,short,740.745,28534.18134705178,28534.18134705178,-7.525531728192564,59.105000000000004,0.0
685.0,2026,10,9,P,0.0032501842168366634,-0.06883063779937403,773,0.2467443697076677,1.24,1.29,QQQ,put,2026-10-09,mid,short,740.745,-1378557.6363294388,1378557.6363294388,-7.525531728192564,1.2650000000000001,0.0
685.0,2026,10,16,C,0.00358174795439059,0.9069735897991966,1127,0.2510384968837939,60.07,60.81,QQQ,call,2026-10-16,mid,short,740.745,2214911.5862694206,2214911.5862694206,-7.525531728192564,60.44,0.0
685.0,2026,10,16,P,0.00358174795439059,-0.09302641020080336,11670,0.23905171681008583,2.05,2.09,QQQ,put,2026-10-16,mid,short,740.745,-22935242.423925586,22935242.423925586,-7.525531728192564,2.07,0.0
685.0,2026,10,23,C,0.0037310338951961294,0.885708371591322,8,0.2400506574509129,61.28,63.58,QQQ,call,2026-10-23,mid,short,740.745,16377.84055839465,16377.84055839465,-7.525531728192564,62.43,0.0
685.0,2026,10,23,P,0.0037310338951961294,-0.11429162840867801,1442,0.23520747856880336,2.93,3.01,QQQ,put,2026-10-23,mid,short,740.745,-2952105.760650635,2952105.760650635,-7.525531728192564,2.9699999999999998,0.0
685.0,2026,10,30,C,0.0037847856695884196,0.8630368902964066,40,0.248290521571921,63.32,64.12,QQQ,call,2026-10-30,mid,short,740.745,83068.95351986292,83068.95351986292,-7.525531728192564,63.72,0.0
685.0,2026,10,30,P,0.0037847856695884196,-0.13696310970359338,4364,0.2384235931721462,4.12,4.21,QQQ,put,2026-10-30,mid,short,740.745,-9062822.829017045,9062822.829017045,-7.525531728192564,4.165,0.0
685.0,2026,11,20,C,0.0036267947747387567,0.8219936060719875,340,0.2429797246690442,67.78,70.15,QQQ,call,2026-11-20,mid,short,740.745,676611.4700792955,676611.4700792955,-7.525531728192564,68.965,0.0
685.0,2026,11,20,P,0.0036267947747387567,-0.17800639392801257,4179,0.23849868950417985,7.19,7.29,QQQ,put,2026-11-20,mid,short,740.745,-8316350.980768755,8316350.980768755,-7.525531728192564,7.24,0.0
685.0,2026,11,30,C,0.003538266417353515,0.8132030595985674,3,0.23949097409386233,69.63,70.36,QQQ,call,2026-11-30,mid,short,740.745,5824.373839562631,5824.373839562631,-7.525531728192564,69.995,0.0
685.0,2026,11,30,P,0.003538266417353515,-0.1867969404014326,471,0.2329115419618837,8.07,8.24,QQQ,put,2026-11-30,mid,short,740.745,-914426.6928113331,914426.6928113331,-7.525531728192564,8.155000000000001,0.0
685.0,2026,12,18,C,0.0033258200368403287,0.7921928787833861,2943,0.24213835751647553,73.58,75.95,QQQ,call,2026-12-18,mid,short,740.745,5370645.228785152,5370645.228785152,-7.525531728192564,74.765,0.0
685.0,2026,12,18,P,0.0033258200368403287,-0.207807121216614,3875,0.2359570562333994,10.61,10.77,QQQ,put,2026-12-18,mid,short,740.745,-7071440.795631145,7071440.795631145,-7.525531728192564,10.69,0.0
685.0,2026,12,31,C,0.0032003651770866263,0.7831994799134913,2228,0.23514577095201727,75.34,76.26,QQQ,call,2026-12-31,mid,short,740.745,3912480.446936252,3912480.446936252,-7.525531728192564,75.80000000000001,0.0
685.0,2026,12,31,P,0.0032003651770866263,-0.21680052008650877,467,0.2341672088859046,11.94,12.22,QQQ,put,2026-12-31,mid,short,740.745,-820075.5694431014,820075.5694431014,-7.525531728192564,12.08,0.0
685.0,2027,1,15,C,0.0030624178718713408,0.7742369506794857,2456,0.24011265021067016,78.74,79.53,QQQ,call,2027-01-15,mid,short,740.745,4126960.103426645,4126960.103426645,-7.525531728192564,79.13499999999999,0.0
685.0,2027,1,15,P,0.0030624178718713408,-0.22576304932051428,2166,0.2340100811396878,13.57,13.8,QQQ,put,2027-01-15,mid,short,740.745,-3639656.182419426,3639656.182419426,-7.525531728192564,13.685,0.0
685.0,2027,2,19,C,0.0027876587326654905,0.7592880536061222,272,0.2389068625994874,84.78,85.83,QQQ,call,2027-02-19,mid,short,740.745,416050.422555061,416050.422555061,-7.525531728192564,85.305,0.0
685.0,2027,2,19,P,0.0027876587326654905,-0.2407119463938778,442,0.23339690473438354,16.97,17.27,QQQ,put,2027-02-19,mid,short,740.745,-676081.936651974,676081.936651974,-7.525531728192564,17.119999999999997,0.0
685.0,2027,3,19,C,0.002593844629569114,0.7499330451970659,1181,0.24244809202337098,90.0,92.75,QQQ,call,2027-03-19,mid,short,740.745,1680859.114361175,1680859.114361175,-7.525531728192564,91.375,0.0
685.0,2027,3,19,P,0.002593844629569114,-0.25006695480293406,4903,0.23526513826231674,19.76,20.07,QQQ,put,2027-03-19,mid,short,740.745,-6978198.338452871,6978198.338452871,-7.525531728192564,19.915,0.0
685.0,2027,3,31,C,0.0025222265199922283,0.7469478169720634,297,0.23535797368184647,90.72,94.22,QQQ,call,2027-03-31,mid,short,740.745,411034.2338146162,411034.2338146162,-7.525531728192564,92.47,0.0
685.0,2027,3,31,P,0.0025222265199922283,-0.25305218302793664,190,0.22465841720199212,18.97,23.04,QQQ,put,2027-03-31,mid,short,740.745,-262951.19334941776,262951.19334941776,-7.525531728192564,21.005,0.0
685.0,2027,6,17,C,0.0021320892088471273,0.7328192344687021,2003,0.25054542933328894,105.38,107.77,QQQ,call,2027-06-17,mid,short,740.745,2343277.8036054173,2343277.8036054173,-7.525531728192564,106.57499999999999,0.0
685.0,2027,6,17,P,0.0021320892088471273,-0.26718076553129794,3344,0.24026539987265685,27.58,28.55,QQQ,put,2027-06-17,mid,short,740.745,-3912092.3491046005,3912092.3491046005,-7.525531728192564,28.064999999999998,0.0
685.0,2027,6,30,C,0.0020696830566587564,0.7304726817617695,73,0.2463316973954506,106.35,109.78,QQQ,call,2027-06-30,mid,short,740.745,82901.83848560251,82901.83848560251,-7.525531728192564,108.065,0.0
685.0,2027,6,30,P,0.0020696830566587564,-0.2695273182382305,63,0.2389229706328901,28.17,30.84,QQQ,put,2027-06-30,mid,short,740.745,-71545.42225469806,71545.42225469806,-7.525531728192564,29.505000000000003,0.0
685.0,2027,9,17,C,0.0018293981163244961,0.7265954688627918,204,0.25221072706608755,118.49,122.5,QQQ,call,2027-09-17,mid,short,740.745,204774.48971770477,204774.48971770477,-7.525531728192564,120.495,0.0
685.0,2027,9,17,P,0.0018293981163244961,-0.27340453113720814,337,0.2430596699832876,33.93,35.8,QQQ,put,2027-09-17,mid,short,740.745,-338279.4266415025,338279.4266415025,-7.525531728192564,34.864999999999995,0.0
685.0,2027,12,17,C,0.0016185077133062972,0.7252083149774003,301,0.25361858362553785,130.38,135.0,QQQ,call,2027-12-17,mid,short,740.745,267312.1669057625,267312.1669057625,-7.525531728192564,132.69,0.0
685.0,2027,12,17,P,0.0016185077133062972,-0.27479168502259965,652,0.24204136774878154,38.35,42.71,QQQ,put,2027-12-17,mid,short,740.745,-579028.3482476983,579028.3482476983,-7.525531728192564,40.53,0.0
685.0,2028,1,21,C,0.00156362877213912,0.7262872683709958,161,0.25234482705191863,134.22,138.5,QQQ,call,2028-01-21,mid,short,740.745,138132.85453025694,138132.85453025694,-7.525531728192564,136.36,0.0
685.0,2028,1,21,P,0.00156362877213912,-0.2737127316290042,199,0.24129662329553692,39.73,44.0,QQQ,put,2028-01-21,mid,short,740.745,-170735.6400715598,170735.6400715598,-7.525531728192564,41.864999999999995,0.0
685.0,2028,6,16,C,0.0013474271693835291,0.7294926652989853,332,0.2578543682686762,152.5,157.0,QQQ,call,2028-06-16,mid,short,740.745,245460.06295037296,245460.06295037296,-7.525531728192564,154.75,0.0
685.0,2028,6,16,P,0.0013474271693835291,-0.27050733470101473,959,0.24461183583348564,46.5,51.0,QQQ,put,2028-06-16,mid,short,740.745,-709024.6999078545,709024.6999078545,-7.525531728192564,48.75,0.0
685.0,2028,12,15,C,0.001156584086542215,0.7356620276604577,81,0.2613027655230197,172.5,177.0,QQQ,call,2028-12-15,mid,short,740.745,51404.3283243311,51404.3283243311,-7.525531728192564,174.75,0.0
685.0,2028,12,15,P,0.001156584086542215,-0.26433797233954226,168,0.24844960828445692,53.5,58.5,QQQ,put,2028-12-15,mid,short,740.745,-106616.38467268672,106616.38467268672,-7.525531728192564,56.0,0.0
685.0,2029,1,19,C,0.0011290928938768768,0.7372136046505429,0,0.26013540300727767,175.5,180.5,QQQ,call,2029-01-19,mid,short,740.745,0.0,0.0,-7.525531728192564,178.0,0.0
685.0,2029,1,19,P,0.0011290928938768768,-0.2627863953494572,1,0.2485872007347779,54.5,59.5,QQQ,put,2029-01-19,mid,short,740.745,-619.5368331865498,619.5368331865498,-7.525531728192564,57.0,0.0
686.0,2026,9,22,C,0.0004535506463940501,0.996873158272737,0,1.17699994474894,53.63,57.05,QQQ,call,2026-09-22,mid,short,740.745,0.0,0.0,-7.3905325044381005,55.34,1.0
686.0,2026,9,22,P,0.0004535506463940501,-0.003126841727262937,1428,0.5054614107188827,0.01,0.03,QQQ,put,2026-09-22,mid,short,740.745,-355378.749673982,355378.749673982,-7.3905325044381005,0.02,248.0
686.0,2026,9,23,C,0.0005849204072531666,0.9956421894104418,0,0.8315606321594939,53.66,57.11,QQQ,call,2026-09-23,mid,short,740.745,0.0,0.0,-7.3905325044381005,55.385,0.0
686.0,2026,9,23,P,0.0005849204072531666,-0.004357810589558194,225,0.3823627118021709,0.02,0.04,QQQ,put,2026-09-23,mid,short,740.745,-72213.22640212209,72213.22640212209,-7.3905325044381005,0.03,0.0
686.0,2026,9,24,C,0.0008420120082693821,0.9928963023126485,0,0.6800866857397648,53.78,57.19,QQQ,call,2026-09-24,mid,short,740.745,0.0,0.0,-7.3905325044381005,55.485,0.0
686.0,2026,9,24,P,0.0008420120082693821,-0.007103697687351551,408,0.3365041642194888,0.04,0.07,QQQ,put,2026-09-24,mid,short,740.745,-188501.97536658932,188501.97536658932,-7.3905325044381005,0.05500000000000001,0.0
686.0,2026,9,25,C,0.0011784649156620036,0.9886239001899223,2,0.6015189594483265,54.15,57.43,QQQ,call,2026-09-25,mid,short,740.745,1293.2548346200238,1293.2548346200238,-7.3905325044381005,55.79,0.0
686.0,2026,9,25,P,0.0011784649156620036,-0.011376099810077653,997,0.3218276494311884,0.09,0.11,QQQ,put,2026-09-25,mid,short,740.745,-644687.535058082,644687.535058082,-7.3905325044381005,0.1,0.0
686.0,2026,9,28,C,0.001654479422515885,0.9810819718414484,0,0.4680122107389783,54.21,57.88,QQQ,call,2026-09-28,mid,short,740.745,0.0,0.0,-7.3905325044381005,56.045,0.0
686.0,2026,9,28,P,0.001654479422515885,-0.018918028158551637,54,0.2688697739787026,0.18,0.21,QQQ,put,2026-09-28,mid,short,740.745,-49022.17626915393,49022.17626915393,-7.3905325044381005,0.195,0.0
686.0,2026,9,29,C,0.0019897852091553905,0.9746121284012234,0,0.44472736152101194,54.38,58.09,QQQ,call,2026-09-29,mid,short,740.745,0.0,0.0,-7.3905325044381005,56.235,0.0
686.0,2026,9,29,P,0.0019897852091553905,-0.025387871598776653,57,0.26816885492107195,0.27,0.31,QQQ,put,2026-09-29,mid,short,740.745,-62232.68105888161,62232.68105888161,-7.3905325044381005,0.29000000000000004,0.0
686.0,2026,9,30,C,0.0023292214430274934,0.9668263949563971,143,0.4121986825031089,54.78,58.0,QQQ,call,2026-09-30,mid,short,740.745,182761.31509937282,182761.31509937282,-7.3905325044381005,56.39,0.0
686.0,2026,9,30,P,0.0023292214430274934,-0.033173605043602936,296,0.27055046947729555,0.4,0.44,QQQ,put,2026-09-30,mid,short,740.745,-378303.1417441565,378303.1417441565,-7.3905325044381005,0.42000000000000004,0.0
686.0,2026,10,1,C,0.0025491763646168517,0.9609214416417371,0,0.40987810206626796,54.82,58.51,QQQ,call,2026-10-01,mid,short,740.745,0.0,0.0,-7.3905325044381005,56.665,0.0
686.0,2026,10,1,P,0.0025491763646168517,-0.039078558358262926,0,0.2685827597558357,0.51,0.55,QQQ,put,2026-10-01,mid,short,740.745,-0.0,0.0,-7.3905325044381005,0.53,0.0
686.0,2026,10,2,C,0.002773137464373207,0.9540556543981462,12,0.3913861562324674,55.54,58.59,QQQ,call,2026-10-02,mid,short,740.745,18259.55131223529,18259.55131223529,-7.3905325044381005,57.065,0.0
686.0,2026,10,2,P,0.002773137464373207,-0.045944345601853745,559,0.2686510581009483,0.65,0.69,QQQ,put,2026-10-02,mid,short,740.745,-850590.7652949605,850590.7652949605,-7.3905325044381005,0.6699999999999999,0.0
686.0,2026,10,9,C,0.003354891985450086,0.9289112616563902,5,0.21806759685763574,56.85,59.85,QQQ,call,2026-10-09,mid,short,740.745,9204.199085922744,9204.199085922744,-7.3905325044381005,58.35,0.0
686.0,2026,10,9,P,0.003354891985450086,-0.07108873834360988,373,0.24507571727881847,1.28,1.33,QQQ,put,2026-10-09,mid,short,740.745,-686633.2518098366,686633.2518098366,-7.3905325044381005,1.3050000000000002,0.0
686.0,2026,10,16,C,0.003678031086784186,0.9044022694412877,122,0.24935785783397904,59.13,59.87,QQQ,call,2026-10-16,mid,short,740.745,246213.96591501855,246213.96591501855,-7.3905325044381005,59.5,0.0
686.0,2026,10,16,P,0.003678031086784186,-0.09559773055871233,1040,0.23737834842365899,2.1,2.15,QQQ,put,2026-10-16,mid,short,740.745,-2098873.152062453,2098873.152062453,-7.3905325044381005,2.125,0.0
686.0,2026,10,23,C,0.0038184086087143703,0.8828173135503211,1,0.23874455938819822,60.36,61.13,QQQ,call,2026-10-23,mid,short,740.745,2095.172850776196,2095.172850776196,-7.3905325044381005,60.745000000000005,0.0
686.0,2026,10,23,P,0.0038184086087143703,-0.11718268644967886,50,0.23383453907059945,3.0,3.09,QQQ,put,2026-10-23,mid,short,740.745,-104758.6425388098,104758.6425388098,-7.3905325044381005,3.045,0.0
686.0,2026,10,30,C,0.0038604623664415024,0.8601416110536397,32,0.24703830886432437,62.42,63.22,QQQ,call,2026-10-30,mid,short,740.745,67783.93217029536,67783.93217029536,-7.3905325044381005,62.82,0.0
686.0,2026,10,30,P,0.0038604623664415024,-0.1398583889463602,221,0.2372067787979344,4.21,4.29,QQQ,put,2026-10-30,mid,short,740.745,-468132.78155110235,468132.78155110235,-7.3905325044381005,4.25,0.0
686.0,2026,11,30,C,0.0035875361643621746,0.8101837775675175,5,0.2386005601699863,68.78,69.51,QQQ,call,2026-11-30,mid,short,740.745,9842.462060759062,9842.462060759062,-7.3905325044381005,69.14500000000001,0.0
686.0,2026,11,30,P,0.0035875361643621746,-0.1898162224324825,19,0.23183127019647165,8.19,8.39,QQQ,put,2026-11-30,mid,short,740.745,-37401.35583088443,37401.35583088443,-7.3905325044381005,8.29,0.0
687.0,2026,9,22,C,0.00046815318377429533,0.996822679780104,0,1.1606071099413096,52.63,56.05,QQQ,call,2026-09-22,mid,short,740.745,0.0,0.0,-7.255533280683636,54.34,1.0
687.0,2026,9,22,P,0.00046815318377429533,-0.0031773202198959916,2332,0.49671448111515215,0.01,0.03,QQQ,put,2026-09-22,mid,short,740.745,-599037.4647625978,599037.4647625978,-7.255533280683636,0.02,950.0
687.0,2026,9,23,C,0.0006034904447820345,0.9955727358010583,0,0.8199739051710634,52.69,56.11,QQQ,call,2026-09-23,mid,short,740.745,0.0,0.0,-7.255533280683636,54.4,0.0
687.0,2026,9,23,P,0.0006034904447820345,-0.004427264198941659,226,0.3758235822430223,0.02,0.04,QQQ,put,2026-09-23,mid,short,740.745,-74836.98710393149,74836.98710393149,-7.255533280683636,0.03,0.0
687.0,2026,9,24,C,0.0009132532674239384,0.992267133873069,0,0.6706154470921347,52.79,56.19,QQQ,call,2026-09-24,mid,short,740.745,0.0,0.0,-7.255533280683636,54.489999999999995,0.0
687.0,2026,9,24,P,0.0009132532674239384,-0.007732866126931023,121,0.33943007758356214,0.05,0.07,QQQ,put,2026-09-24,mid,short,740.745,-60633.698849861015,60633.698849861015,-7.255533280683636,0.060000000000000005,0.0
687.0,2026,9,25,C,0.0012781071443212187,0.9875629747196483,12,0.5939157859271118,53.25,56.44,QQQ,call,2026-09-25,mid,short,740.745,8415.61707058855,8415.61707058855,-7.255533280683636,54.845,0.0
687.0,2026,9,25,P,0.0012781071443212187,-0.012437025280351732,750,0.3209315715221706,0.1,0.12,QQQ,put,2026-09-25,mid,short,740.745,-525976.0669117842,525976.0669117842,-7.255533280683636,0.11,0.0
687.0,2026,9,28,C,0.0017442965245431739,0.9800693924332571,0,0.46213479879315206,53.22,56.89,QQQ,call,2026-09-28,mid,short,740.745,0.0,0.0,-7.255533280683636,55.055,0.0
687.0,2026,9,28,P,0.0017442965245431739,-0.01993060756674296,98,0.2666935750811803,0.19,0.22,QQQ,put,2026-09-28,mid,short,740.745,-93795.89861896621,93795.89861896621,-7.255533280683636,0.20500000000000002,0.0
687.0,2026,9,29,C,0.0020772324035939504,0.9736002528360248,1,0.4391636962772836,53.39,57.1,QQQ,call,2026-09-29,mid,short,740.745,1139.7839735721648,1139.7839735721648,-7.255533280683636,55.245000000000005,0.0
687.0,2026,9,29,P,0.0020772324035939504,-0.026399747163975203,45,0.2654901478861402,0.28,0.32,QQQ,put,2026-09-29,mid,short,740.745,-51290.27881074742,51290.27881074742,-7.255533280683636,0.30000000000000004,0.0
687.0,2026,9,30,C,0.00241617902406319,0.9657930115740977,285,0.4074782416202232,53.65,57.02,QQQ,call,2026-09-30,mid,short,740.745,377843.0402784789,377843.0402784789,-7.255533280683636,55.335,0.0
687.0,2026,9,30,P,0.00241617902406319,-0.03420698842590226,14634,0.267513969176944,0.41,0.45,QQQ,put,2026-09-30,mid,short,740.745,-19401245.79450968,19401245.79450968,-7.255533280683636,0.43,0.0
687.0,2026,10,1,C,0.002645532685608663,0.9596033593858972,0,0.4031575888768523,53.34,57.48,QQQ,call,2026-10-01,mid,short,740.745,0.0,0.0,-7.255533280683636,55.41,0.0
687.0,2026,10,1,P,0.002645532685608663,-0.04039664061410278,10,0.26542757897242103,0.52,0.57,QQQ,put,2026-10-01,mid,short,740.745,-14516.12131315235,14516.12131315235,-7.255533280683636,0.5449999999999999,0.0
687.0,2026,10,2,C,0.0028753430104423525,0.9524890485426349,0,0.3873067037930356,54.43,57.62,QQQ,call,2026-10-02,mid,short,740.745,0.0,0.0,-7.255533280683636,56.025,0.0
687.0,2026,10,2,P,0.0028753430104423525,-0.047510951457365024,1114,0.26619484900753637,0.67,0.71,QQQ,put,2026-10-02,mid,short,740.745,-1757568.6967122036,1757568.6967122036,-7.255533280683636,0.69,0.0
687.0,2026,10,9,C,0.0034621782068017695,0.926621572727904,1,0.18129975440867527,55.4,59.09,QQQ,call,2026-10-09,mid,short,740.745,1899.7081053309278,1899.7081053309278,-7.255533280683636,57.245000000000005,0.0
687.0,2026,10,9,P,0.0034621782068017695,-0.07337842727209595,386,0.24334090169708536,1.32,1.37,QQQ,put,2026-10-09,mid,short,740.745,-733287.3286577382,733287.3286577382,-7.255533280683636,1.3450000000000002,0.0
687.0,2026,10,16,C,0.0037764778470097834,0.9017975129258728,90,0.24790839412398147,58.2,60.46,QQQ,call,2026-10-16,mid,short,740.745,186494.87785826586,186494.87785826586,-7.255533280683636,59.33,0.0
687.0,2026,10,16,P,0.0037764778470097834,-0.09820248707412718,1009,0.2356588071733647,2.15,2.21,QQQ,put,2026-10-16,mid,short,740.745,-2090814.7973221138,2090814.7973221138,-7.255533280683636,2.1799999999999997,0.0
687.0,2026,10,23,C,0.003907436886242898,0.8798945604450372,1,0.23850381803217038,59.49,60.14,QQQ,call,2026-10-23,mid,short,740.745,2144.0229475425404,2144.0229475425404,-7.255533280683636,59.815,0.0
687.0,2026,10,23,P,0.003907436886242898,-0.1201054395549628,88,0.2324169222380527,3.07,3.17,QQQ,put,2026-10-23,mid,short,740.745,-188674.01938374352,188674.01938374352,-7.255533280683636,3.12,0.0
687.0,2026,10,30,C,0.003937809628209034,0.8569550135675914,82,0.24574694741441408,61.52,62.07,QQQ,call,2026-10-30,mid,short,740.745,177176.46248466175,177176.46248466175,-7.255533280683636,61.795,0.0
687.0,2026,10,30,P,0.003937809628209034,-0.14304498643240862,118,0.23613305116988298,4.31,4.39,QQQ,put,2026-10-30,mid,short,740.745,-254961.25089256206,254961.25089256206,-7.255533280683636,4.35,0.0
687.0,2026,11,30,C,0.0036362565043322756,0.8069374668306925,0,0.23779396793863322,67.94,68.85,QQQ,call,2026-11-30,mid,short,740.745,0.0,0.0,-7.255533280683636,68.395,0.0
687.0,2026,11,30,P,0.0036362565043322756,-0.19306253316930755,18,0.23129165150726727,8.36,8.53,QQQ,put,2026-11-30,mid,short,740.745,-35914.05749533135,35914.05749533135,-7.255533280683636,8.445,0.0
688.0,2026,9,22,C,0.00048349074401158774,0.9967704936958133,0,1.1441906707207354,51.63,55.05,QQQ,call,2026-09-22,mid,short,740.745,0.0,0.0,-7.1205340569291735,53.34,1.0
688.0,2026,9,22,P,0.00048349074401158774,-0.0032295063041866967,452,0.48796838983084045,0.01,0.03,QQQ,put,2026-09-22,mid,short,740.745,-119912.38929237337,119912.38929237337,-7.1205340569291735,0.02,1077.0
688.0,2026,9,23,C,0.0006229846203257446,0.9955009547437685,0,0.8124408427613627,51.69,55.15,QQQ,call,2026-09-23,mid,short,740.745,0.0,0.0,-7.1205340569291735,53.42,0.0
688.0,2026,9,23,P,0.0006229846203257446,-0.0044990452562314875,233,0.3692843082837351,0.02,0.04,QQQ,put,2026-09-23,mid,short,740.745,-79647.23502221555,79647.23502221555,-7.1205340569291735,0.03,0.0
688.0,2026,9,24,C,0.0009419711084134433,0.9921447827248041,0,0.6611310325481412,51.79,55.19,QQQ,call,2026-09-24,mid,short,740.745,0.0,0.0,-7.1205340569291735,53.489999999999995,0.0
688.0,2026,9,24,P,0.0009419711084134433,-0.007855217275195876,853,0.33363500936905505,0.05,0.07,QQQ,put,2026-09-24,mid,short,740.745,-440883.72881691135,440883.72881691135,-7.1205340569291735,0.060000000000000005,0.0
688.0,2026,9,25,C,0.0013171652028913633,0.9873712131394133,5,0.5862877740206813,52.17,55.45,QQQ,call,2026-09-25,mid,short,740.745,3613.6635125781763,3613.6635125781763,-7.1205340569291735,53.81,0.0
688.0,2026,9,25,P,0.0013171652028913633,-0.012628786860586666,1924,0.3155532149978764,0.1,0.12,QQQ,put,2026-09-25,mid,short,740.745,-1390537.7196400824,1390537.7196400824,-7.1205340569291735,0.11,0.0
688.0,2026,9,28,C,0.001837017530375676,0.9790389294456006,0,0.43240321022622463,52.23,55.45,QQQ,call,2026-09-28,mid,short,740.745,0.0,0.0,-7.1205340569291735,53.84,0.0
688.0,2026,9,28,P,0.001837017530375676,-0.020961070554399427,120,0.2643902980245142,0.2,0.23,QQQ,put,2026-09-28,mid,short,740.745,-120957.27777040405,120957.27777040405,-7.1205340569291735,0.21500000000000002,0.0
688.0,2026,9,29,C,0.002167895734171901,0.9725671878717111,0,0.4317073793604178,52.4,56.07,QQQ,call,2026-09-29,mid,short,740.745,0.0,0.0,-7.1205340569291735,54.235,0.0
688.0,2026,9,29,P,0.002167895734171901,-0.02743281212828882,31,0.26273686188528245,0.29,0.33,QQQ,put,2026-09-29,mid,short,740.745,-36875.46810226618,36875.46810226618,-7.1205340569291735,0.31,0.0
688.0,2026,9,30,C,0.0025065072676709334,0.9647358917249796,35,0.4022811703187526,52.8,56.03,QQQ,call,2026-09-30,mid,short,740.745,48136.49560524467,48136.49560524467,-7.1205340569291735,54.415,0.0
688.0,2026,9,30,P,0.0025065072676709334,-0.035264108275020314,476,0.26443045816468613,0.42,0.46,QQQ,put,2026-09-30,mid,short,740.745,-654656.3402313275,654656.3402313275,-7.1205340569291735,0.44,0.0
688.0,2026,10,1,C,0.0027543364088119947,0.9579991534284996,0,0.4008975730146471,52.82,56.56,QQQ,call,2026-10-01,mid,short,740.745,0.0,0.0,-7.1205340569291735,54.69,0.0
688.0,2026,10,1,P,0.0027543364088119947,-0.04200084657150043,12,0.2631748745326789,0.54,0.59,QQQ,put,2026-10-01,mid,short,740.745,-18135.756930184438,18135.756930184438,-7.1205340569291735,0.565,0.0
688.0,2026,10,2,C,0.0029808826352895924,0.950892953178312,17,0.3828143992639499,53.44,56.64,QQQ,call,2026-10-02,mid,short,740.745,27805.535014624806,27805.535014624806,-7.1205340569291735,55.04,0.0
688.0,2026,10,2,P,0.0029808826352895924,-0.04910704682168802,240,0.26367398360164934,0.69,0.73,QQQ,put,2026-10-02,mid,short,740.745,-392548.72961823264,392548.72961823264,-7.1205340569291735,0.71,0.0
688.0,2026,10,9,C,0.003572206260200678,0.9242984401582305,9,0.182053707521131,54.44,58.14,QQQ,call,2026-10-09,mid,short,740.745,17640.727608349516,17640.727608349516,-7.1205340569291735,56.29,0.0
688.0,2026,10,9,P,0.003572206260200678,-0.07570155984176956,128,0.2415420098806638,1.36,1.41,QQQ,put,2026-10-09,mid,short,740.745,-250890.3482076375,250890.3482076375,-7.1205340569291735,1.385,0.0
688.0,2026,10,16,C,0.0038785371892567657,0.8990242143231839,93,0.24613089370480148,57.26,57.99,QQQ,call,2026-10-16,mid,short,740.745,197919.4001143094,197919.4001143094,-7.1205340569291735,57.625,0.0
688.0,2026,10,16,P,0.0038785371892567657,-0.10097578567681612,878,0.23418783890008868,2.21,2.27,QQQ,put,2026-10-16,mid,short,740.745,-1868529.390326491,1868529.390326491,-7.1205340569291735,2.24,0.0
688.0,2026,10,23,C,0.003999228297131789,0.8767243828030029,2,0.23621206093248398,58.53,59.29,QQQ,call,2026-10-23,mid,short,740.745,4388.7783686029425,4388.7783686029425,-7.1205340569291735,58.91,0.0
688.0,2026,10,23,P,0.003999228297131789,-0.12327561719699703,59,0.2314058158185879,3.16,3.25,QQQ,put,2026-10-23,mid,short,740.745,-129468.96187378677,129468.96187378677,-7.1205340569291735,3.205,0.0
688.0,2026,10,30,C,0.004016346864517238,0.8538243482546293,9,0.2161295901808337,59.09,61.42,QQQ,call,2026-10-30,mid,short,740.745,19834.03976611837,19834.03976611837,-7.1205340569291735,60.255,0.0
688.0,2026,10,30,P,0.004016346864517238,-0.14617565174537073,237,0.23447137338855897,4.38,4.51,QQQ,put,2026-10-30,mid,short,740.745,-522296.38050778373,522296.38050778373,-7.1205340569291735,4.445,0.0
688.0,2026,11,30,C,0.003685806153893992,0.803720952769821,1,0.23684891595410343,67.09,68.06,QQQ,call,2026-11-30,mid,short,740.745,2022.4134654521943,2022.4134654521943,-7.1205340569291735,67.575,0.0
688.0,2026,11,30,P,0.003685806153893992,-0.19627904723017894,58,0.2304941293642813,8.51,8.68,QQQ,put,2026-11-30,mid,short,740.745,-117299.98099622724,117299.98099622724,-7.1205340569291735,8.594999999999999,0.0
689.0,2026,9,22,C,0.0004996147906679252,0.996716508704782,0,1.1334342087070612,50.88,54.09,QQQ,call,2026-09-22,mid,short,740.745,0.0,0.0,-6.98553483317471,52.485,230.0
689.0,2026,9,22,P,0.0004996147906679252,-0.003283491295218011,328,0.4792228545847946,0.01,0.03,QQQ,put,2026-09-22,mid,short,740.745,-89917.98951521973,89917.98951521973,-6.98553483317471,0.02,271.0
689.0,2026,9,23,C,0.0006434670152848005,0.9954267227017245,0,0.8007847582291024,50.69,54.15,QQQ,call,2026-09-23,mid,short,740.745,0.0,0.0,-6.98553483317471,52.42,0.0
689.0,2026,9,23,P,0.0006434670152848005,-0.004573277298275502,261,0.3627446606557927,0.02,0.04,QQQ,put,2026-09-23,mid,short,740.745,-92151.89155617668,92151.89155617668,-6.98553483317471,0.03,0.0
689.0,2026,9,24,C,0.0009721135500851569,0.9920183270245438,0,0.6524584727927296,50.79,54.2,QQQ,call,2026-09-24,mid,short,740.745,0.0,0.0,-6.98553483317471,52.495000000000005,0.0
689.0,2026,9,24,P,0.0009721135500851569,-0.007981672975456105,395,0.32783850919438795,0.05,0.07,QQQ,put,2026-09-24,mid,short,740.745,-210693.6999298402,210693.6999298402,-6.98553483317471,0.060000000000000005,0.0
689.0,2026,9,25,C,0.0013905639652129062,0.986724734454072,43,0.5779424343790482,51.17,54.45,QQQ,call,2026-09-25,mid,short,740.745,32809.293903985024,32809.293903985024,-6.98553483317471,52.81,0.0
689.0,2026,9,25,P,0.0013905639652129062,-0.013275265545927974,1878,0.31017261682196834,0.1,0.13,QQQ,put,2026-09-25,mid,short,740.745,-1432926.8360856716,1432926.8360856716,-6.98553483317471,0.115,0.0
689.0,2026,9,28,C,0.0019328846152103702,0.977989239437632,0,0.4503253552300353,51.24,54.91,QQQ,call,2026-09-28,mid,short,740.745,0.0,0.0,-6.98553483317471,53.075,0.0
689.0,2026,9,28,P,0.0019328846152103702,-0.02201076056236794,52,0.2619684715050476,0.21,0.24,QQQ,put,2026-09-28,mid,short,740.745,-55150.15410659109,55150.15410659109,-6.98553483317471,0.22499999999999998,0.0
689.0,2026,9,29,C,0.002261991519029123,0.9715117335134227,3,0.42891092400267544,51.43,55.14,QQQ,call,2026-09-29,mid,short,740.745,3723.4856493932166,3723.4856493932166,-6.98553483317471,53.285,0.0
689.0,2026,9,29,P,0.002261991519029123,-0.028488266486577353,67,0.2599119949102489,0.3,0.34,QQQ,put,2026-09-29,mid,short,740.745,-83157.84616978186,83157.84616978186,-6.98553483317471,0.32,0.0
689.0,2026,9,30,C,0.0026230417012052714,0.9630841010308969,147,0.40804207590476166,51.4,55.29,QQQ,call,2026-09-30,mid,short,740.745,211572.8748103809,211572.8748103809,-6.98553483317471,53.345,0.0
689.0,2026,9,30,P,0.0026230417012052714,-0.03691589896910304,179,0.2624011394117099,0.44,0.48,QQQ,put,2026-09-30,mid,short,740.745,-257629.55504121218,257629.55504121218,-6.98553483317471,0.45999999999999996,0.0
689.0,2026,10,1,C,0.0028576469971046477,0.9566251416621412,0,0.3961679349682059,51.38,55.58,QQQ,call,2026-10-01,mid,short,740.745,0.0,0.0,-6.98553483317471,53.480000000000004,0.0
689.0,2026,10,1,P,0.0028576469971046477,-0.04337485833785887,0,0.2608368333295139,0.56,0.6,QQQ,put,2026-10-01,mid,short,740.745,-0.0,0.0,-6.98553483317471,0.5800000000000001,0.0
689.0,2026,10,2,C,0.00310395881472893,0.9487956222574826,7,0.17088842075787555,52.62,54.95,QQQ,call,2026-10-02,mid,short,740.745,11922.063962965967,11922.063962965967,-6.98553483317471,53.785,0.0
689.0,2026,10,2,P,0.00310395881472893,-0.05120437774251741,1188,0.26184408477245885,0.72,0.76,QQQ,put,2026-10-02,mid,short,740.745,-2023344.569714795,2023344.569714795,-6.98553483317471,0.74,0.0
689.0,2026,10,9,C,0.003685146977870622,0.9219399475481256,3,0.24927724940362309,54.74,57.19,QQQ,call,2026-10-09,mid,short,740.745,6066.155320465362,6066.155320465362,-6.98553483317471,55.965,0.0
689.0,2026,10,9,P,0.003685146977870622,-0.07806005245187438,285,0.2396809377139352,1.4,1.45,QQQ,put,2026-10-09,mid,short,740.745,-576284.7554442094,576284.7554442094,-6.98553483317471,1.4249999999999998,0.0
689.0,2026,10,16,C,0.00398410787445391,0.8960829879708331,220,0.24457649746518711,56.33,57.06,QQQ,call,2026-10-16,mid,short,740.745,480940.36334801756,480940.36334801756,-6.98553483317471,56.695,0.0
689.0,2026,10,16,P,0.00398410787445391,-0.10391701202916696,1419,0.23294863728885515,2.28,2.33,QQQ,put,2026-10-16,mid,short,740.745,-3102065.343594713,3102065.343594713,-6.98553483317471,2.3049999999999997,0.0
689.0,2026,10,23,C,0.004092178399277428,0.8736284561884067,4,0.234980162975143,57.62,58.38,QQQ,call,2026-10-23,mid,short,740.745,8981.564794434717,8981.564794434717,-6.98553483317471,58.0,0.0
689.0,2026,10,23,P,0.004092178399277428,-0.12637154381159338,90,0.23011513099610711,3.24,3.33,QQQ,put,2026-10-23,mid,short,740.745,-202085.20787478113,202085.20787478113,-6.98553483317471,3.285,0.0
689.0,2026,10,30,C,0.004096261277959961,0.8503223186707024,10,0.24322052397169755,59.73,60.53,QQQ,call,2026-10-30,mid,short,740.745,22476.31487023369,22476.31487023369,-6.98553483317471,60.129999999999995,0.0
689.0,2026,10,30,P,0.004096261277959961,-0.1496776813292976,149,0.23331622606110083,4.48,4.64,QQQ,put,2026-10-30,mid,short,740.745,-334897.09156648203,334897.09156648203,-6.98553483317471,4.5600000000000005,0.0
689.0,2026,11,30,C,0.0037365998506934247,0.8005811219530685,6,0.23598619834472304,66.25,67.22,QQQ,call,2026-11-30,mid,short,740.745,12301.704762848556,12301.704762848556,-6.98553483317471,66.735,0.0
689.0,2026,11,30,P,0.0037365998506934247,-0.19941887804693148,1179,0.2293353366510555,8.63,8.84,QQQ,put,2026-11-30,mid,short,740.745,-2417284.9858997418,2417284.9858997418,-6.98553483317471,8.735,0.0
690.0,2026,9,22,C,0.0005165814545245411,0.9966606267437218,0,1.111282312679663,49.63,53.05,QQQ,call,2026-09-22,mid,short,740.745,0.0,0.0,-6.8505356094202465,51.34,1.0
690.0,2026,9,22,P,0.0005165814545245411,-0.003339373256278242,846,0.47047758236249937,0.01,0.03,QQQ,put,2026-09-22,mid,short,740.745,-239798.59334056632,239798.59334056632,-6.8505356094202465,0.02,3806.0
690.0,2026,9,23,C,0.0006650074729553453,0.9953499070667328,1,0.7891104947522932,49.69,53.15,QQQ,call,2026-09-23,mid,short,740.745,364.89169852580034,364.89169852580034,-6.8505356094202465,51.42,0.0
690.0,2026,9,23,P,0.0006650074729553453,-0.004650092933267263,1401,0.3562044012212514,0.02,0.04,QQQ,put,2026-09-23,mid,short,740.745,-511213.26963464625,511213.26963464625,-6.8505356094202465,0.03,0.0
690.0,2026,9,24,C,0.0010960377477839981,0.9908344998445101,0,0.6429383639872295,49.8,53.2,QQQ,call,2026-09-24,mid,short,740.745,0.0,0.0,-6.8505356094202465,51.5,0.0
690.0,2026,9,24,P,0.0010960377477839981,-0.009165500155489878,898,0.32918447928673356,0.06,0.08,QQQ,put,2026-09-24,mid,short,740.745,-540056.6344715464,540056.6344715464,-6.8505356094202465,0.07,0.0
690.0,2026,9,25,C,0.0015595096691128174,0.9847451478314011,235,0.5716383770580412,50.42,53.48,QQQ,call,2026-09-25,mid,short,740.745,201091.35079753623,201091.35079753623,-6.8505356094202465,51.95,0.0
690.0,2026,9,25,P,0.0015595096691128174,-0.015254852168598902,80633,0.3160225629229607,0.13,0.14,QQQ,put,2026-09-25,mid,short,740.745,-68998293.14407548,68998293.14407548,-6.8505356094202465,0.135,0.0
690.0,2026,9,28,C,0.002032151904490881,0.9769189416042414,5,0.4443923869461111,50.25,53.92,QQQ,call,2026-09-28,mid,short,740.745,5575.240807421046,5575.240807421046,-6.8505356094202465,52.085,0.0
690.0,2026,9,28,P,0.002032151904490881,-0.02308105839575855,462,0.259435513084574,0.22,0.25,QQQ,put,2026-09-28,mid,short,740.745,-515152.25060570444,515152.25060570444,-6.8505356094202465,0.235,0.0
690.0,2026,9,29,C,0.0023597511546409357,0.9704326278893408,3,0.42328705407232864,50.43,54.15,QQQ,call,2026-09-29,mid,short,740.745,3884.4087108761046,3884.4087108761046,-6.8505356094202465,52.29,0.0
690.0,2026,9,29,P,0.0023597511546409357,-0.029567372110659164,332,0.25701824562629316,0.31,0.35,QQQ,put,2026-09-29,mid,short,740.745,-429874.56400362216,429874.56400362216,-6.8505356094202465,0.32999999999999996,0.0
690.0,2026,9,30,C,0.0027430373220808774,0.9614052420566525,3015,0.39272262184953177,50.79,54.07,QQQ,call,2026-09-30,mid,short,740.745,4537916.39742597,4537916.39742597,-6.8505356094202465,52.43,0.0
690.0,2026,9,30,P,0.0027430373220808774,-0.038594757943347525,25543,0.26025845962447325,0.46,0.5,QQQ,put,2026-09-30,mid,short,740.745,-38445107.30993418,38445107.30993418,-6.8505356094202465,0.48,0.0
690.0,2026,10,1,C,0.002973675794207434,0.9549617801267328,1,0.389044477627497,50.4,54.54,QQQ,call,2026-10-01,mid,short,740.745,1631.6652903030918,1631.6652903030918,-6.8505356094202465,52.47,0.0
690.0,2026,10,1,P,0.002973675794207434,-0.045038219873267143,242,0.2584169235990269,0.58,0.62,QQQ,put,2026-10-01,mid,short,740.745,-394863.0002533482,394863.0002533482,-6.8505356094202465,0.6,0.0
690.0,2026,10,2,C,0.003223498246365654,0.9469011406708854,139,0.17828241992178298,51.65,54.7,QQQ,call,2026-10-02,mid,short,740.745,245855.36846177606,245855.36846177606,-6.8505356094202465,53.175,0.0
690.0,2026,10,2,P,0.003223498246365654,-0.05309885932911462,40044,0.259909178146996,0.75,0.78,QQQ,put,2026-10-02,mid,short,740.745,-70827571.0408875,70827571.0408875,-6.8505356094202465,0.765,0.0
690.0,2026,10,5,C,0.003376377838896361,0.940775387175421,0,0.3470834891917044,50.91,55.36,QQQ,call,2026-10-05,mid,short,740.745,0.0,0.0,-6.8505356094202465,53.135,0.0
690.0,2026,10,5,P,0.003376377838896361,-0.05922461282457905,0,0.2392584724013193,0.88,0.93,QQQ,put,2026-10-05,mid,short,740.745,-0.0,0.0,-6.8505356094202465,0.905,0.0
690.0,2026,10,9,C,0.0038040603814538786,0.9193725391806429,62,0.24707304882155925,53.78,56.24,QQQ,call,2026-10-09,mid,short,740.745,129412.59585897958,129412.59585897958,-6.8505356094202465,55.010000000000005,0.0
690.0,2026,10,9,P,0.0038040603814538786,-0.08062746081935707,704,0.23775940754332325,1.44,1.5,QQQ,put,2026-10-09,mid,short,740.745,-1469459.1529793811,1469459.1529793811,-6.8505356094202465,1.47,0.0
690.0,2026,10,16,C,0.0040930786645677975,0.8929746744670233,2731,0.24323132410929826,55.41,55.94,QQQ,call,2026-10-16,mid,short,740.745,6133512.418424862,6133512.418424862,-6.8505356094202465,55.675,0.0
690.0,2026,10,16,P,0.0040930786645677975,-0.10702532553297667,23425,0.2319241645289169,2.36,2.39,QQQ,put,2026-10-16,mid,short,740.745,-52609860.27154977,52609860.27154977,-6.8505356094202465,2.375,0.0
690.0,2026,10,23,C,0.004187339306493965,0.8703918935029162,27,0.23369707957309016,56.71,57.46,QQQ,call,2026-10-23,mid,short,740.745,62035.36979310271,62035.36979310271,-6.8505356094202465,57.085,0.0
690.0,2026,10,23,P,0.004187339306493965,-0.1296081064970837,2214,0.22899213740177424,3.33,3.41,QQQ,put,2026-10-23,mid,short,740.745,-5086900.323034423,5086900.323034423,-6.8505356094202465,3.37,0.0
690.0,2026,10,30,C,0.004177641981081002,0.8474634682305575,66,0.24198196013112874,58.84,59.63,QQQ,call,2026-10-30,mid,short,740.745,151290.8321485465,151290.8321485465,-6.8505356094202465,59.235,0.0
690.0,2026,10,30,P,0.004177641981081002,-0.1525365317694425,2438,0.23246883479254007,4.6,4.67,QQQ,put,2026-10-30,mid,short,740.745,-5588591.6481538825,5588591.6481538825,-6.8505356094202465,4.635,0.0
690.0,2026,11,20,C,0.0039006828728713446,0.8056114201555639,2352,0.23890474916863425,63.56,64.36,QQQ,call,2026-11-20,mid,short,740.745,5034025.58187494,5034025.58187494,-6.8505356094202465,63.96,0.0
690.0,2026,11,20,P,0.0039006828728713446,-0.19438857984443614,25376,0.23421291075953724,7.9,8.0,QQQ,put,2026-11-20,mid,short,740.745,-54312684.16907248,54312684.16907248,-6.8505356094202465,7.95,0.0
690.0,2026,11,30,C,0.0037859548567681723,0.7971211556921296,14,0.23509536287534402,65.41,66.14,QQQ,call,2026-11-30,mid,short,740.745,29083.115245672856,29083.115245672856,-6.8505356094202465,65.775,0.0
690.0,2026,11,30,P,0.0037859548567681723,-0.20287884430787034,1268,0.2289202049066517,8.82,8.99,QQQ,put,2026-11-30,mid,short,740.745,-2634099.2951080836,2634099.2951080836,-6.8505356094202465,8.905000000000001,0.0
690.0,2026,12,18,C,0.003519933470701739,0.7767167886055637,12912,0.2383567469729136,69.49,70.38,QQQ,call,2026-12-18,mid,short,740.745,24938218.734202866,24938218.734202866,-6.8505356094202465,69.935,0.0
690.0,2026,12,18,P,0.003519933470701739,-0.2232832113944363,23813,0.2324961989043256,11.48,11.63,QQQ,put,2026-12-18,mid,short,740.745,-45992394.88209207,45992394.88209207,-6.8505356094202465,11.555,0.0
690.0,2026,12,31,C,0.0033719632840488313,0.7682099757934057,438,0.2317772964122617,71.3,73.71,QQQ,call,2026-12-31,mid,short,740.745,810390.6189526917,810390.6189526917,-6.8505356094202465,72.505,0.0
690.0,2026,12,31,P,0.0033719632840488313,-0.2317900242065943,2898,0.23079367662600847,12.84,13.14,QQQ,put,2026-12-31,mid,short,740.745,-5361899.574714385,5361899.574714385,-6.8505356094202465,12.99,0.0
690.0,2027,1,15,C,0.0032115182923087007,0.7596861109218155,10243,0.23680155487235474,74.76,75.54,QQQ,call,2027-01-15,mid,short,740.745,18049909.557419542,18049909.557419542,-6.8505356094202465,75.15,0.0
690.0,2027,1,15,P,0.0032115182923087007,-0.24031388907818452,8398,0.23100359855338748,14.54,14.78,QQQ,put,2027-01-15,mid,short,740.745,-14798705.502607565,14798705.502607565,-6.8505356094202465,14.66,0.0
690.0,2027,2,19,C,0.002901738418884859,0.7458152470001633,56,0.23603939496736798,80.91,81.97,QQQ,call,2027-02-19,mid,short,740.745,89162.80942796516,89162.80942796516,-6.8505356094202465,81.44,0.0
690.0,2027,2,19,P,0.002901738418884859,-0.2541847529998367,842,0.2308942886761133,18.05,18.34,QQQ,put,2027-02-19,mid,short,740.745,-1340626.5274704755,1340626.5274704755,-6.8505356094202465,18.195,0.0
690.0,2027,3,19,C,0.002686852414386285,0.7371761489493429,813,0.23985796990499206,86.22,88.95,QQQ,call,2027-03-19,mid,short,740.745,1198593.2146474184,1198593.2146474184,-6.8505356094202465,87.58500000000001,0.0
690.0,2027,3,19,P,0.002686852414386285,-0.26282385105065714,11013,0.23313185551400106,20.93,21.23,QQQ,put,2027-03-19,mid,short,740.745,-16236294.06262241,16236294.06262241,-6.8505356094202465,21.08,0.0
690.0,2027,3,31,C,0.002613250691569485,0.7348604848350171,440,0.23298871017729988,86.96,90.5,QQQ,call,2027-03-31,mid,short,740.745,630915.5157075934,630915.5157075934,-6.8505356094202465,88.72999999999999,0.0
690.0,2027,3,31,P,0.002613250691569485,-0.26513951516498296,132,0.2313195993293423,21.63,22.56,QQQ,put,2027-03-31,mid,short,740.745,-189274.654712278,189274.654712278,-6.8505356094202465,22.095,0.0
690.0,2027,6,17,C,0.00218789907739741,0.7219899854678604,1651,0.24840199896331025,101.78,104.19,QQQ,call,2027-06-17,mid,short,740.745,1982037.2660896499,1982037.2660896499,-6.8505356094202465,102.985,0.0
690.0,2027,6,17,P,0.00218789907739741,-0.2780100145321396,3264,0.23857376265923352,28.89,29.97,QQQ,put,2027-06-17,mid,short,740.745,-3918455.2613668176,3918455.2613668176,-6.8505356094202465,29.43,0.0
690.0,2027,6,30,C,0.002120465729064685,0.7198485026729269,96,0.24432583575965133,102.77,106.23,QQQ,call,2027-06-30,mid,short,740.745,111696.59862337724,111696.59862337724,-6.8505356094202465,104.5,0.0
690.0,2027,6,30,P,0.002120465729064685,-0.2801514973270732,43,0.23880745796311695,29.82,32.04,QQQ,put,2027-06-30,mid,short,740.745,-50030.76813338773,50030.76813338773,-6.8505356094202465,30.93,0.0
690.0,2027,9,17,C,0.001871385821938344,0.7173786971788254,801,0.2503480226272567,115.0,119.0,QQQ,call,2027-09-17,mid,short,740.745,822495.0791180644,822495.0791180644,-6.8505356094202465,117.0,0.0
690.0,2027,9,17,P,0.001871385821938344,-0.28262130282117454,4815,0.24167993385791162,35.33,37.12,QQQ,put,2027-09-17,mid,short,740.745,-4944211.992451285,4944211.992451285,-6.8505356094202465,36.224999999999994,0.0
690.0,2027,12,17,C,0.0016494608430264901,0.7168598206959295,997,0.25196636993116683,126.98,131.5,QQQ,call,2027-12-17,mid,short,740.745,902349.1755528549,902349.1755528549,-6.8505356094202465,129.24,0.0
690.0,2027,12,17,P,0.0016494608430264901,-0.28314017930407054,4424,0.24373030793105052,40.59,43.47,QQQ,put,2027-12-17,mid,short,740.745,-4004004.7669466706,4004004.7669466706,-6.8505356094202465,42.03,0.0
690.0,2028,1,21,C,0.0015841395317323405,0.7175814805838414,346,0.2507801282586544,130.85,135.0,QQQ,call,2028-01-21,mid,short,740.745,300750.936235231,300750.936235231,-6.8505356094202465,132.925,0.0
690.0,2028,1,21,P,0.0015841395317323405,-0.28241851941615853,384,0.24360495102779567,42.17,45.5,QQQ,put,2028-01-21,mid,short,740.745,-333781.38587956276,333781.38587956276,-6.8505356094202465,43.835,0.0
690.0,2028,6,16,C,0.0013700539289392586,0.7225426806535276,637,0.2557222439489244,149.0,154.0,QQQ,call,2028-06-16,mid,short,740.745,478866.60581246566,478866.60581246566,-6.8505356094202465,151.5,0.0
690.0,2028,6,16,P,0.0013700539289392586,-0.2774573193464724,5919,0.24366749991968856,48.0,52.5,QQQ,put,2028-06-16,mid,short,740.745,-4449625.4941977775,4449625.4941977775,-6.8505356094202465,50.25,0.0
690.0,2028,12,15,C,0.0011741607761606673,0.7296835912858768,239,0.25910492761740084,169.0,174.0,QQQ,call,2028-12-15,mid,short,740.745,153979.50765024466,153979.50765024466,-6.8505356094202465,171.5,0.0
690.0,2028,12,15,P,0.0011741607761606673,-0.27031640871412316,991,0.2475604482459484,55.0,60.0,QQQ,put,2028-12-15,mid,short,740.745,-638467.3308844873,638467.3308844873,-6.8505356094202465,57.5,0.0
690.0,2029,1,19,C,0.001145996235359042,0.7313737293725692,61,0.2592826419127823,172.5,177.0,QQQ,call,2029-01-19,mid,short,740.745,38357.51674928501,38357.51674928501,-6.8505356094202465,174.75,0.0
690.0,2029,1,19,P,0.001145996235359042,-0.26862627062743083,0,0.24771675909376858,56.0,61.0,QQQ,put,2029-01-19,mid,short,740.745,-0.0,0.0,-6.8505356094202465,58.5,0.0
691.0,2026,9,22,C,0.000534452057682214,0.9966027423588502,0,1.1003710361635664,48.64,52.09,QQQ,call,2026-09-22,mid,short,740.745,0.0,0.0,-6.715536385665782,50.365,1.0
691.0,2026,9,22,P,0.000534452057682214,-0.003397257641149839,536,0.46173226872737433,0.01,0.03,QQQ,put,2026-09-22,mid,short,740.745,-157184.96421927106,157184.96421927106,-6.715536385665782,0.02,3257.0
691.0,2026,9,23,C,0.0006876822403764698,0.9952703653020126,0,0.7734549158583106,48.69,52.11,QQQ,call,2026-09-23,mid,short,740.745,0.0,0.0,-6.715536385665782,50.4,0.0
691.0,2026,9,23,P,0.0006876822403764698,-0.004729634697987398,240,0.3496632823288867,0.02,0.04,QQQ,put,2026-09-23,mid,short,740.745,-90560.01958781507,90560.01958781507,-6.715536385665782,0.03,0.0
691.0,2026,9,24,C,0.0011321572622523348,0.9906824969758311,0,0.6342124379573351,48.8,52.21,QQQ,call,2026-09-24,mid,short,740.745,0.0,0.0,-6.715536385665782,50.504999999999995,0.0
691.0,2026,9,24,P,0.0011321572622523348,-0.009317503024168842,142,0.32328072989158596,0.06,0.08,QQQ,put,2026-09-24,mid,short,740.745,-88212.9931730898,88212.9931730898,-6.715536385665782,0.07,0.0
691.0,2026,9,25,C,0.001546540859455358,0.9853869425301107,45,0.5625711016934191,49.08,52.47,QQQ,call,2026-09-25,mid,short,740.745,38186.63320312035,38186.63320312035,-6.715536385665782,50.775,0.0
691.0,2026,9,25,P,0.001546540859455358,-0.014613057469889324,1175,0.30331628716434533,0.11,0.14,QQQ,put,2026-09-25,mid,short,740.745,-997095.4225259203,997095.4225259203,-6.715536385665782,0.125,0.0
691.0,2026,9,28,C,0.0021149720207554903,0.9761920249694802,0,0.4384399275702629,49.27,52.93,QQQ,call,2026-09-28,mid,short,740.745,0.0,0.0,-6.715536385665782,51.1,0.0
691.0,2026,9,28,P,0.0021149720207554903,-0.023807975030519735,120,0.2549886151163662,0.22,0.26,QQQ,put,2026-09-28,mid,short,740.745,-139259.0184693765,139259.0184693765,-6.715536385665782,0.24,0.0
691.0,2026,9,29,C,0.002476653375526763,0.9690038586309703,0,0.41764519387313714,49.42,53.16,QQQ,call,2026-09-29,mid,short,740.745,0.0,0.0,-6.715536385665782,51.29,0.0
691.0,2026,9,29,P,0.002476653375526763,-0.03099614136902977,61,0.2554099622647797,0.33,0.36,QQQ,put,2026-09-29,mid,short,740.745,-82895.79878434591,82895.79878434591,-6.715536385665782,0.345,0.0
691.0,2026,9,30,C,0.0028449049784826912,0.9602636869180945,78,0.3994598071527174,49.45,53.36,QQQ,call,2026-09-30,mid,short,740.745,121758.65032030304,121758.65032030304,-6.715536385665782,51.405,0.0
691.0,2026,9,30,P,0.0028449049784826912,-0.03973631308190549,653,0.25698745604484746,0.47,0.51,QQQ,put,2026-09-30,mid,short,740.745,-1019338.4443481781,1019338.4443481781,-6.715536385665782,0.49,0.0
691.0,2026,10,1,C,0.00310231923025187,0.9530079931658563,0,0.3874167802586789,49.42,53.64,QQQ,call,2026-10-01,mid,short,740.745,0.0,0.0,-6.715536385665782,51.53,0.0
691.0,2026,10,1,P,0.00310231923025187,-0.046992006834143694,2,0.25591825852528816,0.6,0.65,QQQ,put,2026-10-01,mid,short,740.745,-3404.5046990678616,3404.5046990678616,-6.715536385665782,0.625,0.0
691.0,2026,10,2,C,0.0033468454307752243,0.9449721981523971,14,0.1828808110387593,50.68,53.72,QQQ,call,2026-10-02,mid,short,740.745,25709.94506146319,25709.94506146319,-6.715536385665782,52.2,0.0
691.0,2026,10,2,P,0.0033468454307752243,-0.055027801847602954,133,0.257168257463838,0.77,0.81,QQQ,put,2026-10-02,mid,short,740.745,-244244.4780839003,244244.4780839003,-6.715536385665782,0.79,0.0
691.0,2026,10,9,C,0.003928808437800733,0.9165967000960639,5,0.24519521936555766,52.83,55.29,QQQ,call,2026-10-09,mid,short,740.745,10778.747926550517,10778.747926550517,-6.715536385665782,54.06,0.0
691.0,2026,10,9,P,0.003928808437800733,-0.08340329990393609,125,0.23617959344951264,1.49,1.55,QQQ,put,2026-10-09,mid,short,740.745,-269468.698163763,269468.698163763,-6.715536385665782,1.52,0.0
691.0,2026,10,16,C,0.004202119022453592,0.8900908956488786,104,0.2413087388338281,54.47,55.2,QQQ,call,2026-10-16,mid,short,740.745,239794.46040272887,239794.46040272887,-6.715536385665782,54.835,0.0
691.0,2026,10,16,P,0.004202119022453592,-0.10990910435112149,1205,0.22999857045683142,2.41,2.46,QQQ,put,2026-10-16,mid,short,740.745,-2778387.73832008,2778387.73832008,-6.715536385665782,2.435,0.0
691.0,2026,10,23,C,0.0042843056717171415,0.8671196747630961,9,0.23236387581694978,55.8,58.0,QQQ,call,2026-10-23,mid,short,740.745,21157.30835246428,21157.30835246428,-6.715536385665782,56.9,0.0
691.0,2026,10,23,P,0.0042843056717171415,-0.13288032523690382,103,0.22760004036254033,3.41,3.5,QQQ,put,2026-10-23,mid,short,740.745,-242133.64003375784,242133.64003375784,-6.715536385665782,3.455,0.0
691.0,2026,10,30,C,0.0042594648089268,0.8432335208808439,29,0.2408687833045551,57.96,58.74,QQQ,call,2026-10-30,mid,short,740.745,67778.27160190673,67778.27160190673,-6.715536385665782,58.35,0.0
691.0,2026,10,30,P,0.0042594648089268,-0.1567664791191561,69,0.23156794466648786,4.72,4.86,QQQ,put,2026-10-30,mid,short,740.745,-161265.5427769505,161265.5427769505,-6.715536385665782,4.79,0.0
691.0,2026,11,30,C,0.0038376451008792526,0.7938833560522162,3,0.23439005612472286,64.59,65.54,QQQ,call,2026-11-30,mid,short,740.745,6317.18392415604,6317.18392415604,-6.715536385665782,65.065,0.0
691.0,2026,11,30,P,0.0038376451008792526,-0.20611664394778387,23,0.2277088171955371,8.94,9.16,QQQ,put,2026-11-30,mid,short,740.745,-48431.74341852964,48431.74341852964,-6.715536385665782,9.05,0.0
692.0,2026,9,22,C,0.0005532937083324055,0.9965427419882305,0,1.0837969970707333,47.64,51.09,QQQ,call,2026-09-22,mid,short,740.745,0.0,0.0,-6.5805371619113195,49.365,4.0
692.0,2026,9,22,P,0.0005532937083324055,-0.0034572580117695297,520,0.4529865970638556,0.01,0.03,QQQ,put,2026-09-22,mid,short,740.745,-157868.88177708598,157868.88177708598,-6.5805371619113195,0.02,386.0
692.0,2026,9,23,C,0.0007819139624954868,0.9945468260824623,0,0.7657038457317753,47.69,51.15,QQQ,call,2026-09-23,mid,short,740.745,0.0,0.0,-6.5805371619113195,49.42,0.0
692.0,2026,9,23,P,0.0007819139624954868,-0.0054531739175377025,462,0.35815849685870343,0.03,0.04,QQQ,put,2026-09-23,mid,short,740.745,-198215.8600788704,198215.8600788704,-6.5805371619113195,0.035,0.0
692.0,2026,9,24,C,0.0011701640948840774,0.9905251123397066,0,0.6246536626989408,47.79,51.21,QQQ,call,2026-09-24,mid,short,740.745,0.0,0.0,-6.5805371619113195,49.5,0.0
692.0,2026,9,24,P,0.0011701640948840774,-0.009474887660293389,115,0.3173744913718886,0.06,0.08,QQQ,put,2026-09-24,mid,short,740.745,-73838.36403738467,73838.36403738467,-6.5805371619113195,0.07,0.0
692.0,2026,9,25,C,0.0016295973070081916,0.9846936759893452,21,0.5719295904160291,48.09,51.74,QQQ,call,2026-09-25,mid,short,740.745,18777.468859288405,18777.468859288405,-6.5805371619113195,49.915000000000006,0.0
692.0,2026,9,25,P,0.0016295973070081916,-0.015306324010654782,1016,0.3015024034282835,0.12,0.14,QQQ,put,2026-09-25,mid,short,740.745,-908471.8267160486,908471.8267160486,-6.5805371619113195,0.13,0.0
692.0,2026,9,28,C,0.0022219576749654127,0.9750765783151389,18,0.43246745327281194,48.28,51.94,QQQ,call,2026-09-28,mid,short,740.745,21945.513358539636,21945.513358539636,-6.5805371619113195,50.11,0.0
692.0,2026,9,28,P,0.0022219576749654127,-0.024923421684861093,389,0.2523236387713741,0.23,0.27,QQQ,put,2026-09-28,mid,short,740.745,-474266.9275817732,474266.9275817732,-6.5805371619113195,0.25,0.0
692.0,2026,9,29,C,0.002597554103490614,0.9675479540565827,0,0.41018618664160117,48.46,52.13,QQQ,call,2026-09-29,mid,short,740.745,0.0,0.0,-6.5805371619113195,50.295,0.0
692.0,2026,9,29,P,0.002597554103490614,-0.03245204594341738,92,0.2523443882203361,0.34,0.38,QQQ,put,2026-09-29,mid,short,740.745,-131126.32413787604,131126.32413787604,-6.5805371619113195,0.36,0.0
692.0,2026,9,30,C,0.0029730231744824758,0.9585233752557788,64,0.38305844909016107,48.88,52.11,QQQ,call,2026-09-30,mid,short,740.745,104403.66053126245,104403.66053126245,-6.5805371619113195,50.495000000000005,0.0
692.0,2026,9,30,P,0.0029730231744824758,-0.041476624744221216,361,0.254671295929913,0.49,0.53,QQQ,put,2026-09-30,mid,short,740.745,-588901.8976841522,588901.8976841522,-6.5805371619113195,0.51,0.0
692.0,2026,10,1,C,0.0032263463107843715,0.9512786443398459,0,0.38260822796494603,48.72,52.66,QQQ,call,2026-10-01,mid,short,740.745,0.0,0.0,-6.5805371619113195,50.69,0.0
692.0,2026,10,1,P,0.0032263463107843715,-0.04872135566015417,56,0.25334363564676526,0.62,0.67,QQQ,put,2026-10-01,mid,short,740.745,-99137.1583961166,99137.1583961166,-6.5805371619113195,0.645,0.0
692.0,2026,10,2,C,0.00348081752848876,0.9427738156542507,15,0.18592429872863875,49.71,52.76,QQQ,call,2026-10-02,mid,short,740.745,28649.033399221586,28649.033399221586,-6.5805371619113195,51.235,0.0
692.0,2026,10,2,P,0.00348081752848876,-0.05722618434574933,238,0.2550593572856482,0.8,0.84,QQQ,put,2026-10-02,mid,short,740.745,-454564.66326764907,454564.66326764907,-6.5805371619113195,0.8200000000000001,0.0
692.0,2026,10,9,C,0.00405660588713401,0.9137824231629226,13,0.243620028757123,51.89,54.14,QQQ,call,2026-10-09,mid,short,740.745,28936.34183652446,28936.34183652446,-6.5805371619113195,53.015,0.0
692.0,2026,10,9,P,0.00405660588713401,-0.08621757683707744,192,0.23452342524230282,1.54,1.6,QQQ,put,2026-10-09,mid,short,740.745,-427367.5102009767,427367.5102009767,-6.5805371619113195,1.57,0.0
692.0,2026,10,16,C,0.004316830330617095,0.8867768537307101,311,0.19488954660133379,52.01,54.27,QQQ,call,2026-10-16,mid,short,740.745,736652.7692784534,736652.7692784534,-6.5805371619113195,53.14,0.0
692.0,2026,10,16,P,0.004316830330617095,-0.11322314626928985,855,0.2285724547074646,2.48,2.54,QQQ,put,2026-10-16,mid,short,740.745,-2025202.950910218,2025202.950910218,-6.5805371619113195,2.51,0.0
692.0,2026,10,23,C,0.004383445283209956,0.8637064386279216,7,0.23200377502953115,54.94,55.57,QQQ,call,2026-10-23,mid,short,740.745,16836.4717974373,16836.4717974373,-6.5805371619113195,55.254999999999995,0.0
692.0,2026,10,23,P,0.004383445283209956,-0.13629356137207838,35,0.2263703112757591,3.5,3.59,QQQ,put,2026-10-23,mid,short,740.745,-84182.35898718654,84182.35898718654,-6.5805371619113195,3.545,0.0
692.0,2026,10,30,C,0.0043427565918974,0.8395613412939027,48,0.2395457540881939,57.07,57.86,QQQ,call,2026-10-30,mid,short,740.745,114378.44368702656,114378.44368702656,-6.5805371619113195,57.465,0.0
692.0,2026,10,30,P,0.0043427565918974,-0.1604386587060973,216,0.23061478415404255,4.84,4.98,QQQ,put,2026-10-30,mid,short,740.745,-514702.9965916194,514702.9965916194,-6.5805371619113195,4.91,0.0
692.0,2026,11,30,C,0.003888075482562749,0.7903794439959757,13,0.2335476082268974,63.76,64.69,QQQ,call,2026-11-30,mid,short,740.745,27734.190695347883,27734.190695347883,-6.5805371619113195,64.225,0.0
692.0,2026,11,30,P,0.003888075482562749,-0.2096205560040243,14,0.22722666532796798,9.13,9.31,QQQ,put,2026-11-30,mid,short,740.745,-29867.58997960542,29867.58997960542,-6.5805371619113195,9.22,0.0
693.0,2026,9,22,C,0.0005731799773915204,0.9964805031581542,0,1.0630861749627862,46.63,50.06,QQQ,call,2026-09-22,mid,short,740.745,0.0,0.0,-6.445537938156856,48.345,3.0
693.0,2026,9,22,P,0.0005731799773915204,-0.0035194968418458066,491,0.4442402377544365,0.01,0.03,QQQ,put,2026-09-22,mid,short,740.745,-154422.28003801577,154422.28003801577,-6.445537938156856,0.02,719.0
693.0,2026,9,23,C,0.0007367761780835401,0.9951024777285666,0,0.7510550668308791,46.69,50.12,QQQ,call,2026-09-23,mid,short,740.745,0.0,0.0,-6.445537938156856,48.405,0.0
693.0,2026,9,23,P,0.0007367761780835401,-0.004897522271433374,309,0.33657742516374484,0.02,0.04,QQQ,put,2026-09-23,mid,short,740.745,-124919.86675966522,124919.86675966522,-6.445537938156856,0.03,0.0
693.0,2026,9,24,C,0.0013034588313443395,0.9892970423144445,0,0.6158712406318619,46.79,50.22,QQQ,call,2026-09-24,mid,short,740.745,0.0,0.0,-6.445537938156856,48.504999999999995,0.0
693.0,2026,9,24,P,0.0013034588313443395,-0.0107029576855555,278,0.3175453490837657,0.07,0.09,QQQ,put,2026-09-24,mid,short,740.745,-198828.9285506671,198828.9285506671,-6.445537938156856,0.08,0.0
693.0,2026,9,25,C,0.0017483776365207516,0.9835326835107419,5,0.5659050360865536,47.09,50.78,QQQ,call,2026-09-25,mid,short,740.745,4796.701626670446,4796.701626670446,-6.445537938156856,48.935,0.0
693.0,2026,9,25,P,0.0017483776365207516,-0.016467316489258095,3268,0.2993894977268392,0.13,0.15,QQQ,put,2026-09-25,mid,short,740.745,-3135124.1831918037,3135124.1831918037,-6.445537938156856,0.14,0.0
693.0,2026,9,28,C,0.002312936844054079,0.9743050495819078,0,0.42647441542981696,47.29,50.95,QQQ,call,2026-09-28,mid,short,740.745,0.0,0.0,-6.445537938156856,49.120000000000005,0.0
693.0,2026,9,28,P,0.002312936844054079,-0.02569495041809218,158,0.24956001934607647,0.24,0.27,QQQ,put,2026-09-28,mid,short,740.745,-200520.28750555427,200520.28750555427,-6.445537938156856,0.255,0.0
693.0,2026,9,29,C,0.0027078911606783257,0.9663869499336671,12,0.40674914597172096,47.47,51.19,QQQ,call,2026-09-29,mid,short,740.745,17829.94107994208,17829.94107994208,-6.445537938156856,49.33,0.0
693.0,2026,9,29,P,0.0027078911606783257,-0.03361305006633284,54,0.24921837997647897,0.35,0.39,QQQ,put,2026-09-29,mid,short,740.745,-80234.73485973936,80234.73485973936,-6.445537938156856,0.37,0.0
693.0,2026,9,30,C,0.003105468111645766,0.9567500475388598,44,0.38783543418256333,47.6,51.36,QQQ,call,2026-09-30,mid,short,740.745,74975.12663034067,74975.12663034067,-6.445537938156856,49.480000000000004,0.0
693.0,2026,9,30,P,0.003105468111645766,-0.04324995246114018,175,0.2522557449457687,0.51,0.55,QQQ,put,2026-09-30,mid,short,740.745,-298196.52637067315,298196.52637067315,-6.445537938156856,0.53,0.0
693.0,2026,10,1,C,0.0033548514598276606,0.9495132087794258,0,0.378155445862126,47.46,51.69,QQQ,call,2026-10-01,mid,short,740.745,0.0,0.0,-6.445537938156856,49.575,0.0
693.0,2026,10,1,P,0.0033548514598276606,-0.05048679122057421,36,0.2506955704604887,0.64,0.69,QQQ,put,2026-10-01,mid,short,740.745,-66269.43290331593,66269.43290331593,-6.445537938156856,0.665,0.0
693.0,2026,10,2,C,0.0036188541949340653,0.9405377970865344,13,0.18966339834268742,48.75,51.79,QQQ,call,2026-10-02,mid,short,740.745,25813.797286365116,25813.797286365116,-6.445537938156856,50.269999999999996,0.0
693.0,2026,10,2,P,0.0036188541949340653,-0.05946220291346561,221,0.25285744188337905,0.83,0.87,QQQ,put,2026-10-02,mid,short,740.745,-438834.5538682069,438834.5538682069,-6.445537938156856,0.85,0.0
693.0,2026,10,9,C,0.00418766687919329,0.9109271534570276,1,0.24161027381884656,50.94,51.63,QQQ,call,2026-10-09,mid,short,740.745,2297.7860288070538,2297.7860288070538,-6.445537938156856,51.285,0.0
693.0,2026,10,9,P,0.00418766687919329,-0.08907284654297248,530,0.23279340524930334,1.59,1.65,QQQ,put,2026-10-09,mid,short,740.745,-1217826.5952677384,1217826.5952677384,-6.445537938156856,1.62,0.0
693.0,2026,10,16,C,0.004433879502523693,0.8834242913631182,153,0.2380847751801814,52.62,53.1,QQQ,call,2026-10-16,mid,short,740.745,372231.2018214204,372231.2018214204,-6.445537938156856,52.86,0.0
693.0,2026,10,16,P,0.004433879502523693,-0.11657570863688187,1500,0.22734979917657686,2.56,2.61,QQQ,put,2026-10-16,mid,short,740.745,-3649325.508053142,3649325.508053142,-6.445537938156856,2.585,0.0
693.0,2026,10,23,C,0.004484480276950153,0.8602552212210948,6,0.23075766174408635,54.04,54.68,QQQ,call,2026-10-23,mid,short,740.745,14763.890859659608,14763.890859659608,-6.445537938156856,54.36,0.0
693.0,2026,10,23,P,0.004484480276950153,-0.1397447787789052,75,0.22508708441345193,3.59,3.68,QQQ,put,2026-10-23,mid,short,740.745,-184548.63574574512,184548.63574574512,-6.445537938156856,3.635,0.0
693.0,2026,10,30,C,0.004428025815023989,0.8361811555191127,107,0.23834491149173576,56.19,56.97,QQQ,call,2026-10-30,mid,short,740.745,259974.87567023162,259974.87567023162,-6.445537938156856,56.58,0.0
693.0,2026,10,30,P,0.004428025815023989,-0.16381884448088738,161,0.22961047994055958,4.96,5.06,QQQ,put,2026-10-30,mid,short,740.745,-391177.1493729654,391177.1493729654,-6.445537938156856,5.01,0.0
693.0,2026,11,30,C,0.00394067387031201,0.7870422631703393,15,0.23267601112125816,62.93,63.61,QQQ,call,2026-11-30,mid,short,740.745,32433.90278347167,32433.90278347167,-6.445537938156856,63.269999999999996,0.0
693.0,2026,11,30,P,0.00394067387031201,-0.21295773682966074,20,0.22607008506895135,9.26,9.48,QQQ,put,2026-11-30,mid,short,740.745,-43245.20371129556,43245.20371129556,-6.445537938156856,9.370000000000001,0.0
694.0,2026,9,22,C,0.0005941916702389395,0.9964158935812318,0,1.0464890766492125,46.15,49.06,QQQ,call,2026-09-22,mid,short,740.745,0.0,0.0,-6.3105387144023934,47.605000000000004,0.0
694.0,2026,9,22,P,0.0005941916702389395,-0.003584106418768122,341,0.43549284728367327,0.01,0.03,QQQ,put,2026-09-22,mid,short,740.745,-111177.88185504105,111177.88185504105,-6.3105387144023934,0.02,1097.0
694.0,2026,9,23,C,0.0008385343695034868,0.99435044467677,0,0.7393261863446251,45.7,49.12,QQQ,call,2026-09-23,mid,short,740.745,0.0,0.0,-6.3105387144023934,47.41,0.0
694.0,2026,9,23,P,0.0008385343695034868,-0.005649555323229978,180,0.3445960970494205,0.03,0.04,QQQ,put,2026-09-23,mid,short,740.745,-82819.16174582324,82819.16174582324,-6.3105387144023934,0.035,0.0
694.0,2026,9,24,C,0.0013486450600316447,0.9891103041356951,0,0.6062705517510523,45.81,49.22,QQQ,call,2026-09-24,mid,short,740.745,0.0,0.0,-6.3105387144023934,47.515,0.0
694.0,2026,9,24,P,0.0013486450600316447,-0.010889695864304893,187,0.3115411358995501,0.07,0.09,QQQ,put,2026-09-24,mid,short,740.745,-138381.08449682163,138381.08449682163,-6.3105387144023934,0.08,0.0
694.0,2026,9,25,C,0.0018393582944797684,0.9828006645766335,29,0.5585517813730642,46.1,49.8,QQQ,call,2026-09-25,mid,short,740.745,29268.589282671106,29268.589282671106,-6.3105387144023934,47.95,0.0
694.0,2026,9,25,P,0.0018393582944797684,-0.01719933542336646,1615,0.29383729366722255,0.13,0.16,QQQ,put,2026-09-25,mid,short,740.745,-1629957.64453496,1629957.64453496,-6.3105387144023934,0.14500000000000002,0.0
694.0,2026,9,28,C,0.002448970655406111,0.9727694165776478,1,0.4194991324044798,46.3,49.94,QQQ,call,2026-09-28,mid,short,740.745,1343.7579251849754,1343.7579251849754,-6.3105387144023934,48.12,0.0
694.0,2026,9,28,P,0.002448970655406111,-0.027230583422352208,134,0.2467027139837505,0.25,0.29,QQQ,put,2026-09-28,mid,short,740.745,-180063.56197478666,180063.56197478666,-6.3105387144023934,0.27,0.0
694.0,2026,9,29,C,0.0028526547383330436,0.9645468847272182,0,0.3984014911401812,46.5,50.14,QQQ,call,2026-09-29,mid,short,740.745,0.0,0.0,-6.3105387144023934,48.32,0.0
694.0,2026,9,29,P,0.0028526547383330436,-0.03545311527278182,44,0.24724751112902707,0.37,0.41,QQQ,put,2026-09-29,mid,short,740.745,-68871.4688252957,68871.4688252957,-6.3105387144023934,0.39,0.0
694.0,2026,9,30,C,0.003231980474459847,0.9552248014499134,142,0.3732853856331391,47.05,50.15,QQQ,call,2026-09-30,mid,short,740.745,251822.4994307747,251822.4994307747,-6.3105387144023934,48.599999999999994,0.0
694.0,2026,9,30,P,0.003231980474459847,-0.044775198550086596,219,0.24974523991246253,0.53,0.56,QQQ,put,2026-09-30,mid,short,740.745,-388374.1364460539,388374.1364460539,-6.3105387144023934,0.545,0.0
694.0,2026,10,1,C,0.003504698931546044,0.947194953087702,0,0.37329365255211544,46.77,50.71,QQQ,call,2026-10-01,mid,short,740.745,0.0,0.0,-6.3105387144023934,48.74,0.0
694.0,2026,10,1,P,0.003504698931546044,-0.05280504691229809,28,0.24875171531402224,0.67,0.72,QQQ,put,2026-10-01,mid,short,740.745,-53845.102112257715,53845.102112257715,-6.3105387144023934,0.6950000000000001,0.0
694.0,2026,10,2,C,0.0037612563173118484,0.9382616030970258,101,0.19076063430862633,47.78,50.83,QQQ,call,2026-10-02,mid,short,740.745,208445.13402483906,208445.13402483906,-6.3105387144023934,49.305,0.0
694.0,2026,10,2,P,0.0037612563173118484,-0.06173839690297425,329,0.2505661159721951,0.86,0.9,QQQ,put,2026-10-02,mid,short,740.745,-678994.5454868521,678994.5454868521,-6.3105387144023934,0.88,0.0
694.0,2026,10,9,C,0.004324599251078046,0.9078611329071582,12,0.23989018502574716,50.0,50.68,QQQ,call,2026-10-09,mid,short,740.745,28475.055039423314,28475.055039423314,-6.3105387144023934,50.34,0.0
694.0,2026,10,9,P,0.004324599251078046,-0.09213886709284183,180,0.23136268337908228,1.65,1.7,QQQ,put,2026-10-09,mid,short,740.745,-427125.8255913496,427125.8255913496,-6.3105387144023934,1.6749999999999998,0.0
694.0,2026,10,16,C,0.004553426327456719,0.8800306362876739,121,0.236513783283166,51.7,52.28,QQQ,call,2026-10-16,mid,short,740.745,302316.0064379775,302316.0064379775,-6.3105387144023934,51.99,0.0
694.0,2026,10,16,P,0.004553426327456719,-0.11996936371232618,1000,0.2257980291373543,2.63,2.69,QQQ,put,2026-10-16,mid,short,740.745,-2498479.3920494,2498479.3920494,-6.3105387144023934,2.66,0.0
694.0,2026,10,23,C,0.004587656821179833,0.8566624427763146,8,0.22866765435136388,53.1,53.84,QQQ,call,2026-10-23,mid,short,740.745,20138.09417562669,20138.09417562669,-6.3105387144023934,53.47,0.0
694.0,2026,10,23,P,0.004587656821179833,-0.14333755722368532,103,0.2237514681687434,3.68,3.78,QQQ,put,2026-10-23,mid,short,740.745,-259277.96251119368,259277.96251119368,-6.3105387144023934,3.73,0.0
694.0,2026,10,30,C,0.004514268392036159,0.8325205105265847,67,0.2372603311442815,55.32,56.09,QQQ,call,2026-10-30,mid,short,740.745,165958.55172577154,165958.55172577154,-6.3105387144023934,55.705,0.0
694.0,2026,10,30,P,0.004514268392036159,-0.16747948947341532,114,0.22839077321643367,5.07,5.18,QQQ,put,2026-10-30,mid,short,740.745,-282377.23726474564,282377.23726474564,-6.3105387144023934,5.125,0.0
694.0,2026,11,30,C,0.003992266898737392,0.7834905233049773,21,0.2318793236008022,62.11,62.78,QQQ,call,2026-11-30,mid,short,740.745,46001.95830382068,46001.95830382068,-6.3105387144023934,62.445,0.0
694.0,2026,11,30,P,0.003992266898737392,-0.2165094766950227,28,0.2253109130688954,9.43,9.65,QQQ,put,2026-11-30,mid,short,740.745,-61335.94440509422,61335.94440509422,-6.3105387144023934,9.54,0.0
695.0,2026,9,22,C,0.0006164177092728791,0.9963487701417946,2,1.0285110830069462,44.64,48.05,QQQ,call,2026-09-22,mid,short,740.745,676.460683782624,676.460683782624,-6.175539490647929,46.345,36.0
695.0,2026,9,22,P,0.0006164177092728791,-0.0036512298582053867,592,0.4267440672048649,0.01,0.03,QQQ,put,2026-09-22,mid,short,740.745,-200232.36239965667,200232.36239965667,-6.175539490647929,0.02,912.0
695.0,2026,9,23,C,0.0008692646424241545,0.9942466033472689,1,0.7313837631785719,44.7,48.16,QQQ,call,2026-09-23,mid,short,740.745,476.968251849812,476.968251849812,-6.175539490647929,46.43,0.0
695.0,2026,9,23,P,0.0008692646424241545,-0.005753396652731146,658,0.33781105670317757,0.03,0.04,QQQ,put,2026-09-23,mid,short,740.745,-313845.10971717635,313845.10971717635,-6.175539490647929,0.035,0.0
695.0,2026,9,24,C,0.0014886275531729575,0.9878515035008102,1,0.5974282025590578,44.81,48.23,QQQ,call,2026-09-24,mid,short,740.745,816.8146350831478,816.8146350831478,-6.175539490647929,46.519999999999996,0.0
695.0,2026,9,24,P,0.0014886275531729575,-0.012148496499189834,655,0.31087558985225927,0.08,0.1,QQQ,put,2026-09-24,mid,short,740.745,-535013.5859794618,535013.5859794618,-6.175539490647929,0.09,0.0
695.0,2026,9,25,C,0.0020276074211070133,0.9807098251047139,230,0.5517748433528225,45.11,48.83,QQQ,call,2026-09-25,mid,short,740.745,255887.55549611006,255887.55549611006,-6.175539490647929,46.97,0.0
695.0,2026,9,25,P,0.0020276074211070133,-0.0192901748952861,4815,0.29725216296985424,0.16,0.17,QQQ,put,2026-09-25,mid,short,740.745,-5356950.346581608,5356950.346581608,-6.175539490647929,0.165,0.0
695.0,2026,9,28,C,0.002589512914010746,0.9712061278927748,94,0.41773182751635485,45.32,49.04,QQQ,call,2026-09-28,mid,short,740.745,133562.14715419372,133562.14715419372,-6.175539490647929,47.18,0.0
695.0,2026,9,28,P,0.002589512914010746,-0.028793872107225223,598,0.24530544831887358,0.27,0.3,QQQ,put,2026-09-28,mid,short,740.745,-849682.5957256155,849682.5957256155,-6.175539490647929,0.28500000000000003,0.0
695.0,2026,9,29,C,0.0029729649139341465,0.963321579342867,1,0.39575652972504377,45.51,49.22,QQQ,call,2026-09-29,mid,short,740.745,1631.2752280542936,1631.2752280542936,-6.175539490647929,47.364999999999995,0.0
695.0,2026,9,29,P,0.0029729649139341465,-0.03667842065713299,255,0.24397060545338156,0.38,0.42,QQQ,put,2026-09-29,mid,short,740.745,-415975.1831538449,415975.1831538449,-6.175539490647929,0.4,0.0
695.0,2026,9,30,C,0.003384682550787688,0.9530952404716706,242,0.3573166696716433,45.97,48.91,QQQ,call,2026-09-30,mid,short,740.745,449439.0106388152,449439.0106388152,-6.175539490647929,47.44,0.0
695.0,2026,9,30,P,0.003384682550787688,-0.046904759528329426,36585,0.24714372300743848,0.55,0.59,QQQ,put,2026-09-30,mid,short,740.745,-67945149.60421923,67945149.60421923,-6.175539490647929,0.5700000000000001,0.0
695.0,2026,10,1,C,0.0036429041989443503,0.9453503839757375,2,0.368406562408217,45.51,49.73,QQQ,call,2026-10-01,mid,short,740.745,3997.746054829171,3997.746054829171,-6.175539490647929,47.62,0.0
695.0,2026,10,1,P,0.0036429041989443503,-0.054649616024262576,451,0.24594186314626243,0.69,0.74,QQQ,put,2026-10-01,mid,short,740.745,-901491.735363978,901491.735363978,-6.175539490647929,0.715,0.0
695.0,2026,10,2,C,0.003908341930612735,0.9359425908942203,356,0.19267958755679102,46.82,49.86,QQQ,call,2026-10-02,mid,short,740.745,763448.95917476,763448.95917476,-6.175539490647929,48.34,0.0
695.0,2026,10,2,P,0.003908341930612735,-0.06405740910577969,2609,0.2481886007072917,0.89,0.93,QQQ,put,2026-10-02,mid,short,740.745,-5595051.501367833,5595051.501367833,-6.175539490647929,0.91,0.0
695.0,2026,10,5,C,0.004061516551424491,0.9288729656661973,0,0.33129130263297885,46.0,50.64,QQQ,call,2026-10-05,mid,short,740.745,0.0,0.0,-6.175539490647929,48.32,0.0
695.0,2026,10,5,P,0.004061516551424491,-0.07112703433380274,0,0.22941522349523114,1.05,1.1,QQQ,put,2026-10-05,mid,short,740.745,-0.0,0.0,-6.175539490647929,1.0750000000000002,0.0
695.0,2026,10,9,C,0.004465005933101742,0.9047507988324991,36,0.23809649436608332,49.06,49.74,QQQ,call,2026-10-09,mid,short,740.745,88198.66233713772,88198.66233713772,-6.175539490647929,49.400000000000006,0.0
695.0,2026,10,9,P,0.004465005933101742,-0.09524920116750095,994,0.22948286296243703,1.7,1.76,QQQ,put,2026-10-09,mid,short,740.745,-2435263.0656420803,2435263.0656420803,-6.175539490647929,1.73,0.0
695.0,2026,10,16,C,0.004675636274593604,0.8765932463610588,1217,0.2348856317000916,50.78,51.26,QQQ,call,2026-10-16,mid,short,740.745,3122257.7691281387,3122257.7691281387,-6.175539490647929,51.019999999999996,0.0
695.0,2026,10,16,P,0.004675636274593604,-0.12340675363894112,37683,0.22444221699715197,2.71,2.76,QQQ,put,2026-10-16,mid,short,740.745,-96677107.24244504,96677107.24244504,-6.175539490647929,2.735,0.0
695.0,2026,10,23,C,0.0046928294290316565,0.853029078399923,78,0.22830063414422302,52.25,52.88,QQQ,call,2026-10-23,mid,short,740.745,200847.68446889948,200847.68446889948,-6.175539490647929,52.565,0.0
695.0,2026,10,23,P,0.0046928294290316565,-0.14697092160007696,298,0.22256362119480516,3.78,3.87,QQQ,put,2026-10-23,mid,short,740.745,-767341.153483744,767341.153483744,-6.175539490647929,3.825,0.0
695.0,2026,10,30,C,0.004600870989294722,0.8285063696544894,345,0.23597010660998988,54.44,54.97,QQQ,call,2026-10-30,mid,short,740.745,870956.7875527075,870956.7875527075,-6.175539490647929,54.705,0.0
695.0,2026,10,30,P,0.004600870989294722,-0.17149363034551063,836,0.22728956004411408,5.19,5.33,QQQ,put,2026-10-30,mid,short,740.745,-2110492.3895480097,2110492.3895480097,-6.175539490647929,5.26,0.0
695.0,2026,11,20,C,0.004188049533873054,0.7880033902455476,652,0.23469104204882343,59.4,60.13,QQQ,call,2026-11-20,mid,short,740.745,1498293.3871994058,1498293.3871994058,-6.175539490647929,59.765,0.0
695.0,2026,11,20,P,0.004188049533873054,-0.21199660975445242,2744,0.2295796455899915,8.65,8.78,QQQ,put,2026-11-20,mid,short,740.745,-6305701.003796272,6305701.003796272,-6.175539490647929,8.715,0.0
695.0,2026,11,30,C,0.004042651459914441,0.7797307453673129,17,0.23094937970620935,61.28,61.95,QQQ,call,2026-11-30,mid,short,740.745,37709.665382265106,37709.665382265106,-6.175539490647929,61.615,0.0
695.0,2026,11,30,P,0.004042651459914441,-0.22026925463268712,128,0.22493722858138573,9.64,9.82,QQQ,put,2026-11-30,mid,short,740.745,-283931.598172349,283931.598172349,-6.175539490647929,9.73,0.0
695.0,2026,12,18,C,0.0037190039332186944,0.7602678394519791,1259,0.2346190587742141,65.47,67.83,QQQ,call,2026-12-18,mid,short,740.745,2569152.15235972,2569152.15235972,-6.175539490647929,66.65,0.0
695.0,2026,12,18,P,0.0037190039332186944,-0.23973216054802093,7818,0.2288759001266994,12.4,12.57,QQQ,put,2026-12-18,mid,short,740.745,-15953639.020769093,15953639.020769093,-6.175539490647929,12.485,0.0
695.0,2026,12,31,C,0.0035458648256726584,0.7522515844336938,992,0.22844977213382936,67.33,69.74,QQQ,call,2026-12-31,mid,short,740.745,1930062.1994016492,1930062.1994016492,-6.175539490647929,68.535,0.0
695.0,2026,12,31,P,0.0035458648256726584,-0.24774841556630625,715,0.22762373743729933,13.83,14.13,QQQ,put,2026-12-31,mid,short,740.745,-1391123.4602542128,1391123.4602542128,-6.175539490647929,13.98,0.0
695.0,2027,1,15,C,0.0033625687595312133,0.7443710902749474,2498,0.23355633112597,70.85,71.62,QQQ,call,2027-01-15,mid,short,740.745,4608940.114183507,4608940.114183507,-6.175539490647929,71.235,0.0
695.0,2027,1,15,P,0.0033625687595312133,-0.2556289097250526,2601,0.22796631069833423,15.57,15.83,QQQ,put,2027-01-15,mid,short,740.745,-4798980.479179865,4798980.479179865,-6.175539490647929,15.7,0.0
695.0,2027,2,19,C,0.0030155538569383213,0.7317012993684873,66,0.2335715098930302,77.16,79.65,QQQ,call,2027-02-19,mid,short,740.745,109206.49841969107,109206.49841969107,-6.175539490647929,78.405,0.0
695.0,2027,2,19,P,0.0030155538569383213,-0.26829870063151273,212,0.2284519905581095,19.2,19.49,QQQ,put,2027-02-19,mid,short,740.745,-350784.51007537125,350784.51007537125,-6.175539490647929,19.345,0.0
695.0,2027,3,19,C,0.0027804022008851514,0.7240032035582527,932,0.23736131998490428,82.51,83.59,QQQ,call,2027-03-19,mid,short,740.745,1421873.6085933752,1421873.6085933752,-6.175539490647929,83.05000000000001,0.0
695.0,2027,3,19,P,0.0027804022008851514,-0.2759967964417473,1128,0.2308355139929736,22.13,22.45,QQQ,put,2027-03-19,mid,short,740.745,-1720894.2387267458,1720894.2387267458,-6.175539490647929,22.29,0.0
695.0,2027,3,31,C,0.002704080846588425,0.7222485431842866,372,0.2307071129537954,83.27,86.82,QQQ,call,2027-03-31,mid,short,740.745,551950.421411256,551950.421411256,-6.175539490647929,85.04499999999999,0.0
695.0,2027,3,31,P,0.002704080846588425,-0.27775145681571345,188,0.22040497031854733,21.29,25.22,QQQ,put,2027-03-31,mid,short,740.745,-278942.6860895595,278942.6860895595,-6.175539490647929,23.255,0.0
695.0,2027,6,17,C,0.0022447946312726635,0.7110194583929785,1111,0.2463301689498862,98.24,100.66,QQQ,call,2027-06-17,mid,short,740.745,1368447.4710809286,1368447.4710809286,-6.175539490647929,99.44999999999999,0.0
695.0,2027,6,17,P,0.0022447946312726635,-0.2889805416070215,1463,0.23688654756604666,30.25,31.34,QQQ,put,2027-06-17,mid,short,740.745,-1802014.9866709257,1802014.9866709257,-6.175539490647929,30.795,0.0
695.0,2027,6,30,C,0.0021765148148884623,0.7093954520473273,56,0.242389373519504,99.25,102.73,QQQ,call,2027-06-30,mid,short,740.745,66878.59056972538,66878.59056972538,-6.175539490647929,100.99000000000001,0.0
695.0,2027,6,30,P,0.0021765148148884623,-0.2906045479526726,99,0.2355376390935778,30.83,33.61,QQQ,put,2027-06-30,mid,short,740.745,-118231.79404290736,118231.79404290736,-6.175539490647929,32.22,0.0
695.0,2027,9,17,C,0.001910939978614584,0.7078261294178372,304,0.24857102343729756,111.57,115.09,QQQ,call,2027-09-17,mid,short,740.745,318755.7937800854,318755.7937800854,-6.175539490647929,113.33,0.0
695.0,2027,9,17,P,0.001910939978614584,-0.2921738705821628,214,0.24028845265534837,36.77,38.65,QQQ,put,2027-09-17,mid,short,740.745,-224387.30220045484,224387.30220045484,-6.175539490647929,37.71,0.0
695.0,2027,12,17,C,0.0016819316774390827,0.7085087108287735,705,0.2504061414065118,123.64,128.0,QQQ,call,2027-12-17,mid,short,740.745,650631.2586528574,650631.2586528574,-6.175539490647929,125.82,0.0
695.0,2027,12,17,P,0.0016819316774390827,-0.29149128917122646,731,0.23944852794472885,41.21,45.74,QQQ,put,2027-12-17,mid,short,740.745,-674626.1703194875,674626.1703194875,-6.175539490647929,43.475,0.0
695.0,2028,1,21,C,0.001623184239393084,0.710140620317552,99,0.24927379166617275,127.53,132.0,QQQ,call,2028-01-21,mid,short,740.745,88173.98502084218,88173.98502084218,-6.175539490647929,129.765,0.0
695.0,2028,1,21,P,0.001623184239393084,-0.28985937968244807,182,0.23893768616113648,42.64,47.0,QQQ,put,2028-01-21,mid,short,740.745,-162097.6290282149,162097.6290282149,-6.175539490647929,44.82,0.0
695.0,2028,6,16,C,0.0013893047427028886,0.7152885287949879,905,0.255029761803935,146.0,150.5,QQQ,call,2028-06-16,mid,short,740.745,689895.8855291052,689895.8855291052,-6.175539490647929,148.25,0.0
695.0,2028,6,16,P,0.0013893047427028886,-0.28471147120501206,221,0.24262521660918915,49.5,54.5,QQQ,put,2028-06-16,mid,short,740.745,-168471.81293031186,168471.81293031186,-6.175539490647929,52.0,0.0
695.0,2028,12,15,C,0.0011891458154572065,0.7234692683201831,101,0.25821129122418973,166.0,171.0,QQQ,call,2028-12-15,mid,short,740.745,65901.2941333407,65901.2941333407,-6.175539490647929,168.5,0.0
695.0,2028,12,15,P,0.0011891458154572065,-0.27653073167981684,260,0.24795233159946176,57.0,61.5,QQQ,put,2028-12-15,mid,short,740.745,-169646.89578879788,169646.89578879788,-6.175539490647929,59.25,0.0
695.0,2029,1,19,C,0.0011604103371771293,0.7253063615456522,1,0.2583624968537263,169.5,174.0,QQQ,call,2029-01-19,mid,short,740.745,636.720813132715,636.720813132715,-6.175539490647929,171.75,0.0
695.0,2029,1,19,P,0.0011604103371771293,-0.2746936384543478,0,0.248106672854441,58.0,62.5,QQQ,put,2029-01-19,mid,short,740.745,-0.0,0.0,-6.175539490647929,60.25,0.0
696.0,2026,9,22,C,0.0006399561460012604,0.996278977751728,0,1.0171848691059115,43.65,47.09,QQQ,call,2026-09-22,mid,short,740.745,0.0,0.0,-6.0405402668934665,45.370000000000005,1.0
696.0,2026,9,22,P,0.0006399561460012604,-0.0037210222482719625,212,0.4179935233496586,0.01,0.03,QQQ,put,2026-09-22,mid,short,740.745,-74442.94275436859,74442.94275436859,-6.0405402668934665,0.02,360.0
696.0,2026,9,23,C,0.000901779789106742,0.9941386884376825,3,0.7195711796965115,43.71,47.16,QQQ,call,2026-09-23,mid,short,740.745,1484.4282462619456,1484.4282462619456,-6.0405402668934665,45.435,0.0
696.0,2026,9,23,P,0.000901779789106742,-0.0058613115623175555,2720,0.3310230147464868,0.03,0.04,QQQ,put,2026-09-23,mid,short,740.745,-1345881.6099441638,1345881.6099441638,-6.0405402668934665,0.035,0.0
696.0,2026,9,24,C,0.0015420259623720896,0.9876321336123082,5,0.5877820389532287,43.83,47.23,QQQ,call,2026-09-24,mid,short,740.745,4230.572553420137,4230.572553420137,-6.0405402668934665,45.53,0.0
696.0,2026,9,24,P,0.0015420259623720896,-0.012367866387691778,123,0.30478038653474254,0.08,0.1,QQQ,put,2026-09-24,mid,short,740.745,-104072.08481413539,104072.08481413539,-6.0405402668934665,0.09,0.0
696.0,2026,9,25,C,0.002066636844717614,0.9808213976629608,9,0.5230072996442512,44.14,47.51,QQQ,call,2026-09-25,mid,short,740.745,10205.731412887193,10205.731412887193,-6.0405402668934665,45.825,0.0
696.0,2026,9,25,P,0.002066636844717614,-0.01917860233703916,1149,0.28874066529082454,0.15,0.17,QQQ,put,2026-09-25,mid,short,740.745,-1302931.7103785982,1302931.7103785982,-6.0405402668934665,0.16,0.0
696.0,2026,9,28,C,0.0027350153920600554,0.9696126211174942,1,0.40883559006451875,44.34,47.99,QQQ,call,2026-09-28,mid,short,740.745,1500.71157466529,1500.71157466529,-6.0405402668934665,46.165000000000006,0.0
696.0,2026,9,28,P,0.0027350153920600554,-0.03038737888250576,187,0.242217935062885,0.28,0.32,QQQ,put,2026-09-28,mid,short,740.745,-280633.0644624092,280633.0644624092,-6.0405402668934665,0.30000000000000004,0.0
696.0,2026,9,29,C,0.0031278719641122,0.9614128499987629,0,0.39043713132299435,44.56,48.24,QQQ,call,2026-09-29,mid,short,740.745,0.0,0.0,-6.0405402668934665,46.400000000000006,0.0
696.0,2026,9,29,P,0.0031278719641122,-0.038587150001237115,33,0.24176790791627886,0.4,0.44,QQQ,put,2026-09-29,mid,short,740.745,-56637.01610234605,56637.01610234605,-6.0405402668934665,0.42000000000000004,0.0
696.0,2026,9,30,C,0.0035321792204708368,0.9512089445489841,55,0.3638110956383771,45.14,48.2,QQQ,call,2026-09-30,mid,short,740.745,106596.48353123512,106596.48353123512,-6.0405402668934665,46.67,0.0
696.0,2026,9,30,P,0.0035321792204708368,-0.04879105545101592,2761,0.24445470185124793,0.57,0.61,QQQ,put,2026-09-30,mid,short,740.745,-5351143.473268003,5351143.473268003,-6.0405402668934665,0.59,0.0
696.0,2026,10,1,C,0.0038024970776903,0.9429501069835211,0,0.3638613025839541,44.58,48.76,QQQ,call,2026-10-01,mid,short,740.745,0.0,0.0,-6.0405402668934665,46.67,0.0
696.0,2026,10,1,P,0.0038024970776903,-0.05704989301647887,3,0.24379353714284227,0.72,0.77,QQQ,put,2026-10-01,mid,short,740.745,-6259.32643050603,6259.32643050603,-6.0405402668934665,0.745,0.0
696.0,2026,10,2,C,0.004066351116802381,0.9333483795293075,8,0.192720388271003,45.85,48.9,QQQ,call,2026-10-02,mid,short,740.745,17849.757497831193,17849.757497831193,-6.0405402668934665,47.375,0.0
696.0,2026,10,2,P,0.004066351116802381,-0.06665162047069248,229,0.2457277758193243,0.92,0.97,QQQ,put,2026-10-02,mid,short,740.745,-510949.3083754179,510949.3083754179,-6.0405402668934665,0.9450000000000001,0.0
696.0,2026,10,9,C,0.00461124939853928,0.901428531213163,13,0.23623116659266227,48.12,48.8,QQQ,call,2026-10-09,mid,short,740.745,32892.69221661328,32892.69221661328,-6.0405402668934665,48.459999999999994,0.0
696.0,2026,10,9,P,0.00461124939853928,-0.09857146878683697,164,0.22788877382823733,1.76,1.82,QQQ,put,2026-10-09,mid,short,740.745,-414953.9633480445,414953.9633480445,-6.0405402668934665,1.79,0.0
696.0,2026,10,16,C,0.004801306612432222,0.87298453430995,109,0.23343706478769286,49.87,50.35,QQQ,call,2026-10-16,mid,short,740.745,287159.63742675114,287159.63742675114,-6.0405402668934665,50.11,0.0
696.0,2026,10,16,P,0.004801306612432222,-0.12701546569005,1570,0.22277092133592577,2.78,2.85,QQQ,put,2026-10-16,mid,short,740.745,-4136152.5757798096,4136152.5757798096,-6.0405402668934665,2.815,0.0
696.0,2026,10,23,C,0.004800113619449916,0.8490550744541604,19,0.22612952298266048,51.31,51.98,QQQ,call,2026-10-23,mid,short,740.745,50042.91226194219,50042.91226194219,-6.0405402668934665,51.644999999999996,0.0
696.0,2026,10,23,P,0.004800113619449916,-0.1509449255458396,357,0.22151430145726017,3.89,3.98,QQQ,put,2026-10-23,mid,short,740.745,-940279.983027019,940279.983027019,-6.0405402668934665,3.935,0.0
696.0,2026,10,30,C,0.004688979057056952,0.8245387476476465,79,0.2347932266494218,53.57,54.09,QQQ,call,2026-10-30,mid,short,740.745,203255.7505938107,203255.7505938107,-6.0405402668934665,53.83,0.0
696.0,2026,10,30,P,0.004688979057056952,-0.17546125235235352,349,0.22630059306145392,5.32,5.46,QQQ,put,2026-10-30,mid,short,740.745,-897927.3032562016,897927.3032562016,-6.0405402668934665,5.390000000000001,0.0
696.0,2026,11,30,C,0.004095362465932891,0.7761315344224053,35,0.23009306747132796,60.46,61.38,QQQ,call,2026-11-30,mid,short,740.745,78649.84071099196,78649.84071099196,-6.0405402668934665,60.92,0.0
696.0,2026,11,30,P,0.004095362465932891,-0.22386846557759466,50,0.22411124633310864,9.81,9.99,QQQ,put,2026-11-30,mid,short,740.745,-112356.91530141707,112356.91530141707,-6.0405402668934665,9.9,0.0
697.0,2026,9,22,C,0.0006649153250420677,0.9962063480568928,0,0.9964939925082164,42.63,46.06,QQQ,call,2026-09-22,mid,short,740.745,0.0,0.0,-5.905541043139002,44.345,1.0
697.0,2026,9,22,P,0.0006649153250420677,-0.003793651943107226,656,0.40924082410226464,0.01,0.03,QQQ,put,2026-09-22,mid,short,740.745,-239335.7856588367,239335.7856588367,-5.905541043139002,0.02,452.0
697.0,2026,9,23,C,0.001013844458161616,0.9933491761963174,0,0.7039976113621774,42.71,46.12,QQQ,call,2026-09-23,mid,short,740.745,0.0,0.0,-5.905541043139002,44.415,0.0
697.0,2026,9,23,P,0.001013844458161616,-0.006650823803682699,2750,0.32423162087592183,0.03,0.05,QQQ,put,2026-09-23,mid,short,740.745,-1529824.0454691981,1529824.0454691981,-5.905541043139002,0.04,0.0
697.0,2026,9,24,C,0.0016452544443782734,0.98686573476724,3,0.5788759871682763,42.83,46.24,QQQ,call,2026-09-24,mid,short,740.745,2708.2689133477857,2708.2689133477857,-5.905541043139002,44.535,0.0
697.0,2026,9,24,P,0.0016452544443782734,-0.013134265232759958,297,0.2986804968763067,0.08,0.11,QQQ,put,2026-09-24,mid,short,740.745,-268118.6224214308,268118.6224214308,-5.905541043139002,0.095,0.0
697.0,2026,9,25,C,0.002172015018956026,0.9800218304151889,88,0.5151395793678385,43.27,46.52,QQQ,call,2026-09-25,mid,short,740.745,104877.6514423314,104877.6514423314,-5.905541043139002,44.895,0.0
697.0,2026,9,25,P,0.002172015018956026,-0.019978169584811148,727,0.2830829852474534,0.15,0.18,QQQ,put,2026-09-25,mid,short,740.745,-866432.4158928968,866432.4158928968,-5.905541043139002,0.16499999999999998,0.0
697.0,2026,9,28,C,0.002866694936499773,0.9683527542186932,37,0.4022846925037769,43.34,46.99,QQQ,call,2026-09-28,mid,short,740.745,58199.68857760984,58199.68857760984,-5.905541043139002,45.165000000000006,0.0
697.0,2026,9,28,P,0.002866694936499773,-0.03164724578130682,182,0.2390515089985852,0.29,0.33,QQQ,put,2026-09-28,mid,short,740.745,-286279.5492195944,286279.5492195944,-5.905541043139002,0.31,0.0
697.0,2026,9,29,C,0.003288206702730105,0.9594671004048472,0,0.3821056178765808,43.06,47.19,QQQ,call,2026-09-29,mid,short,740.745,0.0,0.0,-5.905541043139002,45.125,0.0
697.0,2026,9,29,P,0.003288206702730105,-0.040532899595152855,41,0.2394340680484271,0.42,0.46,QQQ,put,2026-09-29,mid,short,740.745,-73974.22507865682,73974.22507865682,-5.905541043139002,0.44,0.0
697.0,2026,9,30,C,0.003685462990960719,0.9492799682030794,179,0.3592258876974932,44.12,47.23,QQQ,call,2026-09-30,mid,short,740.745,361978.3055853755,361978.3055853755,-5.905541043139002,45.675,0.0
697.0,2026,9,30,P,0.003685462990960719,-0.05072003179692059,518,0.24168129969714375,0.59,0.63,QQQ,put,2026-09-30,mid,short,740.745,-1047512.6385096343,1047512.6385096343,-5.905541043139002,0.61,0.0
697.0,2026,10,1,C,0.003967323772027152,0.9405055565848314,0,0.35964420383636314,43.85,47.8,QQQ,call,2026-10-01,mid,short,740.745,0.0,0.0,-5.905541043139002,45.825,0.0
697.0,2026,10,1,P,0.003967323772027152,-0.05949444341516862,18,0.24153663762554564,0.75,0.8,QQQ,put,2026-10-01,mid,short,740.745,-39183.895272905684,39183.895272905684,-5.905541043139002,0.775,0.0
697.0,2026,10,2,C,0.004229409813563745,0.9307071218359184,27,0.19354565894888096,44.89,47.94,QQQ,call,2026-10-02,mid,short,740.745,62658.64373209534,62658.64373209534,-5.905541043139002,46.415,0.0
697.0,2026,10,2,P,0.004229409813563745,-0.06929287816408161,314,0.24377750963032013,0.96,1.0,QQQ,put,2026-10-02,mid,short,740.745,-728696.8196991829,728696.8196991829,-5.905541043139002,0.98,0.0
697.0,2026,10,9,C,0.004763173592496946,0.8978950657207694,67,0.23462185895525625,47.19,47.86,QQQ,call,2026-10-09,mid,short,740.745,175109.08133503416,175109.08133503416,-5.905541043139002,47.525,0.0
697.0,2026,10,9,P,0.004763173592496946,-0.1021049342792306,176,0.22655594197177975,1.83,1.88,QQQ,put,2026-10-09,mid,short,740.745,-459988.0345517315,459988.0345517315,-5.905541043139002,1.855,0.0
697.0,2026,10,16,C,0.004931377461062348,0.8689583116910443,89,0.23192501034447432,48.96,49.43,QQQ,call,2026-10-16,mid,short,740.745,240821.75106386348,240821.75106386348,-5.905541043139002,49.195,0.0
697.0,2026,10,16,P,0.004931377461062348,-0.1310416883089557,1396,0.22201918084052882,2.89,2.93,QQQ,put,2026-10-16,mid,short,740.745,-3777383.8706197017,3777383.8706197017,-5.905541043139002,2.91,0.0
697.0,2026,10,23,C,0.004909376744145646,0.8452379761139642,14,0.2248733793072393,50.42,51.15,QQQ,call,2026-10-23,mid,short,740.745,37713.06712206709,37713.06712206709,-5.905541043139002,50.785,0.0
697.0,2026,10,23,P,0.004909376744145646,-0.15476202388603577,84,0.22021025731937502,3.99,4.08,QQQ,put,2026-10-23,mid,short,740.745,-226278.40273240258,226278.40273240258,-5.905541043139002,4.035,0.0
697.0,2026,10,30,C,0.004779569952427112,0.8207664376237266,74,0.2335701523713587,52.7,53.48,QQQ,call,2026-10-30,mid,short,740.745,194069.81832939896,194069.81832939896,-5.905541043139002,53.09,0.0
697.0,2026,10,30,P,0.004779569952427112,-0.17923356237627344,66,0.22478425897296622,5.42,5.59,QQQ,put,2026-10-30,mid,short,740.745,-173089.29742892343,173089.29742892343,-5.905541043139002,5.505,0.0
697.0,2026,11,30,C,0.004149686414387069,0.7725947047488444,10,0.2293079535301366,59.65,60.56,QQQ,call,2026-11-30,mid,short,740.745,22769.460279385643,22769.460279385643,-5.905541043139002,60.105000000000004,0.0
697.0,2026,11,30,P,0.004149686414387069,-0.22740529525115558,40,0.2229473591119299,9.95,10.17,QQQ,put,2026-11-30,mid,short,740.745,-91077.84111754257,91077.84111754257,-5.905541043139002,10.059999999999999,0.0
698.0,2026,9,22,C,0.0006914152268230115,0.9961306979711388,0,0.9797555032590602,41.65,45.06,QQQ,call,2026-09-22,mid,short,740.745,0.0,0.0,-5.7705418193845395,43.355000000000004,5.0
698.0,2026,9,22,P,0.0006914152268230115,-0.0038693020288611654,579,0.40048555967165644,0.01,0.03,QQQ,put,2026-09-22,mid,short,740.745,-219662.0137898751,219662.0137898751,-5.7705418193845395,0.02,11971.0
698.0,2026,9,23,C,0.0010532092745121765,0.9932196796541705,0,0.6921702257879937,41.71,45.12,QQQ,call,2026-09-23,mid,short,740.745,0.0,0.0,-5.7705418193845395,43.415,0.0
698.0,2026,9,23,P,0.0010532092745121765,-0.006780320345829557,282,0.31743650791073197,0.03,0.05,QQQ,put,2026-09-23,mid,short,740.745,-162967.58901505117,162967.58901505117,-5.7705418193845395,0.04,0.0
698.0,2026,9,24,C,0.0017533990756509134,0.986079124884046,1,0.5699321237058479,41.85,45.25,QQQ,call,2026-09-24,mid,short,740.745,962.0956048275748,962.0956048275748,-5.7705418193845395,43.55,0.0
698.0,2026,9,24,P,0.0017533990756509134,-0.013920875115953954,142,0.2972530474494396,0.09,0.11,QQQ,put,2026-09-24,mid,short,740.745,-136617.57588551563,136617.57588551563,-5.7705418193845395,0.1,0.0
698.0,2026,9,25,C,0.002376378823918687,0.977842614785548,85,0.5072395975453735,42.34,45.53,QQQ,call,2026-09-25,mid,short,740.745,110833.75744859652,110833.75744859652,-5.7705418193845395,43.935,0.0
698.0,2026,9,25,P,0.002376378823918687,-0.02215738521445201,1514,0.2853075064399254,0.18,0.19,QQQ,put,2026-09-25,mid,short,740.745,-1974144.8091432366,1974144.8091432366,-5.7705418193845395,0.185,0.0
698.0,2026,9,28,C,0.003023813215869992,0.9666903968179289,1,0.39617961665787454,41.87,46.0,QQQ,call,2026-09-28,mid,short,740.745,1659.1758517541562,1659.1758517541562,-5.7705418193845395,43.935,0.0
698.0,2026,9,28,P,0.003023813215869992,-0.033309603182071115,83,0.23717336118527557,0.31,0.34,QQQ,put,2026-09-28,mid,short,740.745,-137711.59569559497,137711.59569559497,-5.7705418193845395,0.325,0.0
698.0,2026,9,29,C,0.0034544600170907497,0.9574812844310807,2,0.37718158242352484,42.08,46.22,QQQ,call,2026-09-29,mid,short,740.745,3790.9462205708196,3790.9462205708196,-5.7705418193845395,44.15,0.0
698.0,2026,9,29,P,0.0034544600170907497,-0.04251871556891925,56,0.23697652757945015,0.44,0.48,QQQ,put,2026-09-29,mid,short,740.745,-106146.49417598294,106146.49417598294,-5.7705418193845395,0.45999999999999996,0.0
698.0,2026,9,30,C,0.003864749017426075,0.9467419675277172,61,0.35420021779036676,43.19,46.25,QQQ,call,2026-09-30,mid,short,740.745,129356.59873372882,129356.59873372882,-5.7705418193845395,44.72,0.0
698.0,2026,9,30,P,0.003864749017426075,-0.053258032472282786,631,0.23963622276768612,0.62,0.66,QQQ,put,2026-09-30,mid,short,740.745,-1338098.5869013586,1338098.5869013586,-5.7705418193845395,0.64,0.0
698.0,2026,10,1,C,0.004137811976554349,0.9380134269467587,0,0.3550247158241839,42.89,46.83,QQQ,call,2026-10-01,mid,short,740.745,0.0,0.0,-5.7705418193845395,44.86,0.0
698.0,2026,10,1,P,0.004137811976554349,-0.06198657305324133,35,0.23917583131221926,0.78,0.83,QQQ,put,2026-10-01,mid,short,740.745,-79465.06702524608,79465.06702524608,-5.7705418193845395,0.8049999999999999,0.0
698.0,2026,10,2,C,0.0044034071155883425,0.9277882857994675,11,0.1968963889716079,43.96,46.97,QQQ,call,2026-10-02,mid,short,740.745,26577.797149011443,26577.797149011443,-5.7705418193845395,45.465,0.0
698.0,2026,10,2,P,0.0044034071155883425,-0.07221171420053255,527,0.2417140013106982,1.0,1.04,QQQ,put,2026-10-02,mid,short,740.745,-1273318.0997753663,1273318.0997753663,-5.7705418193845395,1.02,0.0
698.0,2026,10,9,C,0.004918806035598888,0.894312738745852,9,0.23292977446921156,46.26,46.94,QQQ,call,2026-10-09,mid,short,740.745,24290.6795162021,24290.6795162021,-5.7705418193845395,46.599999999999994,0.0
698.0,2026,10,9,P,0.004918806035598888,-0.10568726125414799,160,0.2247915175092403,1.89,1.95,QQQ,put,2026-10-09,mid,short,740.745,-431834.3025102596,431834.3025102596,-5.7705418193845395,1.92,0.0
698.0,2026,10,16,C,0.005063456012539003,0.8650115199310922,329,0.230350771232443,48.05,48.76,QQQ,call,2026-10-16,mid,short,740.745,914071.9812160403,914071.9812160403,-5.7705418193845395,48.405,0.0
698.0,2026,10,16,P,0.005063456012539003,-0.1349884800689079,600,0.22045885467216986,2.97,3.03,QQQ,put,2026-10-16,mid,short,740.745,-1667000.5736462742,1667000.5736462742,-5.7705418193845395,3.0,0.0
698.0,2026,10,23,C,0.005020451236282406,0.8410840098643855,15,0.22430204371195875,49.57,50.21,QQQ,call,2026-10-23,mid,short,740.745,41321.06149495977,41321.06149495977,-5.7705418193845395,49.89,0.0
698.0,2026,10,23,P,0.005020451236282406,-0.15891599013561447,57,0.21922947598727333,4.11,4.19,QQQ,put,2026-10-23,mid,short,740.745,-157020.03368084715,157020.03368084715,-5.7705418193845395,4.15,0.0
698.0,2026,10,30,C,0.004868497071828275,0.8163421803121603,58,0.23245354447206637,51.84,52.6,QQQ,call,2026-10-30,mid,short,740.745,154938.86280544463,154938.86280544463,-5.7705418193845395,52.22,0.0
698.0,2026,10,30,P,0.004868497071828275,-0.18365781968783965,101,0.224479251313837,5.6,5.72,QQQ,put,2026-10-30,mid,short,740.745,-269807.33005775703,269807.33005775703,-5.7705418193845395,5.66,0.0
698.0,2026,11,30,C,0.004200705995643016,0.7686754917513564,10,0.22849152247043178,58.84,59.49,QQQ,call,2026-11-30,mid,short,740.745,23049.406331417566,23049.406331417566,-5.7705418193845395,59.165000000000006,0.0
698.0,2026,11,30,P,0.004200705995643016,-0.23132450824864356,40,0.2225698462386702,10.17,10.35,QQQ,put,2026-11-30,mid,short,740.745,-92197.62532567026,92197.62532567026,-5.7705418193845395,10.26,0.0
699.0,2026,9,22,C,0.0008270181671081374,0.9952620028945038,0,0.9616819743056834,40.65,44.05,QQQ,call,2026-09-22,mid,short,740.745,0.0,0.0,-5.635542595630075,42.349999999999994,1.0
699.0,2026,9,22,P,0.0008270181671081374,-0.004737997105496133,441,0.4196925643200584,0.02,0.03,QQQ,put,2026-09-22,mid,short,740.745,-200120.2776018554,200120.2776018554,-5.635542595630075,0.025,11819.0
699.0,2026,9,23,C,0.001173201959691854,0.9924022378683064,0,0.684887540048676,40.74,44.17,QQQ,call,2026-09-23,mid,short,740.745,0.0,0.0,-5.635542595630075,42.455,0.0
699.0,2026,9,23,P,0.001173201959691854,-0.007597762131693579,3119,0.32108329941591324,0.04,0.05,QQQ,put,2026-09-23,mid,short,740.745,-2007823.8646882672,2007823.8646882672,-5.635542595630075,0.045,0.0
699.0,2026,9,24,C,0.0019123928844135163,0.98473588902859,6,0.5602065016936434,40.85,44.25,QQQ,call,2026-09-24,mid,short,740.745,6296.01605595034,6296.01605595034,-5.635542595630075,42.55,0.0
699.0,2026,9,24,P,0.0019123928844135163,-0.015264110971410009,1328,0.29533632945225335,0.1,0.12,QQQ,put,2026-09-24,mid,short,740.745,-1393518.220383675,1393518.220383675,-5.635542595630075,0.11,0.0
699.0,2026,9,25,C,0.0024633488469009033,0.9774328985063436,117,0.49992799918629627,41.75,44.55,QQQ,call,2026-09-25,mid,short,740.745,158142.7322539414,158142.7322539414,-5.635542595630075,43.15,0.0
699.0,2026,9,25,P,0.0024633488469009033,-0.022567101493656396,1116,0.2770246217492581,0.17,0.2,QQQ,put,2026-09-25,mid,short,740.745,-1508438.369191441,1508438.369191441,-5.635542595630075,0.185,0.0
699.0,2026,9,28,C,0.0031873743957404215,0.9649899041730619,11,0.3936703286383172,40.89,45.09,QQQ,call,2026-09-28,mid,short,740.745,19238.146259075394,19238.146259075394,-5.635542595630075,42.99,0.0
699.0,2026,9,28,P,0.0031873743957404215,-0.0350100958269381,119,0.23381194182469675,0.32,0.36,QQQ,put,2026-09-28,mid,short,740.745,-208121.764075452,208121.764075452,-5.635542595630075,0.33999999999999997,0.0
699.0,2026,9,29,C,0.003627152900746174,0.9554522332559249,1,0.3717977911154433,41.09,45.24,QQQ,call,2026-09-29,mid,short,740.745,1990.2302403975066,1990.2302403975066,-5.635542595630075,43.165000000000006,0.0
699.0,2026,9,29,P,0.003627152900746174,-0.04454776674407512,43,0.2344017634219409,0.46,0.5,QQQ,put,2026-09-29,mid,short,740.745,-85579.90033709277,85579.90033709277,-5.635542595630075,0.48,0.0
699.0,2026,9,30,C,0.0040306838091624985,0.9447186355250611,86,0.3495401220660238,42.22,45.28,QQQ,call,2026-09-30,mid,short,740.745,190201.80737762575,190201.80737762575,-5.635542595630075,43.75,0.0
699.0,2026,9,30,P,0.0040306838091624985,-0.05528136447493892,465,0.236677879731676,0.64,0.68,QQQ,put,2026-09-30,mid,short,740.745,-1028416.7491929763,1028416.7491929763,-5.635542595630075,0.66,0.0
699.0,2026,10,1,C,0.004314415819724601,0.9354702666483408,0,0.35072344646848586,41.92,45.87,QQQ,call,2026-10-01,mid,short,740.745,0.0,0.0,-5.635542595630075,43.894999999999996,0.0
699.0,2026,10,1,P,0.004314415819724601,-0.06452973335165925,16,0.23671524080854975,0.81,0.86,QQQ,put,2026-10-01,mid,short,740.745,-37877.33715796256,37877.33715796256,-5.635542595630075,0.835,0.0
699.0,2026,10,2,C,0.0045775856075113775,0.9250435578972299,90,0.344249907958848,42.4,46.23,QQQ,call,2026-10-02,mid,short,740.745,226056.20987146717,226056.20987146717,-5.635542595630075,44.315,0.0
699.0,2026,10,2,P,0.0045775856075113775,-0.07495644210277011,483,0.2389872632637873,1.03,1.08,QQQ,put,2026-10-02,mid,short,740.745,-1213168.3263102074,1213168.3263102074,-5.635542595630075,1.0550000000000002,0.0
699.0,2026,10,9,C,0.005078439202555572,0.890677822554372,22,0.2311572569569361,45.33,46.01,QQQ,call,2026-10-09,mid,short,740.745,61304.223486987525,61304.223486987525,-5.635542595630075,45.67,0.0
699.0,2026,10,9,P,0.005078439202555572,-0.10932217744562796,155,0.22327676756657183,1.96,2.01,QQQ,put,2026-10-09,mid,short,740.745,-431916.1200219576,431916.1200219576,-5.635542595630075,1.9849999999999999,0.0
699.0,2026,10,16,C,0.005198672023745501,0.8608955997077435,141,0.19210836179229704,45.65,47.85,QQQ,call,2026-10-16,mid,short,740.745,402206.4115330795,402206.4115330795,-5.635542595630075,46.75,0.0
699.0,2026,10,16,P,0.005198672023745501,-0.13910440029225649,1734,0.21930418256748696,3.07,3.12,QQQ,put,2026-10-16,mid,short,740.745,-4946283.1035344675,4946283.1035344675,-5.635542595630075,3.0949999999999998,0.0
699.0,2026,10,23,C,0.005133691770302178,0.836983442386812,60,0.22237684765970722,48.65,49.38,QQQ,call,2026-10-23,mid,short,740.745,169012.37227744094,169012.37227744094,-5.635542595630075,49.015,0.0
699.0,2026,10,23,P,0.005133691770302178,-0.163016557613188,85,0.2179967317818425,4.22,4.3,QQQ,put,2026-10-23,mid,short,740.745,-239434.19405970804,239434.19405970804,-5.635542595630075,4.26,0.0
699.0,2026,10,30,C,0.004961305303001091,0.8123372637854204,51,0.2312880787792189,50.98,51.67,QQQ,call,2026-10-30,mid,short,740.745,138836.47751274708,138836.47751274708,-5.635542595630075,51.325,0.0
699.0,2026,10,30,P,0.004961305303001091,-0.18766273621457966,153,0.223024722065758,5.71,5.86,QQQ,put,2026-10-30,mid,short,740.745,-416509.4325382413,416509.4325382413,-5.635542595630075,5.785,0.0
699.0,2026,11,30,C,0.0042537656528246325,0.7648646138418016,3,0.22764408446126858,58.03,58.93,QQQ,call,2026-11-30,mid,short,740.745,7002.163903325564,7002.163903325564,-5.635542595630075,58.480000000000004,0.0
699.0,2026,11,30,P,0.0042537656528246325,-0.2351353861581984,39,0.22175092192046533,10.35,10.54,QQQ,put,2026-11-30,mid,short,740.745,-91028.13074323234,91028.13074323234,-5.635542595630075,10.445,0.0
700.0,2026,9,22,C,0.0008612370365158212,0.9951638956604488,3,0.9448754648797366,39.64,43.05,QQQ,call,2026-09-22,mid,short,740.745,1417.690437481837,1417.690437481837,-5.5005433718756125,41.345,63.0
700.0,2026,9,22,P,0.0008612370365158212,-0.004836104339551216,1417,0.4104111830127042,0.02,0.03,QQQ,put,2026-09-22,mid,short,740.745,-669622.4499705876,669622.4499705876,-5.5005433718756125,0.025,1429.0
700.0,2026,9,23,C,0.0012205973573335195,0.9922483181101066,0,0.6693393483717555,39.74,43.13,QQQ,call,2026-09-23,mid,short,740.745,0.0,0.0,-5.5005433718756125,41.435,0.0
700.0,2026,9,23,P,0.0012205973573335195,-0.007751681889893397,1311,0.3140940071788251,0.04,0.05,QQQ,put,2026-09-23,mid,short,740.745,-878036.5091101282,878036.5091101282,-5.5005433718756125,0.045,0.0
700.0,2026,9,24,C,0.0020763718275634384,0.9833705511531274,43,0.5511925102834966,39.87,43.26,QQQ,call,2026-09-24,mid,short,740.745,48990.4062299306,48990.4062299306,-5.5005433718756125,41.565,0.0
700.0,2026,9,24,P,0.0020763718275634384,-0.01662944884687259,1620,0.29300206283358504,0.11,0.13,QQQ,put,2026-09-24,mid,short,740.745,-1845685.071918316,1845685.071918316,-5.5005433718756125,0.12,0.0
700.0,2026,9,25,C,0.0026491997345251127,0.9756401613645895,1047,0.22792033487586105,41.1,42.78,QQQ,call,2026-09-25,mid,short,740.745,1521944.592498712,1521944.592498712,-5.5005433718756125,41.94,0.0
700.0,2026,9,25,P,0.0026491997345251127,-0.02435983863541043,20514,0.27608327687301887,0.19,0.21,QQQ,put,2026-09-25,mid,short,740.745,-29819647.91835585,29819647.91835585,-5.5005433718756125,0.2,0.0
700.0,2026,9,28,C,0.0033579523913523034,0.9632482924847886,135,0.38479411924695867,39.91,44.04,QQQ,call,2026-09-28,mid,short,740.745,248740.0746604316,248740.0746604316,-5.5005433718756125,41.974999999999994,0.0
700.0,2026,9,28,P,0.0033579523913523034,-0.036751707515211396,1403,0.23163491099039454,0.34,0.37,QQQ,put,2026-09-28,mid,short,740.745,-2585054.2573969294,2585054.2573969294,-5.5005433718756125,0.355,0.0
700.0,2026,9,29,C,0.0038068418698099732,0.9533766288863054,54,0.3663811534359308,40.11,44.26,QQQ,call,2026-09-29,mid,short,740.745,112796.61181088416,112796.61181088416,-5.5005433718756125,42.185,0.0
700.0,2026,9,29,P,0.0038068418698099732,-0.04662337111369462,1792,0.23171543155926635,0.48,0.52,QQQ,put,2026-09-29,mid,short,740.745,-3743176.451205637,3743176.451205637,-5.5005433718756125,0.5,0.0
700.0,2026,9,30,C,0.004222764394621688,0.9420822540839082,2746,0.23699721328322315,42.14,44.0,QQQ,call,2026-09-30,mid,short,740.745,6362603.2256194,6362603.2256194,-5.5005433718756125,43.07,0.0
700.0,2026,9,30,P,0.004222764394621688,-0.057917745916091834,27467,0.2344002433368018,0.67,0.71,QQQ,put,2026-09-30,mid,short,740.745,-63642251.5652178,63642251.5652178,-5.5005433718756125,0.69,0.0
700.0,2026,10,1,C,0.004511687780349663,0.9323691976035349,2,0.34637711578563624,40.95,44.91,QQQ,call,2026-10-01,mid,short,740.745,4951.154639131199,4951.154639131199,-5.5005433718756125,42.93,0.0
700.0,2026,10,1,P,0.004511687780349663,-0.06763080239646511,246,0.23479335017288508,0.85,0.9,QQQ,put,2026-10-01,mid,short,740.745,-608992.0206131374,608992.0206131374,-5.5005433718756125,0.875,0.0
700.0,2026,10,2,C,0.0047732868716402746,0.9215670669469467,975,0.19357436706901546,42.01,45.08,QQQ,call,2026-10-02,mid,short,740.745,2553639.6271507205,2553639.6271507205,-5.5005433718756125,43.545,0.0
700.0,2026,10,2,P,0.0047732868716402746,-0.07843293305305328,9417,0.2372657282600499,1.08,1.13,QQQ,put,2026-10-02,mid,short,740.745,-24664230.121926494,24664230.121926494,-5.5005433718756125,1.105,0.0
700.0,2026,10,5,C,0.004911383147255143,0.9135066009205832,0,0.31658954808392714,41.29,46.0,QQQ,call,2026-10-05,mid,short,740.745,0.0,0.0,-5.5005433718756125,43.644999999999996,0.0
700.0,2026,10,5,P,0.004911383147255143,-0.08649339907941675,0,0.219942949520548,1.27,1.33,QQQ,put,2026-10-05,mid,short,740.745,-0.0,0.0,-5.5005433718756125,1.3,0.0
700.0,2026,10,9,C,0.005243891295035852,0.8868278010670074,1205,0.22930640062414306,44.4,45.08,QQQ,call,2026-10-09,mid,short,740.745,3467194.336324138,3467194.336324138,-5.5005433718756125,44.739999999999995,0.0
700.0,2026,10,9,P,0.005243891295035852,-0.11317219893299256,2406,0.22167132676363113,2.03,2.08,QQQ,put,2026-10-09,mid,short,740.745,-6922879.313855499,6922879.313855499,-5.5005433718756125,2.0549999999999997,0.0
700.0,2026,10,16,C,0.0053367095122491305,0.8567303131186663,10499,0.22745854225703582,46.25,46.71,QQQ,call,2026-10-16,mid,short,740.745,30743899.872294962,30743899.872294962,-5.5005433718756125,46.480000000000004,0.0
700.0,2026,10,16,P,0.0053367095122491305,-0.14326968688133362,53720,0.21807068438021335,3.17,3.21,QQQ,put,2026-10-16,mid,short,740.745,-157306629.311333,157306629.311333,-5.5005433718756125,3.19,0.0
700.0,2026,10,23,C,0.005248587701144978,0.8326465786588112,496,0.22059351834390054,47.74,48.46,QQQ,call,2026-10-23,mid,short,740.745,1428438.6489976558,1428438.6489976558,-5.5005433718756125,48.1,0.0
700.0,2026,10,23,P,0.005248587701144978,-0.16735342134118883,831,0.21688798688284236,4.34,4.42,QQQ,put,2026-10-23,mid,short,740.745,-2393210.720397283,2393210.720397283,-5.5005433718756125,4.38,0.0
700.0,2026,10,30,C,0.0050553031440837065,0.8082137335373423,1135,0.2319952329115583,50.25,50.8,QQQ,call,2026-10-30,mid,short,740.745,3148331.9907100135,3148331.9907100135,-5.5005433718756125,50.525,0.0
700.0,2026,10,30,P,0.0050553031440837065,-0.19178626646265778,7576,0.22168074195034906,5.83,6.0,QQQ,put,2026-10-30,mid,short,740.745,-21014769.30539125,21014769.30539125,-5.5005433718756125,5.915,0.0
700.0,2026,11,20,C,0.004486500376202168,0.7688786542001255,1757,0.23093701508979927,55.36,56.01,QQQ,call,2026-11-20,mid,short,740.745,4325306.893405315,4325306.893405315,-5.5005433718756125,55.685,0.0
700.0,2026,11,20,P,0.004486500376202168,-0.2311213457998745,16579,0.2255606636873801,9.53,9.59,QQQ,put,2026-11-20,mid,short,740.745,-40813467.834813155,40813467.834813155,-5.5005433718756125,9.559999999999999,0.0
700.0,2026,11,30,C,0.004306888463925574,0.7609843572081524,62,0.22647048703104838,57.19,57.99,QQQ,call,2026-11-30,mid,short,740.745,146518.6038867978,146518.6038867978,-5.5005433718756125,57.59,0.0
700.0,2026,11,30,P,0.004306888463925574,-0.23901564279184762,360,0.22099983973440426,10.54,10.73,QQQ,put,2026-11-30,mid,short,740.745,-850753.1838588258,850753.1838588258,-5.5005433718756125,10.635,0.0
700.0,2026,12,18,C,0.003918286430841402,0.7425403381501403,31697,0.23096529516132658,61.53,62.39,QQQ,call,2026-12-18,mid,short,740.745,68147793.29416937,68147793.29416937,-5.5005433718756125,61.96,0.0
700.0,2026,12,18,P,0.003918286430841402,-0.25745966184985963,55694,0.2256694173800918,13.44,13.61,QQQ,put,2026-12-18,mid,short,740.745,-119740770.41125244,119740770.41125244,-5.5005433718756125,13.524999999999999,0.0
700.0,2026,12,31,C,0.0037216050906475878,0.735370393953432,12271,0.22528205700389667,63.45,65.85,QQQ,call,2026-12-31,mid,short,740.745,25058074.759248953,25058074.759248953,-5.5005433718756125,64.65,0.0
700.0,2026,12,31,P,0.0037216050906475878,-0.2646296060465681,1592,0.22436680264895068,14.88,15.21,QQQ,put,2026-12-31,mid,short,740.745,-3250953.8763527293,3250953.8763527293,-5.5005433718756125,15.045000000000002,0.0
700.0,2027,1,15,C,0.0035131496662508055,0.7281657678464607,10449,0.23041667382812042,67.02,67.69,QQQ,call,2027-01-15,mid,short,740.745,20142289.720838558,20142289.720838558,-5.5005433718756125,67.35499999999999,0.0
700.0,2027,1,15,P,0.0035131496662508055,-0.2718342321535393,29009,0.22516302255247972,16.7,16.96,QQQ,put,2027-01-15,mid,short,740.745,-55919961.95921196,55919961.95921196,-5.5005433718756125,16.83,0.0
700.0,2027,2,19,C,0.0031282596236505305,0.7169446256486436,592,0.23077658286687078,73.42,74.33,QQQ,call,2027-02-19,mid,short,740.745,1016159.6677387442,1016159.6677387442,-5.5005433718756125,73.875,0.0
700.0,2027,2,19,P,0.0031282596236505305,-0.2830553743513564,4562,0.22604794502789818,20.42,20.73,QQQ,put,2027-02-19,mid,short,740.745,-7830608.790919175,7830608.790919175,-5.5005433718756125,20.575000000000003,0.0
700.0,2027,3,19,C,0.0028722043826174552,0.7102757992113771,3446,0.23488347283194405,78.86,81.49,QQQ,call,2027-03-19,mid,short,740.745,5430853.292408488,5430853.292408488,-5.5005433718756125,80.175,0.0
700.0,2027,3,19,P,0.0028722043826174552,-0.289724200788623,13668,0.22871340316935937,23.42,23.75,QQQ,put,2027-03-19,mid,short,740.745,-21540598.60726617,21540598.60726617,-5.5005433718756125,23.585,0.0
700.0,2027,3,31,C,0.002756359449157191,0.7068648183106003,592,0.23105246307942257,80.12,83.21,QQQ,call,2027-03-31,mid,short,740.745,895354.4906722289,895354.4906722289,-5.5005433718756125,81.66499999999999,0.0
700.0,2027,3,31,P,0.002756359449157191,-0.2931351816893997,996,0.2248663164352595,23.74,26.7,QQQ,put,2027-03-31,mid,short,740.745,-1506373.4336309796,1506373.4336309796,-5.5005433718756125,25.22,0.0
700.0,2027,6,17,C,0.0023022007781664344,0.6998421211001826,5943,0.24409558266004389,94.71,96.5,QQQ,call,2027-06-17,mid,short,740.745,7507345.167548184,7507345.167548184,-5.5005433718756125,95.60499999999999,0.0
700.0,2027,6,17,P,0.0023022007781664344,-0.30015787889981743,15068,0.23524320705486046,31.67,32.69,QQQ,put,2027-06-17,mid,short,740.745,-19034271.745686695,19034271.745686695,-5.5005433718756125,32.18,0.0
700.0,2027,6,30,C,0.002224871961097488,0.6982326520791029,1429,0.24046942238209834,95.78,99.2,QQQ,call,2027-06-30,mid,short,740.745,1744515.0040860355,1744515.0040860355,-5.5005433718756125,97.49000000000001,0.0
700.0,2027,6,30,P,0.002224871961097488,-0.30176734792089716,307,0.23560145869366594,32.63,34.92,QQQ,put,2027-06-30,mid,short,740.745,-374783.8392263212,374783.8392263212,-5.5005433718756125,33.775000000000006,0.0
700.0,2027,9,17,C,0.0019519100090718594,0.6982160290896304,1408,0.24706691757906005,108.25,111.87,QQQ,call,2027-09-17,mid,short,740.745,1507995.0058660686,1507995.0058660686,-5.5005433718756125,110.06,0.0
700.0,2027,9,17,P,0.0019519100090718594,-0.3017839709103695,5146,0.23892175513292188,38.26,40.07,QQQ,put,2027-09-17,mid,short,740.745,-5511464.70183721,5511464.70183721,-5.5005433718756125,39.165,0.0
700.0,2027,12,17,C,0.0017185169761262035,0.7002711210706942,3533,0.24882768723450224,120.33,124.97,QQQ,call,2027-12-17,mid,short,740.745,3331462.441338875,3331462.441338875,-5.5005433718756125,122.65,0.0
700.0,2027,12,17,P,0.0017185169761262035,-0.29972887892930583,9363,0.23907231625650407,42.96,46.54,QQQ,put,2027-12-17,mid,short,740.745,-8828894.095175738,8828894.095175738,-5.5005433718756125,44.75,0.0
700.0,2028,1,21,C,0.0016479167548404646,0.7016072606066077,4663,0.24775442447755627,124.24,128.5,QQQ,call,2028-01-21,mid,short,740.745,4216364.442681573,4216364.442681573,-5.5005433718756125,126.37,0.0
700.0,2028,1,21,P,0.0016479167548404646,-0.2983927393933922,7280,0.2378225080059669,44.17,49.0,QQQ,put,2028-01-21,mid,short,740.745,-6582700.652524523,6582700.652524523,-5.5005433718756125,46.585,0.0
700.0,2028,6,16,C,0.0014123567701218548,0.7082351636084009,913,0.25423807895060274,143.0,147.5,QQQ,call,2028-06-16,mid,short,740.745,707542.6942133306,707542.6942133306,-5.5005433718756125,145.25,0.0
700.0,2028,6,16,P,0.0014123567701218548,-0.2917648363915991,5718,0.24148765662409255,51.0,56.0,QQQ,put,2028-06-16,mid,short,740.745,-4431247.673068811,4431247.673068811,-5.5005433718756125,53.5,0.0
700.0,2028,12,15,C,0.001204192718636698,0.7172354541262242,3827,0.26145546742293396,164.58,168.0,QQQ,call,2028-12-15,mid,short,740.745,2528668.6043888363,2528668.6043888363,-5.5005433718756125,166.29000000000002,0.0
700.0,2028,12,15,P,0.001204192718636698,-0.2827645458737757,3930,0.24690438269223117,58.5,63.5,QQQ,put,2028-12-15,mid,short,740.745,-2596725.2718181675,2596725.2718181675,-5.5005433718756125,61.0,0.0
700.0,2029,1,19,C,0.0011748816130420356,0.7192206277950941,34,0.257376695767319,166.5,171.0,QQQ,call,2029-01-19,mid,short,740.745,21918.482427138886,21918.482427138886,-5.5005433718756125,168.75,0.0
700.0,2029,1,19,P,0.0011748816130420356,-0.28077937220490584,3,0.24708417593280793,59.5,64.5,QQQ,put,2029-01-19,mid,short,740.745,-1933.9837435710783,1933.9837435710783,-5.5005433718756125,62.0,0.0
701.0,2026,9,22,C,0.0008977099164040357,0.9950614269344553,1,0.9292939329358803,38.64,42.06,QQQ,call,2026-09-22,mid,short,740.745,492.5762634281234,492.5762634281234,-5.365544148121149,40.35,1.0
701.0,2026,9,22,P,0.0008977099164040357,-0.004938573065544719,1389,0.40112406398787076,0.02,0.03,QQQ,put,2026-09-22,mid,short,740.745,-684188.4299016633,684188.4299016633,-5.365544148121149,0.025,371.0
701.0,2026,9,23,C,0.0014255827960558169,0.9907235813475316,0,0.6583125299206635,38.72,42.14,QQQ,call,2026-09-23,mid,short,740.745,0.0,0.0,-5.365544148121149,40.43,0.0
701.0,2026,9,23,P,0.0014255827960558169,-0.009276418652468373,686,0.3155216746977919,0.05,0.06,QQQ,put,2026-09-23,mid,short,740.745,-536604.1396703988,536604.1396703988,-5.365544148121149,0.055,0.0
701.0,2026,9,24,C,0.002158060539572094,0.983041013167632,12,0.5421372380285554,38.87,42.27,QQQ,call,2026-09-24,mid,short,740.745,14209.615521577942,14209.615521577942,-5.365544148121149,40.57,0.0
701.0,2026,9,24,P,0.002158060539572094,-0.016958986832367958,278,0.2866646755956417,0.11,0.13,QQQ,put,2026-09-24,mid,short,740.745,-329189.426249889,329189.426249889,-5.365544148121149,0.12,0.0
701.0,2026,9,25,C,0.002841327554141049,0.9738151524644661,76,0.4994323440412155,39.4,42.83,QQQ,call,2026-09-25,mid,short,740.745,118487.44989966614,118487.44989966614,-5.365544148121149,41.114999999999995,0.0
701.0,2026,9,25,P,0.002841327554141049,-0.02618484753553389,1933,0.2724927664357971,0.2,0.23,QQQ,put,2026-09-25,mid,short,740.745,-3013634.745474404,3013634.745474404,-5.365544148121149,0.21500000000000002,0.0
701.0,2026,9,28,C,0.0035545594969273297,0.9610962003309254,51,0.37904694649075504,38.93,43.06,QQQ,call,2026-09-28,mid,short,740.745,99470.29854509322,99470.29854509322,-5.365544148121149,40.995000000000005,0.0
701.0,2026,9,28,P,0.0035545594969273297,-0.038903799669074646,171,0.22929115654540028,0.36,0.39,QQQ,put,2026-09-28,mid,short,740.745,-333518.05982766557,333518.05982766557,-5.365544148121149,0.375,0.0
701.0,2026,9,29,C,0.0039941247684855685,0.9512509767517775,8,0.3637707582402359,39.14,43.35,QQQ,call,2026-09-29,mid,short,740.745,17532.710896252236,17532.710896252236,-5.365544148121149,41.245000000000005,0.0
701.0,2026,9,29,P,0.0039941247684855685,-0.04874902324822252,59,0.22892248259638634,0.5,0.54,QQQ,put,2026-09-29,mid,short,740.745,-129303.74285986021,129303.74285986021,-5.365544148121149,0.52,0.0
701.0,2026,9,30,C,0.004421791319518454,0.939392242380794,288,0.34048168933894063,40.28,43.35,QQQ,call,2026-09-30,mid,short,740.745,698760.2441899969,698760.2441899969,-5.365544148121149,41.815,0.0
701.0,2026,9,30,P,0.004421791319518454,-0.060607757619206,455,0.23199973055501338,0.7,0.74,QQQ,put,2026-09-30,mid,short,740.745,-1103944.1357862798,1103944.1357862798,-5.365544148121149,0.72,0.0
701.0,2026,10,1,C,0.004715110238589603,0.9292143331521815,0,0.34164047640462425,39.99,43.94,QQQ,call,2026-10-01,mid,short,740.745,0.0,0.0,-5.365544148121149,41.965,0.0
701.0,2026,10,1,P,0.004715110238589603,-0.07078566684781853,12,0.2327369562005164,0.89,0.94,QQQ,put,2026-10-01,mid,short,740.745,-31046.35037045755,31046.35037045755,-5.365544148121149,0.915,0.0
701.0,2026,10,2,C,0.004964855249553064,0.9184818266576796,24,0.23386675708335902,41.69,44.13,QQQ,call,2026-10-02,mid,short,740.745,65381.561752132795,65381.561752132795,-5.365544148121149,42.91,0.0
701.0,2026,10,2,P,0.004964855249553064,-0.08151817334232037,272,0.23488887022032742,1.12,1.17,QQQ,put,2026-10-02,mid,short,740.745,-740991.0331908384,740991.0331908384,-5.365544148121149,1.145,0.0
701.0,2026,10,9,C,0.005416360092623675,0.8826064239449208,143,0.22767623674633874,43.48,44.15,QQQ,call,2026-10-09,mid,short,740.745,424992.263635098,424992.263635098,-5.365544148121149,43.815,0.0
701.0,2026,10,9,P,0.005416360092623675,-0.1173935760550792,391,0.22028847353615882,2.11,2.16,QQQ,put,2026-10-09,mid,short,740.745,-1162041.7837854775,1162041.7837854775,-5.365544148121149,2.135,0.0
701.0,2026,10,16,C,0.0054776714390687604,0.8526297436891295,187,0.19073028456567007,43.85,46.04,QQQ,call,2026-10-16,mid,short,740.745,562050.1173509766,562050.1173509766,-5.365544148121149,44.945,0.0
701.0,2026,10,16,P,0.0054776714390687604,-0.14737025631087053,1023,0.21631183231801665,3.25,3.31,QQQ,put,2026-10-16,mid,short,740.745,-3074744.7596259303,3074744.7596259303,-5.365544148121149,3.2800000000000002,0.0
701.0,2026,10,23,C,0.005365565782730367,0.8282639689650563,104,0.22000647959118394,46.9,47.62,QQQ,call,2026-10-23,mid,short,740.745,306186.69884174695,306186.69884174695,-5.365544148121149,47.26,0.0
701.0,2026,10,23,P,0.005365565782730367,-0.17173603103494375,146,0.21571576867872097,4.46,4.54,QQQ,put,2026-10-23,mid,short,740.745,-429839.01952783705,429839.01952783705,-5.365544148121149,4.5,0.0
701.0,2026,10,30,C,0.005148721056347965,0.803753449866754,193,0.22895952467196354,49.27,50.02,QQQ,call,2026-10-30,mid,short,740.745,545248.0611766235,545248.0611766235,-5.365544148121149,49.645,0.0
701.0,2026,10,30,P,0.005148721056347965,-0.19624655013324602,78,0.22089131507554513,5.99,6.14,QQQ,put,2026-10-30,mid,short,740.745,-220359.32006101878,220359.32006101878,-5.365544148121149,6.0649999999999995,0.0
701.0,2026,11,30,C,0.004360044808510796,0.7570354364024748,8,0.22595492218141047,56.42,57.07,QQQ,call,2026-11-30,mid,short,740.745,19138.962739841965,19138.962739841965,-5.365544148121149,56.745000000000005,0.0
701.0,2026,11,30,P,0.004360044808510796,-0.24296456359752513,26,0.22031424727600502,10.74,10.92,QQQ,put,2026-11-30,mid,short,740.745,-62201.628904486395,62201.628904486395,-5.365544148121149,10.83,0.0
702.0,2026,9,22,C,0.0008157233399577826,0.9957936161386326,11,0.9123845731355263,37.65,41.06,QQQ,call,2026-09-22,mid,short,740.745,4923.489672886026,4923.489672886026,-5.2305449243666855,39.355000000000004,14.0
702.0,2026,9,22,P,0.0008157233399577826,-0.004206383861367388,779,0.3654299260510673,0.01,0.03,QQQ,put,2026-09-22,mid,short,740.745,-348672.5868343831,348672.5868343831,-5.2305449243666855,0.02,1879.0
702.0,2026,9,23,C,0.0014854034854735396,0.9905283120259507,2,0.6463469188634479,37.73,41.14,QQQ,call,2026-09-23,mid,short,740.745,1630.091157928926,1630.091157928926,-5.2305449243666855,39.435,0.0
702.0,2026,9,23,P,0.0014854034854735396,-0.009471687974049245,348,0.3083664901160287,0.05,0.06,QQQ,put,2026-09-23,mid,short,740.745,-283635.8614796331,283635.8614796331,-5.2305449243666855,0.055,0.0
702.0,2026,9,24,C,0.002336227006528506,0.9816155033850609,169,0.5330393986064147,37.89,41.28,QQQ,call,2026-09-24,mid,short,740.745,216640.27685791967,216640.27685791967,-5.2305449243666855,39.585,0.0
702.0,2026,9,24,P,0.002336227006528506,-0.018384496614939086,168,0.28389742005508084,0.12,0.14,QQQ,put,2026-09-24,mid,short,740.745,-215358.38172858284,215358.38172858284,-5.2305449243666855,0.13,0.0
702.0,2026,9,25,C,0.0030113905446837734,0.9723998150302897,332,0.4764967767262106,39.01,41.59,QQQ,call,2026-09-25,mid,short,740.745,548583.351636306,548583.351636306,-5.2305449243666855,40.3,0.0
702.0,2026,9,25,P,0.0030113905446837734,-0.027600184969710232,1887,0.26875318585350827,0.21,0.24,QQQ,put,2026-09-25,mid,short,740.745,-3118002.36306539,3118002.36306539,-5.2305449243666855,0.22499999999999998,0.0
702.0,2026,9,28,C,0.003740908608407502,0.9592621964346837,18,0.37326241512598574,38.23,42.08,QQQ,call,2026-09-28,mid,short,740.745,36947.67040968082,36947.67040968082,-5.2305449243666855,40.155,0.0
702.0,2026,9,28,P,0.003740908608407502,-0.04073780356531629,723,0.22565214387329746,0.37,0.41,QQQ,put,2026-09-28,mid,short,740.745,-1484064.7614555126,1484064.7614555126,-5.2305449243666855,0.39,0.0
702.0,2026,9,29,C,0.004189647103676058,0.9490715767530294,25,0.35584864562197516,38.45,42.31,QQQ,call,2026-09-29,mid,short,740.745,57471.81460571015,57471.81460571015,-5.2305449243666855,40.38,0.0
702.0,2026,9,29,P,0.004189647103676058,-0.05092842324697055,52,0.22602725526189493,0.52,0.56,QQQ,put,2026-09-29,mid,short,740.745,-119541.37437987712,119541.37437987712,-5.2305449243666855,0.54,0.0
702.0,2026,9,30,C,0.004637200900454625,0.9363670638333268,205,0.34356684661635134,38.8,42.59,QQQ,call,2026-09-30,mid,short,740.745,521611.58673566586,521611.58673566586,-5.2305449243666855,40.695,0.0
702.0,2026,9,30,P,0.004637200900454625,-0.06363293616667316,636,0.2301807622029745,0.74,0.77,QQQ,put,2026-09-30,mid,short,740.745,-1618268.1422628465,1618268.1422628465,-5.2305449243666855,0.755,0.0
702.0,2026,10,1,C,0.004925271619901064,0.926000808324861,0,0.3375473897161103,39.03,42.99,QQQ,call,2026-10-01,mid,short,740.745,0.0,0.0,-5.2305449243666855,41.010000000000005,0.0
702.0,2026,10,1,P,0.004925271619901064,-0.073999191675139,1,0.23055255103288746,0.93,0.98,QQQ,put,2026-10-01,mid,short,740.745,-2702.5120771948064,2702.5120771948064,-5.2305449243666855,0.9550000000000001,0.0
702.0,2026,10,2,C,0.005167928445302905,0.9151105244819457,138,0.24992182564750917,41.12,43.18,QQQ,call,2026-10-02,mid,short,740.745,391320.8927175983,391320.8927175983,-5.2305449243666855,42.15,0.0
702.0,2026,10,2,P,0.005167928445302905,-0.08488947551805429,277,0.2324147058803461,1.16,1.22,QQQ,put,2026-10-02,mid,short,740.745,-785477.4440780778,785477.4440780778,-5.2305449243666855,1.19,0.0
702.0,2026,10,9,C,0.005590497363657956,0.878639549216938,93,0.22624819575602184,42.57,43.16,QQQ,call,2026-10-09,mid,short,740.745,285279.68936862005,285279.68936862005,-5.2305449243666855,42.864999999999995,0.0
702.0,2026,10,9,P,0.005590497363657956,-0.121360450783062,4943,0.2185026351709331,2.18,2.23,QQQ,put,2026-10-09,mid,short,740.745,-15162768.86611924,15162768.86611924,-5.2305449243666855,2.205,0.0
702.0,2026,10,16,C,0.0056220932262397985,0.848004510405928,269,0.1901326896964778,42.96,45.15,QQQ,call,2026-10-16,mid,short,740.745,829827.4183011814,829827.4183011814,-5.2305449243666855,44.055,0.0
702.0,2026,10,16,P,0.0056220932262397985,-0.151995489594072,2114,0.21515580858507688,3.36,3.42,QQQ,put,2026-10-16,mid,short,740.745,-6521394.655348318,6521394.655348318,-5.2305449243666855,3.3899999999999997,0.0
702.0,2026,10,23,C,0.0054847711217318445,0.8238323789140057,293,0.21881718176961137,46.03,46.74,QQQ,call,2026-10-23,mid,short,740.745,881786.7871916915,881786.7871916915,-5.2305449243666855,46.385000000000005,0.0
702.0,2026,10,23,P,0.0054847711217318445,-0.17616762108599426,110,0.21448136582285987,4.58,4.66,QQQ,put,2026-10-23,mid,short,740.745,-331046.23409926984,331046.23409926984,-5.2305449243666855,4.62,0.0
702.0,2026,10,30,C,0.005246030051977968,0.7995407641472795,71,0.22779399230066597,48.42,49.16,QQQ,call,2026-10-30,mid,short,740.745,204374.4401022156,204374.4401022156,-5.2305449243666855,48.79,0.0
702.0,2026,10,30,P,0.005246030051977968,-0.20045923585272055,217,0.21989379551736735,6.14,6.25,QQQ,put,2026-10-30,mid,short,740.745,-624637.3732701519,624637.3732701519,-5.2305449243666855,6.195,0.0
702.0,2026,11,30,C,0.004413789611024682,0.7530596414848915,21,0.22501526337076466,55.61,56.38,QQQ,call,2026-11-30,mid,short,740.745,50859.065988902024,50859.065988902024,-5.2305449243666855,55.995000000000005,0.0
702.0,2026,11,30,P,0.004413789611024682,-0.24694035851510857,46,0.2194963269074903,10.93,11.12,QQQ,put,2026-11-30,mid,short,740.745,-111405.5731185473,111405.5731185473,-5.2305449243666855,11.024999999999999,0.0
703.0,2026,9,22,C,0.0008522580179260822,0.9956994712369625,0,0.8954271013272335,36.67,40.06,QQQ,call,2026-09-22,mid,short,740.745,0.0,0.0,-5.095545700612222,38.365,14.0
703.0,2026,9,22,P,0.0008522580179260822,-0.004300528763037543,650,0.35665493670334425,0.01,0.03,QQQ,put,2026-09-22,mid,short,740.745,-303963.8311654063,303963.8311654063,-5.095545700612222,0.02,633.0
703.0,2026,9,23,C,0.0015492586674830614,0.9903241060638457,66,0.6352242920569486,36.74,40.15,QQQ,call,2026-09-23,mid,short,740.745,56105.485840653695,56105.485840653695,-5.095545700612222,38.445,0.0
703.0,2026,9,23,P,0.0015492586674830614,-0.009675893936154277,678,0.30120396735234284,0.05,0.06,QQQ,put,2026-09-23,mid,short,740.745,-576356.3545448971,576356.3545448971,-5.095545700612222,0.055,0.0
703.0,2026,9,24,C,0.0025217653118679083,0.9801583767517668,86,0.5238976286276484,36.9,40.29,QQQ,call,2026-09-24,mid,short,740.745,118998.25012548911,118998.25012548911,-5.095545700612222,38.595,0.0
703.0,2026,9,24,P,0.0025217653118679083,-0.019841623248233294,217,0.28081210343838703,0.13,0.15,QQQ,put,2026-09-24,mid,short,740.745,-300263.0264794318,300263.0264794318,-5.095545700612222,0.14,0.0
703.0,2026,9,25,C,0.0031901922405743488,0.970943131274444,196,0.2756064640927525,38.33,40.01,QQQ,call,2026-09-25,mid,short,740.745,343091.83531772613,343091.83531772613,-5.095545700612222,39.17,0.0
703.0,2026,9,25,P,0.0031901922405743488,-0.029056868725556018,1296,0.264872656962519,0.22,0.25,QQQ,put,2026-09-25,mid,short,740.745,-2268607.2376110875,2268607.2376110875,-5.095545700612222,0.235,0.0
703.0,2026,9,28,C,0.0039718006247176155,0.9566471283680194,16,0.3674396515820512,37.25,41.1,QQQ,call,2026-09-28,mid,short,740.745,34869.432542605144,34869.432542605144,-5.095545700612222,39.175,0.0
703.0,2026,9,28,P,0.0039718006247176155,-0.04335287163198068,119,0.22414687346514453,0.4,0.43,QQQ,put,2026-09-28,mid,short,740.745,-259341.40453562574,259341.40453562574,-5.095545700612222,0.41500000000000004,0.0
703.0,2026,9,29,C,0.00441944587715375,0.9461951490083262,14,0.3530928362160516,37.19,41.4,QQQ,call,2026-09-29,mid,short,740.745,33949.494547590875,33949.494547590875,-5.095545700612222,39.295,0.0
703.0,2026,9,29,P,0.00441944587715375,-0.05380485099167373,40,0.22388795940526482,0.55,0.59,QQQ,put,2026-09-29,mid,short,740.745,-96998.55585025964,96998.55585025964,-5.095545700612222,0.5700000000000001,0.0
703.0,2026,9,30,C,0.004860253062177407,0.9332818118900736,181,0.33123426229471986,38.35,41.42,QQQ,call,2026-09-30,mid,short,740.745,482697.3502880356,482697.3502880356,-5.095545700612222,39.885000000000005,0.0
703.0,2026,9,30,P,0.004860253062177407,-0.0667181881099264,368,0.22752687992328768,0.77,0.81,QQQ,put,2026-09-30,mid,short,740.745,-981395.717712691,981395.717712691,-5.095545700612222,0.79,0.0
703.0,2026,10,1,C,0.0051427924998361674,0.9227235755912149,0,0.3330629228555303,38.07,42.03,QQQ,call,2026-10-01,mid,short,740.745,0.0,0.0,-5.095545700612222,40.05,0.0
703.0,2026,10,1,P,0.0051427924998361674,-0.07727642440878509,3,0.22824579212057527,0.97,1.02,QQQ,put,2026-10-01,mid,short,740.745,-8465.599410897037,8465.599410897037,-5.095545700612222,0.995,0.0
703.0,2026,10,2,C,0.005390931604959754,0.9110141809491976,152,0.24729528435422574,40.17,42.24,QQQ,call,2026-10-02,mid,short,740.745,449619.2193851415,449619.2193851415,-5.095545700612222,41.205,0.0
703.0,2026,10,2,P,0.005390931604959754,-0.08898581905080243,267,0.2313139330028193,1.23,1.27,QQQ,put,2026-10-02,mid,short,740.745,-789791.6551041629,789791.6551041629,-5.095545700612222,1.25,0.0
703.0,2026,10,9,C,0.005771698142324279,0.8742987883609696,52,0.22415469682293082,41.64,42.32,QQQ,call,2026-10-09,mid,short,740.745,164681.3469883537,164681.3469883537,-5.095545700612222,41.980000000000004,0.0
703.0,2026,10,9,P,0.005771698142324279,-0.1257012116390303,329,0.21692977945794537,2.26,2.31,QQQ,put,2026-10-09,mid,short,740.745,-1041926.2145993916,1041926.2145993916,-5.095545700612222,2.285,0.0
703.0,2026,10,16,C,0.005769457634697165,0.8434420082832237,265,0.22283214369152163,43.56,44.02,QQQ,call,2026-10-16,mid,short,740.745,838915.6958394732,838915.6958394732,-5.095545700612222,43.790000000000006,0.0
703.0,2026,10,16,P,0.005769457634697165,-0.15655799171677626,1008,0.21391782489932004,3.47,3.52,QQQ,put,2026-10-16,mid,short,740.745,-3191045.363796939,3191045.363796939,-5.095545700612222,3.495,0.0
703.0,2026,10,23,C,0.0056053314533973005,0.819167531954194,342,0.21739476732660037,45.15,45.87,QQQ,call,2026-10-23,mid,short,740.745,1051876.7642764687,1051876.7642764687,-5.095545700612222,45.51,0.0
703.0,2026,10,23,P,0.0056053314533973005,-0.180832468045806,102,0.21335967912157552,4.71,4.79,QQQ,put,2026-10-23,mid,short,740.745,-313717.63145087665,313717.63145087665,-5.095545700612222,4.75,0.0
703.0,2026,10,30,C,0.005339856977820704,0.7947120386445489,113,0.2265784953835591,47.57,48.32,QQQ,call,2026-10-30,mid,short,740.745,331089.5899357104,331089.5899357104,-5.095545700612222,47.945,0.0
703.0,2026,10,30,P,0.005339856977820704,-0.20528796135545116,109,0.21884104688038583,6.29,6.44,QQQ,put,2026-10-30,mid,short,740.745,-319369.60445126053,319369.60445126053,-5.095545700612222,6.365,0.0
703.0,2026,11,30,C,0.00446754831097097,0.749015162042772,15,0.22433369379706028,54.83,55.65,QQQ,call,2026-11-30,mid,short,740.745,36770.367801845714,36770.367801845714,-5.095545700612222,55.239999999999995,0.0
703.0,2026,11,30,P,0.00446754831097097,-0.25098483795722804,13,0.21874285745995117,11.13,11.32,QQQ,put,2026-11-30,mid,short,740.745,-31867.652094932953,31867.652094932953,-5.095545700612222,11.225000000000001,0.0
704.0,2026,9,22,C,0.0010228686714119362,0.9947246069156881,28,0.878419104409207,35.64,39.06,QQQ,call,2026-09-22,mid,short,740.745,15715.035481038865,15715.035481038865,-4.9605464768577585,37.35,21.0
704.0,2026,9,22,P,0.0010228686714119362,-0.005275393084311959,744,0.37322231192489613,0.02,0.03,QQQ,put,2026-09-22,mid,short,740.745,-417570.9427818898,417570.9427818898,-4.9605464768577585,0.025,805.0
704.0,2026,9,23,C,0.0016977295668325375,0.9894109723580454,62,0.6257724762905877,35.72,39.18,QQQ,call,2026-09-23,mid,short,740.745,57756.07332141488,57756.07332141488,-4.9605464768577585,37.45,0.0
704.0,2026,9,23,P,0.0016977295668325375,-0.010589027641954534,327,0.2940335383704771,0.05,0.07,QQQ,put,2026-09-23,mid,short,740.745,-304616.70929197845,304616.70929197845,-4.9605464768577585,0.060000000000000005,0.0
704.0,2026,9,24,C,0.002715662506241486,0.9786657206095606,77,0.5147104812334403,35.92,39.3,QQQ,call,2026-09-24,mid,short,740.745,114737.12905715079,114737.12905715079,-4.9605464768577585,37.61,0.0
704.0,2026,9,24,P,0.002715662506241486,-0.021334279390439404,741,0.27744193170873604,0.14,0.16,QQQ,put,2026-09-24,mid,short,740.745,-1104158.6056019317,1104158.6056019317,-4.9605464768577585,0.15000000000000002,0.0
704.0,2026,9,25,C,0.003436283442386067,0.9685459339721053,377,0.2727765402165775,37.35,38.12,QQQ,call,2026-09-25,mid,short,740.745,710833.3365318209,710833.3365318209,-4.9605464768577585,37.735,0.0
704.0,2026,9,25,P,0.003436283442386067,-0.03145406602789469,2898,0.26277219487188225,0.24,0.27,QQQ,put,2026-09-25,mid,short,740.745,-5464177.743419675,5464177.743419675,-4.9605464768577585,0.255,0.0
704.0,2026,9,28,C,0.004194073533898852,0.9543412385079659,60,0.361150516268476,36.28,40.11,QQQ,call,2026-09-28,mid,short,740.745,138078.08282742908,138078.08282742908,-4.9605464768577585,38.195,0.0
704.0,2026,9,28,P,0.004194073533898852,-0.045658761492034045,64,0.22136416885880184,0.42,0.45,QQQ,put,2026-09-28,mid,short,740.745,-147283.2883492577,147283.2883492577,-4.9605464768577585,0.435,0.0
704.0,2026,9,29,C,0.004657720860937807,0.9432599969956743,3,0.3447633224247467,36.51,40.35,QQQ,call,2026-09-29,mid,short,740.745,7667.118394867002,7667.118394867002,-4.9605464768577585,38.43,0.0
704.0,2026,9,29,P,0.004657720860937807,-0.05674000300432572,47,0.22158847919306832,0.58,0.62,QQQ,put,2026-09-29,mid,short,740.745,-120118.18818624968,120118.18818624968,-4.9605464768577585,0.6,0.0
704.0,2026,9,30,C,0.005091682385064744,0.930131132119705,364,0.3267226592336065,37.41,40.46,QQQ,call,2026-09-30,mid,short,740.745,1016951.2768215681,1016951.2768215681,-4.9605464768577585,38.935,0.0
704.0,2026,9,30,P,0.005091682385064744,-0.06986886788029503,432,0.22541518206559957,0.81,0.84,QQQ,put,2026-09-30,mid,short,740.745,-1206931.1856783445,1206931.1856783445,-4.9605464768577585,0.825,0.0
704.0,2026,10,1,C,0.005368332137060898,0.9193773612743296,0,0.32786779231561736,36.84,41.05,QQQ,call,2026-10-01,mid,short,740.745,0.0,0.0,-4.9605464768577585,38.945,0.0
704.0,2026,10,1,P,0.005368332137060898,-0.08062263872567045,17,0.2258216154692343,1.01,1.06,QQQ,put,2026-10-01,mid,short,740.745,-50075.55327406606,50075.55327406606,-4.9605464768577585,1.0350000000000001,0.0
704.0,2026,10,2,C,0.005615947376010628,0.9070736353821641,211,0.2450010143936076,39.23,39.78,QQQ,call,2026-10-02,mid,short,740.745,650193.9772146657,650193.9772146657,-4.9605464768577585,39.504999999999995,0.0
704.0,2026,10,2,P,0.005615947376010628,-0.09292636461783585,373,0.2290861869881817,1.28,1.33,QQQ,put,2026-10-02,mid,short,740.745,-1149395.0402894327,1149395.0402894327,-4.9605464768577585,1.3050000000000002,0.0
704.0,2026,10,9,C,0.005959324748923493,0.8695897641805369,70,0.22254511989982745,40.73,41.31,QQQ,call,2026-10-09,mid,short,740.745,228893.02040870205,228893.02040870205,-4.9605464768577585,41.019999999999996,0.0
704.0,2026,10,9,P,0.005959324748923493,-0.1304102358194631,236,0.21555065410838545,2.35,2.4,QQQ,put,2026-10-09,mid,short,740.745,-771696.4688064813,771696.4688064813,-4.9605464768577585,2.375,0.0
704.0,2026,10,16,C,0.0059198823825695294,0.8387072608182549,253,0.2214975601334907,42.68,43.24,QQQ,call,2026-10-16,mid,short,740.745,821809.3095952821,821809.3095952821,-4.9605464768577585,42.96,0.0
704.0,2026,10,16,P,0.0059198823825695294,-0.16129273918174508,1989,0.21260002110970003,3.58,3.63,QQQ,put,2026-10-16,mid,short,740.745,-6460785.441838008,6460785.441838008,-4.9605464768577585,3.605,0.0
704.0,2026,10,23,C,0.005728122542150594,0.8144520831817518,134,0.21692716425288358,44.33,44.95,QQQ,call,2026-10-23,mid,short,740.745,421167.2141072125,421167.2141072125,-4.9605464768577585,44.64,0.0
704.0,2026,10,23,P,0.005728122542150594,-0.1855479168182482,72,0.21217251249385533,4.84,4.92,QQQ,put,2026-10-23,mid,short,740.745,-226298.8016098455,226298.8016098455,-4.9605464768577585,4.88,0.0
704.0,2026,10,30,C,0.005438489589422135,0.7901947701470166,272,0.22545454503125098,46.73,47.47,QQQ,call,2026-10-30,mid,short,740.745,811679.6597899395,811679.6597899395,-4.9605464768577585,47.099999999999994,0.0
704.0,2026,10,30,P,0.005438489589422135,-0.20980522985298342,180,0.21759013428932336,6.43,6.59,QQQ,put,2026-10-30,mid,short,740.745,-537140.9513315776,537140.9513315776,-4.9605464768577585,6.51,0.0
704.0,2026,11,30,C,0.004521291715865737,0.7449026918165335,42,0.22352243028294147,54.04,54.68,QQQ,call,2026-11-30,mid,short,740.745,104195.57522992487,104195.57522992487,-4.9605464768577585,54.36,0.0
704.0,2026,11,30,P,0.004521291715865737,-0.25509730818346654,44,0.21805163900695246,11.34,11.52,QQQ,put,2026-11-30,mid,short,740.745,-109157.26928849272,109157.26928849272,-4.9605464768577585,11.43,0.0
705.0,2026,9,22,C,0.0010707156794196203,0.9946012788238884,29,0.3773201605219968,35.85,37.28,QQQ,call,2026-09-22,mid,short,740.745,17037.647071536183,17037.647071536183,-4.825547253103295,36.565,40.0
705.0,2026,9,22,P,0.0010707156794196203,-0.005398721176111658,1309,0.36390610201664936,0.02,0.03,QQQ,put,2026-09-22,mid,short,740.745,-769044.1385048573,769044.1385048573,-4.825547253103295,0.025,920.0
705.0,2026,9,23,C,0.0017741718908121332,0.9891718866964229,285,0.6119544868642478,35.87,38.16,QQQ,call,2026-09-23,mid,short,740.745,277445.7085029069,277445.7085029069,-4.825547253103295,37.015,0.0
705.0,2026,9,23,P,0.0017741718908121332,-0.010828113303577153,741,0.2868546013767848,0.05,0.07,QQQ,put,2026-09-23,mid,short,740.745,-721358.8421075578,721358.8421075578,-4.825547253103295,0.060000000000000005,0.0
705.0,2026,9,24,C,0.0029189594853103284,0.9771335272450671,107,0.2623568245224816,36.09,38.32,QQQ,call,2026-09-24,mid,short,740.745,171375.72385085226,171375.72385085226,-4.825547253103295,37.205,0.0
705.0,2026,9,24,P,0.0029189594853103284,-0.022866472754932907,736,0.27381371412784816,0.15,0.17,QQQ,put,2026-09-24,mid,short,740.745,-1178808.7173292267,1178808.7173292267,-4.825547253103295,0.16,0.0
705.0,2026,9,25,C,0.0036350842478287603,0.9669923056771311,1647,0.3028497866503666,36.62,37.1,QQQ,call,2026-09-25,mid,short,740.745,3285076.876096081,3285076.876096081,-4.825547253103295,36.86,0.0
705.0,2026,9,25,P,0.0036350842478287603,-0.03300769432286883,32706,0.2585509800501736,0.25,0.28,QQQ,put,2026-09-25,mid,short,740.745,-65234805.28815934,65234805.28815934,-4.825547253103295,0.265,0.0
705.0,2026,9,28,C,0.0044266447088558295,0.9519747855004651,1048,0.3560969207676744,35.3,39.15,QQQ,call,2026-09-28,mid,short,740.745,2545501.785984264,2545501.785984264,-4.825547253103295,37.224999999999994,0.0
705.0,2026,9,28,P,0.0044266447088558295,-0.0480252144995349,556,0.21845090024946917,0.44,0.47,QQQ,put,2026-09-28,mid,short,740.745,-1350476.1383656976,1350476.1383656976,-4.825547253103295,0.45499999999999996,0.0
705.0,2026,9,29,C,0.0049053723069685815,0.9402603185620101,234,0.33993981034927184,35.54,39.39,QQQ,call,2026-09-29,mid,short,740.745,629832.8231689861,629832.8231689861,-4.825547253103295,37.465,0.0
705.0,2026,9,29,P,0.0049053723069685815,-0.05973968143798993,215,0.2191380610931349,0.61,0.65,QQQ,put,2026-09-29,mid,short,740.745,-578692.5512022736,578692.5512022736,-4.825547253103295,0.63,0.0
705.0,2026,9,30,C,0.005340067943788267,0.9266374050088116,1423,0.21870158424861125,37.22,37.98,QQQ,call,2026-09-30,mid,short,740.745,4169549.559288784,4169549.559288784,-4.825547253103295,37.599999999999994,0.0
705.0,2026,9,30,P,0.005340067943788267,-0.07336259499118833,33152,0.22315513830009245,0.85,0.88,QQQ,put,2026-09-30,mid,short,740.745,-97139077.29412635,97139077.29412635,-4.825547253103295,0.865,0.0
705.0,2026,10,1,C,0.005613702141919593,0.9154707704532639,4,0.3213251070696344,36.2,40.03,QQQ,call,2026-10-01,mid,short,740.745,12321.024306567524,12321.024306567524,-4.825547253103295,38.115,0.0
705.0,2026,10,1,P,0.005613702141919593,-0.08452922954673617,303,0.223817606580335,1.06,1.11,QQQ,put,2026-10-01,mid,short,740.745,-933317.59122249,933317.59122249,-4.825547253103295,1.085,0.0
705.0,2026,10,2,C,0.005851868482866195,0.9028470640894232,1350,0.24259523520485834,38.29,38.83,QQQ,call,2026-10-02,mid,short,740.745,4334767.244109055,4334767.244109055,-4.825547253103295,38.56,0.0
705.0,2026,10,2,P,0.005851868482866195,-0.09715293591057679,1685,0.22720116866458395,1.34,1.39,QQQ,put,2026-10-02,mid,short,740.745,-5410431.70838797,5410431.70838797,-4.825547253103295,1.365,0.0
705.0,2026,10,5,C,0.005948406579199103,0.8940321199293406,0,0.12246182370850384,36.93,41.31,QQQ,call,2026-10-05,mid,short,740.745,0.0,0.0,-4.825547253103295,39.120000000000005,0.0
705.0,2026,10,5,P,0.005948406579199103,-0.10596788007065938,0,0.21098213268101415,1.56,1.62,QQQ,put,2026-10-05,mid,short,740.745,-0.0,0.0,-4.825547253103295,1.59,0.0
705.0,2026,10,9,C,0.006151393906607051,0.8648176027750331,376,0.22111264420054344,39.83,40.42,QQQ,call,2026-10-09,mid,short,740.745,1269108.7558781751,1269108.7558781751,-4.825547253103295,40.125,0.0
705.0,2026,10,9,P,0.006151393906607051,-0.13518239722496692,1467,0.21406598140284844,2.44,2.49,QQQ,put,2026-10-09,mid,short,740.745,-4951549.321471498,4951549.321471498,-4.825547253103295,2.465,0.0
705.0,2026,10,16,C,0.006073275865340755,0.8338006092309354,4411,0.21948562460410184,41.77,42.22,QQQ,call,2026-10-16,mid,short,740.745,14699329.447973648,14699329.447973648,-4.825547253103295,41.995000000000005,0.0
705.0,2026,10,16,P,0.006073275865340755,-0.16619939076906468,43833,0.21120429898598406,3.69,3.75,QQQ,put,2026-10-16,mid,short,740.745,-146070212.5806005,146070212.5806005,-4.825547253103295,3.7199999999999998,0.0
705.0,2026,10,23,C,0.005851971754606478,0.8095070984924951,260,0.21554515134550586,43.46,44.09,QQQ,call,2026-10-23,mid,short,740.745,834858.7948661377,834858.7948661377,-4.825547253103295,43.775000000000006,0.0
705.0,2026,10,23,P,0.005851971754606478,-0.19049290150750486,275,0.21108926802930217,4.98,5.06,QQQ,put,2026-10-23,mid,short,740.745,-883023.7253391839,883023.7253391839,-4.825547253103295,5.02,0.0
705.0,2026,10,30,C,0.005534260928100089,0.7852180623087741,425,0.22455667835006082,45.91,46.63,QQQ,call,2026-10-30,mid,short,740.745,1290583.233591544,1290583.233591544,-4.825547253103295,46.269999999999996,0.0
705.0,2026,10,30,P,0.005534260928100089,-0.21478193769122592,549,0.2168569918146007,6.61,6.76,QQQ,put,2026-10-30,mid,short,740.745,-1667129.871157077,1667129.871157077,-4.825547253103295,6.6850000000000005,0.0
705.0,2026,11,20,C,0.004785264060125807,0.7476159060573729,2168,0.22802421453629518,51.49,51.98,QQQ,call,2026-11-20,mid,short,740.745,5692494.808723897,5692494.808723897,-4.825547253103295,51.735,0.0
705.0,2026,11,20,P,0.004785264060125807,-0.25238409394262706,5787,0.22136831550935698,10.48,10.63,QQQ,put,2026-11-20,mid,short,740.745,-15194865.063692432,15194865.063692432,-4.825547253103295,10.555,0.0
705.0,2026,11,30,C,0.004574990789443519,0.7407229311670281,63,0.22286748922654864,53.27,53.89,QQQ,call,2026-11-30,mid,short,740.745,158149.64846381242,158149.64846381242,-4.825547253103295,53.58,0.0
705.0,2026,11,30,P,0.004574990789443519,-0.25927706883297186,946,0.21732526705018346,11.55,11.73,QQQ,put,2026-11-30,mid,short,740.745,-2374755.038837564,2374755.038837564,-4.825547253103295,11.64,0.0
705.0,2026,12,18,C,0.004120557719717317,0.7238645842024952,2691,0.22759155367281328,57.7,58.5,QQQ,call,2026-12-18,mid,short,740.745,6084251.490241638,6084251.490241638,-4.825547253103295,58.1,0.0
705.0,2026,12,18,P,0.004120557719717317,-0.2761354157975048,3266,0.22221457769746955,14.53,14.73,QQQ,put,2026-12-18,mid,short,740.745,-7384305.227472757,7384305.227472757,-4.825547253103295,14.629999999999999,0.0
705.0,2026,12,31,C,0.0038969955945767016,0.7174939358802979,2242,0.22214862940529975,59.65,60.52,QQQ,call,2026-12-31,mid,short,740.745,4794054.649968312,4794054.649968312,-4.825547253103295,60.085,0.0
705.0,2026,12,31,P,0.0038969955945767016,-0.2825060641197021,623,0.22130110323176108,16.03,16.37,QQQ,put,2026-12-31,mid,short,740.745,-1332157.0236085006,1332157.0236085006,-4.825547253103295,16.200000000000003,0.0
705.0,2027,1,15,C,0.0036626874089569343,0.7111251980118563,4543,0.22734723769374177,63.27,64.0,QQQ,call,2027-01-15,mid,short,740.745,9130194.927140651,9130194.927140651,-4.825547253103295,63.635000000000005,0.0
705.0,2027,1,15,P,0.0036626874089569343,-0.28887480198814375,3871,0.22240553288449133,17.91,18.18,QQQ,put,2027-01-15,mid,short,740.745,-7779657.618965762,7779657.618965762,-4.825547253103295,18.045,0.0
705.0,2027,2,19,C,0.003239618893762437,0.7015862190977329,270,0.22814382884689324,69.77,72.28,QQQ,call,2027-02-19,mid,short,740.745,479949.0591832334,479949.0591832334,-4.825547253103295,71.025,0.0
705.0,2027,2,19,P,0.003239618893762437,-0.29841378090226717,422,0.22372273213411537,21.72,22.04,QQQ,put,2027-02-19,mid,short,740.745,-750142.6036123129,750142.6036123129,-4.825547253103295,21.88,0.0
705.0,2027,3,19,C,0.0029623221319096085,0.6960521802058106,1266,0.2324109492121121,75.27,78.1,QQQ,call,2027-03-19,mid,short,740.745,2057801.3429736502,2057801.3429736502,-4.825547253103295,76.685,0.0
705.0,2027,3,19,P,0.0029623221319096085,-0.3039478197941894,2947,0.22668629501540108,24.79,25.12,QQQ,put,2027-03-19,mid,short,740.745,-4790158.418438663,4790158.418438663,-4.825547253103295,24.955,0.0
705.0,2027,3,31,C,0.002839739881586287,0.6932630786078419,317,0.22623178382001866,76.08,79.64,QQQ,call,2027-03-31,mid,short,740.745,493941.2316951188,493941.2316951188,-4.825547253103295,77.86,0.0
705.0,2027,3,31,P,0.002839739881586287,-0.30673692139215814,1778,0.22285868252679,25.1,28.07,QQQ,put,2027-03-31,mid,short,740.745,-2770433.7853436004,2770433.7853436004,-4.825547253103295,26.585,0.0
705.0,2027,6,17,C,0.0023548250245341946,0.6881758858825344,1900,0.24223198741867236,91.31,93.76,QQQ,call,2027-06-17,mid,short,740.745,2454989.8489380972,2454989.8489380972,-4.825547253103295,92.535,0.0
705.0,2027,6,17,P,0.0023548250245341946,-0.3118241141174655,7027,0.23368055238121963,33.16,34.29,QQQ,put,2027-06-17,mid,short,740.745,-9079586.14130948,9079586.14130948,-4.825547253103295,33.724999999999994,0.0
705.0,2027,6,30,C,0.0022796663307631175,0.6872411384143946,1018,0.23855995656705695,92.36,95.78,QQQ,call,2027-06-30,mid,short,740.745,1273375.5900396795,1273375.5900396795,-4.825547253103295,94.07,0.0
705.0,2027,6,30,P,0.0022796663307631175,-0.31275886158560534,277,0.23225631282528694,33.71,36.63,QQQ,put,2027-06-30,mid,short,740.745,-346488.24994203466,346488.24994203466,-4.825547253103295,35.17,0.0
705.0,2027,9,17,C,0.001989178547055522,0.6882521744034216,428,0.24505518107437488,104.84,108.84,QQQ,call,2027-09-17,mid,short,740.745,467148.5371219316,467148.5371219316,-4.825547253103295,106.84,0.0
705.0,2027,9,17,P,0.001989178547055522,-0.3117478255965785,680,0.23757579249053423,39.8,41.76,QQQ,put,2027-09-17,mid,short,740.745,-742198.610380639,742198.610380639,-4.825547253103295,40.78,0.0
705.0,2027,12,17,C,0.0017424739433522477,0.6911937101933503,234,0.24726404524614562,117.06,121.5,QQQ,call,2027-12-17,mid,short,740.745,223727.6223622982,223727.6223622982,-4.825547253103295,119.28,0.0
705.0,2027,12,17,P,0.0017424739433522477,-0.3088062898066497,198,0.2371194083247287,44.3,48.98,QQQ,put,2027-12-17,mid,short,740.745,-189307.9881527138,189307.9881527138,-4.825547253103295,46.64,0.0
705.0,2028,1,21,C,0.0016768259466661557,0.6932514139328589,229,0.2462872115864262,121.0,125.5,QQQ,call,2028-01-21,mid,short,740.745,210698.24840624194,210698.24840624194,-4.825547253103295,123.25,0.0
705.0,2028,1,21,P,0.0016768259466661557,-0.30674858606714106,659,0.23691277569476876,45.8,50.5,QQQ,put,2028-01-21,mid,short,740.745,-606332.5139725478,606332.5139725478,-4.825547253103295,48.15,0.0
705.0,2028,6,16,C,0.0014318882057345603,0.7009054250339137,275,0.2518775191455738,139.5,144.5,QQQ,call,2028-06-16,mid,short,740.745,216062.43343565083,216062.43343565083,-4.825547253103295,142.0,0.0
705.0,2028,6,16,P,0.0014318882057345603,-0.2990945749660862,164,0.24173713884386608,53.0,57.5,QQQ,put,2028-06-16,mid,short,740.745,-128851.77848526089,128851.77848526089,-4.825547253103295,55.25,0.0
705.0,2028,12,15,C,0.0012221860925819186,0.7111377014349639,193,0.25621675607205385,160.0,165.0,QQQ,call,2028-12-15,mid,short,740.745,129429.15145028346,129429.15145028346,-4.825547253103295,162.5,0.0
705.0,2028,12,15,P,0.0012221860925819186,-0.2888622985650361,543,0.24578771313099756,60.0,65.0,QQQ,put,2028-12-15,mid,short,740.745,-364145.2292098649,364145.2292098649,-4.825547253103295,62.5,0.0
705.0,2029,1,19,C,0.0011921735420325162,0.7132673047850138,1,0.2563268157830888,163.5,168.0,QQQ,call,2029-01-19,mid,short,740.745,654.1493838505711,654.1493838505711,-4.825547253103295,165.75,0.0
705.0,2029,1,19,P,0.0011921735420325162,-0.28673269521498623,0,0.24599596887892683,61.0,66.0,QQQ,put,2029-01-19,mid,short,740.745,-0.0,0.0,-4.825547253103295,63.5,0.0
706.0,2026,9,21,C,0.004960060215425676,0.9447272381476556,2,0.0,33.55,37.01,QQQ,call,2026-09-21,mid,short,740.745,5443.201378636099,5443.201378636099,-4.6905480293488315,35.28,0.0
706.0,2026,9,21,P,0.004960060215425676,-0.05527276185234445,2573,5.593773594594003,0.0,0.01,QQQ,put,2026-09-21,mid,short,740.745,-7002678.573615341,7002678.573615341,-4.6905480293488315,0.005,0.0
706.0,2026,9,22,C,0.0011221536827364074,0.994471698100735,2,0.3811023296925423,34.86,36.75,QQQ,call,2026-09-22,mid,short,740.745,1231.4585322807793,1231.4585322807793,-4.6905480293488315,35.805,1.0
706.0,2026,9,22,P,0.0011221536827364074,-0.005528301899265057,802,0.35458090213132387,0.02,0.03,QQQ,put,2026-09-22,mid,short,740.745,-493814.8714445925,493814.8714445925,-4.6905480293488315,0.025,1860.0
706.0,2026,9,23,C,0.0019390701292923175,0.9882068523110376,115,0.6023546987622901,34.86,37.19,QQQ,call,2026-09-23,mid,short,740.745,122356.99824210437,122356.99824210437,-4.6905480293488315,36.025,0.0
706.0,2026,9,23,P,0.0019390701292923175,-0.011793147688962492,467,0.2863185468559798,0.06,0.07,QQQ,put,2026-09-23,mid,short,740.745,-496875.81025271944,496875.81025271944,-4.6905480293488315,0.065,0.0
706.0,2026,9,24,C,0.0031327710544265448,0.9755576285813259,81,0.25911581963496294,35.1,37.33,QQQ,call,2026-09-24,mid,short,740.745,139235.87028432213,139235.87028432213,-4.6905480293488315,36.215,0.0
706.0,2026,9,24,P,0.0031327710544265448,-0.024442371418674124,180,0.26994938331858864,0.16,0.18,QQQ,put,2026-09-24,mid,short,740.745,-309413.0450762714,309413.0450762714,-4.6905480293488315,0.16999999999999998,0.0
706.0,2026,9,25,C,0.003901317730271273,0.9644930360972267,402,0.29820911108988907,35.64,36.16,QQQ,call,2026-09-25,mid,short,740.745,860547.4696366375,860547.4696366375,-4.6905480293488315,35.9,0.0
706.0,2026,9,25,P,0.003901317730271273,-0.03550696390277328,1443,0.25593337030513946,0.27,0.3,QQQ,put,2026-09-25,mid,short,740.745,-3088980.0962330042,3088980.0962330042,-4.6905480293488315,0.28500000000000003,0.0
706.0,2026,9,28,C,0.004687005942373256,0.9491814462765088,34,0.17871243481696536,35.45,38.25,QQQ,call,2026-09-28,mid,short,740.745,87440.34823883839,87440.34823883839,-4.6905480293488315,36.85,0.0
706.0,2026,9,28,P,0.004687005942373256,-0.05081855372349118,107,0.21541315987778914,0.46,0.5,QQQ,put,2026-09-28,mid,short,740.745,-275179.9194575208,275179.9194575208,-4.6905480293488315,0.48,0.0
706.0,2026,9,29,C,0.005163359756639266,0.9371900539740932,8,0.21242428011779327,35.95,38.42,QQQ,call,2026-09-29,mid,short,740.745,22665.21431197665,22665.21431197665,-4.6905480293488315,37.185,0.0
706.0,2026,9,29,P,0.005163359756639266,-0.06280994602590687,11,0.21654462064167362,0.64,0.68,QQQ,put,2026-09-29,mid,short,740.745,-31164.669678967904,31164.669678967904,-4.6905480293488315,0.66,0.0
706.0,2026,9,30,C,0.0055977888069370756,0.9230696568126606,431,0.2164047969363345,36.26,38.55,QQQ,call,2026-09-30,mid,short,740.745,1323827.0075774319,1323827.0075774319,-4.6905480293488315,37.405,0.0
706.0,2026,9,30,P,0.0055977888069370756,-0.07693034318733932,478,0.22075393786902958,0.89,0.92,QQQ,put,2026-09-30,mid,short,740.745,-1468188.6534153416,1468188.6534153416,-4.6905480293488315,0.905,0.0
706.0,2026,10,1,C,0.005867335501422448,0.9114902886134876,0,0.22124365271257432,36.62,39.08,QQQ,call,2026-10-01,mid,short,740.745,0.0,0.0,-4.6905480293488315,37.849999999999994,0.0
706.0,2026,10,1,P,0.005867335501422448,-0.0885097113865124,8,0.22166951752119132,1.11,1.16,QQQ,put,2026-10-01,mid,short,740.745,-25755.404009765505,25755.404009765505,-4.6905480293488315,1.135,0.0
706.0,2026,10,2,C,0.006095112507679671,0.8985466215278973,153,0.2400810010004151,37.35,37.9,QQQ,call,2026-10-02,mid,short,740.745,511694.34186901484,511694.34186901484,-4.6905480293488315,37.625,0.0
706.0,2026,10,2,P,0.006095112507679671,-0.10145337847210266,476,0.22517789177625883,1.4,1.45,QQQ,put,2026-10-02,mid,short,740.745,-1591937.9524813793,1591937.9524813793,-4.6905480293488315,1.4249999999999998,0.0
706.0,2026,10,9,C,0.006348319105230195,0.8599764477584886,235,0.21931201323475732,38.92,39.58,QQQ,call,2026-10-09,mid,short,740.745,818585.5397041439,818585.5397041439,-4.6905480293488315,39.25,0.0
706.0,2026,10,9,P,0.006348319105230195,-0.14002355224151147,136,0.2124791553793301,2.53,2.58,QQQ,put,2026-10-09,mid,short,740.745,-473734.61021175986,473734.61021175986,-4.6905480293488315,2.5549999999999997,0.0
706.0,2026,10,16,C,0.006230001860585461,0.8288319285745981,912,0.21860158027161458,40.92,41.37,QQQ,call,2026-10-16,mid,short,740.745,3117600.569163955,3117600.569163955,-4.6905480293488315,41.144999999999996,0.0
706.0,2026,10,16,P,0.006230001860585461,-0.1711680714254019,1929,0.20973234191517554,3.8,3.87,QQQ,put,2026-10-16,mid,short,740.745,-6594135.414382971,6594135.414382971,-4.6905480293488315,3.835,0.0
706.0,2026,10,23,C,0.0059780631179689675,0.8045096129252188,223,0.21459389556869773,42.62,43.24,QQQ,call,2026-10-23,mid,short,740.745,731480.6069103001,731480.6069103001,-4.6905480293488315,42.93,0.0
706.0,2026,10,23,P,0.0059780631179689675,-0.19549038707478114,202,0.20993762353519974,5.12,5.2,QQQ,put,2026-10-23,mid,short,740.745,-662596.7829411686,662596.7829411686,-4.6905480293488315,5.16,0.0
706.0,2026,10,30,C,0.005637102535912928,0.7806712623397568,193,0.2231881057385539,45.06,45.78,QQQ,call,2026-10-30,mid,short,740.745,596967.5177043865,596967.5177043865,-4.6905480293488315,45.42,0.0
706.0,2026,10,30,P,0.005637102535912928,-0.2193287376602432,180,0.21521947031972047,6.73,6.92,QQQ,put,2026-10-30,mid,short,740.745,-556757.2703978735,556757.2703978735,-4.6905480293488315,6.825,0.0
706.0,2026,11,30,C,0.004629279668668063,0.7365146636169475,30,0.22189609176914551,52.47,53.1,QQQ,call,2026-11-30,mid,short,740.745,76203.0107907376,76203.0107907376,-4.6905480293488315,52.785,0.0
706.0,2026,11,30,P,0.004629279668668063,-0.2634853363830525,66,0.216564093908153,11.76,11.94,QQQ,put,2026-11-30,mid,short,740.745,-167646.62373962268,167646.62373962268,-4.6905480293488315,11.85,0.0
707.0,2026,9,21,C,0.005161746635579606,0.943581793181342,9,0.0,32.55,36.01,QQQ,call,2026-09-21,mid,short,740.745,25490.39997943988,25490.39997943988,-4.555548805594369,34.28,0.0
707.0,2026,9,21,P,0.005161746635579606,-0.05641820681865798,2300,5.444394954659461,0.0,0.01,QQQ,put,2026-09-21,mid,short,740.745,-6514213.328079081,6514213.328079081,-4.555548805594369,0.005,0.0
707.0,2026,9,22,C,0.001313601032230579,0.9934386909259856,0,0.3710719492427018,33.86,35.29,QQQ,call,2026-09-22,mid,short,740.745,0.0,0.0,-4.555548805594369,34.575,13.0
707.0,2026,9,22,P,0.001313601032230579,-0.0065613090740144295,764,0.34524594046993945,0.02,0.04,QQQ,put,2026-09-22,mid,short,740.745,-550673.6515533678,550673.6515533678,-4.555548805594369,0.03,2402.0
707.0,2026,9,23,C,0.002192365518799993,0.9865106568563833,148,0.5901540245626669,33.89,36.19,QQQ,call,2026-09-23,mid,short,740.745,178037.7658157694,178037.7658157694,-4.555548805594369,35.04,0.0
707.0,2026,9,23,P,0.002192365518799993,-0.013489343143616703,436,0.28480037565136695,0.07,0.08,QQQ,put,2026-09-23,mid,short,740.745,-524489.6344302397,524489.6344302397,-4.555548805594369,0.07500000000000001,0.0
707.0,2026,9,24,C,0.0033997929065976242,0.9734040357835213,78,0.25559049720022486,34.11,36.34,QQQ,call,2026-09-24,mid,short,740.745,145507.21335397506,145507.21335397506,-4.555548805594369,35.225,0.0
707.0,2026,9,24,P,0.0033997929065976242,-0.02659596421647866,287,0.26586707408062515,0.17,0.2,QQQ,put,2026-09-24,mid,short,740.745,-535391.9260588571,535391.9260588571,-4.555548805594369,0.185,0.0
707.0,2026,9,25,C,0.004178681783562958,0.9619370815605339,485,0.29344504052262876,34.66,35.18,QQQ,call,2026-09-25,mid,short,740.745,1112035.1010659472,1112035.1010659472,-4.555548805594369,34.92,0.0
707.0,2026,9,25,P,0.004178681783562958,-0.038062918439466055,1804,0.25303480470808026,0.29,0.32,QQQ,put,2026-09-25,mid,short,740.745,-4136312.004789626,4136312.004789626,-4.555548805594369,0.305,0.0
707.0,2026,9,28,C,0.0049748653424279065,0.9459598132454615,15,0.18063216159099957,34.49,37.19,QQQ,call,2026-09-28,mid,short,740.745,40945.8646382208,40945.8646382208,-4.555548805594369,35.84,0.0
707.0,2026,9,28,P,0.0049748653424279065,-0.05404018675453847,75,0.213169105588717,0.49,0.53,QQQ,put,2026-09-28,mid,short,740.745,-204729.32319110393,204729.32319110393,-4.555548805594369,0.51,0.0
707.0,2026,9,29,C,0.005443627943602831,0.933730965337901,17,0.21054184293405442,34.99,37.54,QQQ,call,2026-09-29,mid,short,740.745,50777.909066431144,50777.909066431144,-4.555548805594369,36.265,0.0
707.0,2026,9,29,P,0.005443627943602831,-0.06626903466209903,40,0.21381495085498045,0.67,0.72,QQQ,put,2026-09-29,mid,short,740.745,-119477.43309748505,119477.43309748505,-4.555548805594369,0.6950000000000001,0.0
707.0,2026,9,30,C,0.005872786918669645,0.9191532730762348,305,0.21456697716531486,35.31,35.93,QQQ,call,2026-09-30,mid,short,740.745,982837.0968743926,982837.0968743926,-4.555548805594369,35.620000000000005,0.0
707.0,2026,9,30,P,0.005872786918669645,-0.08084672692376514,1325,0.21821777556717403,0.93,0.97,QQQ,put,2026-09-30,mid,short,740.745,-4269702.142159247,4269702.142159247,-4.555548805594369,0.95,0.0
707.0,2026,10,1,C,0.00613006655468295,0.9074288351975146,0,0.21891747719665808,35.67,38.11,QQQ,call,2026-10-01,mid,short,740.745,0.0,0.0,-4.555548805594369,36.89,0.0
707.0,2026,10,1,P,0.00613006655468295,-0.09257116480248544,4,0.21938368431021738,1.16,1.21,QQQ,put,2026-10-01,mid,short,740.745,-13454.347436271066,13454.347436271066,-4.555548805594369,1.185,0.0
707.0,2026,10,2,C,0.0063464058861515404,0.8941652577231194,515,0.23785199929202572,36.42,36.96,QQQ,call,2026-10-02,mid,short,740.745,1793380.8603922992,1793380.8603922992,-4.555548805594369,36.69,0.0
707.0,2026,10,2,P,0.0063464058861515404,-0.10583474227688057,673,0.22302193084842123,1.46,1.51,QQQ,put,2026-10-02,mid,short,740.745,-2343583.1437747916,2343583.1437747916,-4.555548805594369,1.4849999999999999,0.0
707.0,2026,10,9,C,0.0065508188735184485,0.8549149622906214,109,0.2179400794138966,38.03,40.43,QQQ,call,2026-10-09,mid,short,740.745,391795.5932447609,391795.5932447609,-4.555548805594369,39.230000000000004,0.0
707.0,2026,10,9,P,0.0065508188735184485,-0.14508503770937867,484,0.21106067276388932,2.63,2.67,QQQ,put,2026-10-09,mid,short,740.745,-1739716.2122060945,1739716.2122060945,-4.555548805594369,2.65,0.0
707.0,2026,10,16,C,0.006389183957864612,0.8235805019518717,1245,0.2172363454236476,40.05,40.56,QQQ,call,2026-10-16,mid,short,740.745,4364677.91766571,4364677.91766571,-4.555548805594369,40.305,0.0
707.0,2026,10,16,P,0.006389183957864612,-0.17641949804812831,1961,0.20838541857181647,3.92,4.0,QQQ,put,2026-10-16,mid,short,740.745,-6874805.940997957,6874805.940997957,-4.555548805594369,3.96,0.0
707.0,2026,10,23,C,0.0061049163989446015,0.799286391905207,274,0.2126055375319683,41.72,42.43,QQQ,call,2026-10-23,mid,short,740.745,917841.6076585454,917841.6076585454,-4.555548805594369,42.075,0.0
707.0,2026,10,23,P,0.0061049163989446015,-0.20071360809479297,195,0.20888172462795623,5.27,5.35,QQQ,put,2026-10-23,mid,short,740.745,-653208.443406629,653208.443406629,-4.555548805594369,5.31,0.0
707.0,2026,10,30,C,0.005734130107411,0.7754732821321567,305,0.22204353773226088,44.23,44.74,QQQ,call,2026-10-30,mid,short,740.745,959632.2607843786,959632.2607843786,-4.555548805594369,44.485,0.0
707.0,2026,10,30,P,0.005734130107411,-0.22452671786784326,1390,0.2146470909741456,6.93,7.09,QQQ,put,2026-10-30,mid,short,740.745,-4373406.040951759,4373406.040951759,-4.555548805594369,7.01,0.0
707.0,2026,11,30,C,0.004686238117690212,0.7323883666524562,35,0.22098703843565248,51.68,52.57,QQQ,call,2026-11-30,mid,short,740.745,89997.37741312629,89997.37741312629,-4.555548805594369,52.125,0.0
707.0,2026,11,30,P,0.004686238117690212,-0.2676116333475438,87,0.21539344688783513,11.93,12.16,QQQ,put,2026-11-30,mid,short,740.745,-223707.7667126282,223707.7667126282,-4.555548805594369,12.045,0.0
708.0,2026,9,21,C,0.005377142251540372,0.9423820269151408,8,0.0,31.55,35.01,QQQ,call,2026-09-21,mid,short,740.745,23603.639347507473,23603.639347507473,-4.4205495818399045,33.28,0.0
708.0,2026,9,21,P,0.005377142251540372,-0.05761797308485918,3098,5.294878292776871,0.0,0.01,QQQ,put,2026-09-21,mid,short,740.745,-9140509.33732227,9140509.33732227,-4.4205495818399045,0.005,0.0
708.0,2026,9,22,C,0.0013798641090620528,0.993273333103509,6,0.3718164031418947,32.87,34.75,QQQ,call,2026-09-22,mid,short,740.745,4542.814740888654,4542.814740888654,-4.4205495818399045,33.81,4.0
708.0,2026,9,22,P,0.0013798641090620528,-0.006726666896491006,613,0.33590039557538864,0.02,0.04,QQQ,put,2026-09-22,mid,short,740.745,-464124.2393607909,464124.2393607909,-4.4205495818399045,0.03,1438.0
708.0,2026,9,23,C,0.002298215722579259,0.9861839922628071,194,0.5770869387987241,32.89,35.18,QQQ,call,2026-09-23,mid,short,740.745,244641.41427401613,244641.41427401613,-4.4205495818399045,34.035,0.0
708.0,2026,9,23,P,0.002298215722579259,-0.013816007737192932,1229,0.27733554483874867,0.07,0.08,QQQ,put,2026-09-23,mid,short,740.745,-1549815.969808071,1549815.969808071,-4.4205495818399045,0.07500000000000001,0.0
708.0,2026,9,24,C,0.0036381725563972263,0.9717257927851423,56,0.494421347400417,31.48,35.6,QQQ,call,2026-09-24,mid,short,740.745,111791.49857234956,111791.49857234956,-4.4205495818399045,33.54,0.0
708.0,2026,9,24,P,0.0036381725563972263,-0.028274207214857728,287,0.261581906550593,0.18,0.21,QQQ,put,2026-09-24,mid,short,740.745,-572931.4301832916,572931.4301832916,-4.4205495818399045,0.195,0.0
708.0,2026,9,25,C,0.004468671900636705,0.9593173390502255,505,0.2885601727818527,33.68,34.38,QQQ,call,2026-09-25,mid,short,740.745,1238247.0571787164,1238247.0571787164,-4.4205495818399045,34.03,0.0
708.0,2026,9,25,P,0.004468671900636705,-0.04068266094977447,1765,0.24987918598212963,0.31,0.34,QQQ,put,2026-09-25,mid,short,740.745,-4327734.764198881,4327734.764198881,-4.4205495818399045,0.325,0.0
708.0,2026,9,28,C,0.005274571963280954,0.9426649534403704,56,0.18027316630499762,33.52,36.22,QQQ,call,2026-09-28,mid,short,740.745,162073.75954888537,162073.75954888537,-4.4205495818399045,34.870000000000005,0.0
708.0,2026,9,28,P,0.005274571963280954,-0.05733504655962965,158,0.21073282325771678,0.52,0.56,QQQ,put,2026-09-28,mid,short,740.745,-457279.5358700695,457279.5358700695,-4.4205495818399045,0.54,0.0
708.0,2026,9,29,C,0.00573555728964385,0.930190979447165,13,0.20702149936473876,34.01,36.48,QQQ,call,2026-09-29,mid,short,740.745,40912.53894850484,40912.53894850484,-4.4205495818399045,35.245,0.0
708.0,2026,9,29,P,0.00573555728964385,-0.06980902055283496,192,0.21164741911465165,0.71,0.75,QQQ,put,2026-09-29,mid,short,740.745,-604246.7290856099,604246.7290856099,-4.4205495818399045,0.73,0.0
708.0,2026,9,30,C,0.006164844750448626,0.9148874920172183,526,0.2136918581477161,34.38,36.65,QQQ,call,2026-09-30,mid,short,740.745,1779284.296290307,1779284.296290307,-4.4205495818399045,35.515,0.0
708.0,2026,9,30,P,0.006164844750448626,-0.08511250798278165,454,0.21611050098072437,0.98,1.02,QQQ,put,2026-09-30,mid,short,740.745,-1535732.0732239536,1535732.0732239536,-4.4205495818399045,1.0,0.0
708.0,2026,10,1,C,0.006411717893815917,0.902807358610417,0,0.21742297346961725,34.74,37.29,QQQ,call,2026-10-01,mid,short,740.745,0.0,0.0,-4.4205495818399045,36.015,0.0
708.0,2026,10,1,P,0.006411717893815917,-0.09719264138958292,7,0.21744526024127137,1.22,1.27,QQQ,put,2026-10-01,mid,short,740.745,-24626.908862269294,24626.908862269294,-4.4205495818399045,1.245,0.0
708.0,2026,10,2,C,0.006612046836981233,0.889280386159385,325,0.235118778211197,35.48,36.04,QQQ,call,2026-10-02,mid,short,740.745,1179116.5622030192,1179116.5622030192,-4.4205495818399045,35.76,0.0
708.0,2026,10,2,P,0.006612046836981233,-0.11071961384061502,258,0.22115311316824537,1.53,1.58,QQQ,put,2026-10-02,mid,short,740.745,-936037.1478411661,936037.1478411661,-4.4205495818399045,1.5550000000000002,0.0
708.0,2026,10,9,C,0.006758880580356012,0.8494900136239665,90,0.21595244962560797,37.12,37.78,QQQ,call,2026-10-09,mid,short,740.745,333775.71889906924,333775.71889906924,-4.4205495818399045,37.45,0.0
708.0,2026,10,9,P,0.006758880580356012,-0.15050998637603347,225,0.20953318701711274,2.73,2.78,QQQ,put,2026-10-09,mid,short,740.745,-834439.2972476732,834439.2972476732,-4.4205495818399045,2.755,0.0
708.0,2026,10,16,C,0.006550384386012887,0.8180519614823465,1414,0.2156024247014917,39.17,39.86,QQQ,call,2026-10-16,mid,short,740.745,5082222.243033721,5082222.243033721,-4.4205495818399045,39.515,0.0
708.0,2026,10,16,P,0.006550384386012887,-0.18194803851765354,2743,0.20734966761714413,4.06,4.13,QQQ,put,2026-10-16,mid,short,740.745,-9858936.07683274,9858936.07683274,-4.4205495818399045,4.095,0.0
708.0,2026,10,23,C,0.006234032460952014,0.7940084276833126,350,0.21200056800428746,40.91,41.53,QQQ,call,2026-10-23,mid,short,740.745,1197221.6479484222,1197221.6479484222,-4.4205495818399045,41.22,0.0
708.0,2026,10,23,P,0.006234032460952014,-0.20599157231668744,516,0.20775483847850082,5.42,5.5,QQQ,put,2026-10-23,mid,short,740.745,-1765046.7724039599,1765046.7724039599,-4.4205495818399045,5.46,0.0
708.0,2026,10,30,C,0.005833359469878841,0.7702998414483185,361,0.22097957454047304,43.41,44.13,QQQ,call,2026-10-30,mid,short,740.745,1155482.5711318108,1155482.5711318108,-4.4205495818399045,43.769999999999996,0.0
708.0,2026,10,30,P,0.005833359469878841,-0.22970015855168144,1203,0.21373236557891648,7.11,7.27,QQQ,put,2026-10-30,mid,short,740.745,-3850541.6428575306,3850541.6428575306,-4.4205495818399045,7.1899999999999995,0.0
708.0,2026,11,30,C,0.0047362364977203905,0.7278234659105258,66,0.22023066476236675,50.91,51.79,QQQ,call,2026-11-30,mid,short,740.745,171520.0020100865,171520.0020100865,-4.4205495818399045,51.349999999999994,0.0
708.0,2026,11,30,P,0.0047362364977203905,-0.2721765340894742,84,0.2150315505676741,12.19,12.4,QQQ,put,2026-11-30,mid,short,740.745,-218298.18437647374,218298.18437647374,-4.4205495818399045,12.295,0.0
709.0,2026,9,21,C,0.005639266959082443,0.9403928330753741,16,0.0,30.57,34.01,QQQ,call,2026-09-21,mid,short,740.745,49508.53715962839,49508.53715962839,-4.285550358085442,32.29,0.0
709.0,2026,9,21,P,0.005639266959082443,-0.05960716692462586,2913,5.145210827772864,0.0,0.01,QQQ,put,2026-09-21,mid,short,740.745,-9013648.046624843,9013648.046624843,-4.285550358085442,0.005,0.0
709.0,2026,9,22,C,0.001451526729880185,0.9930988587467006,90,0.36155170328589514,31.87,33.75,QQQ,call,2026-09-22,mid,short,740.745,71681.15666595405,71681.15666595405,-4.285550358085442,32.81,2.0
709.0,2026,9,22,P,0.001451526729880185,-0.0069011412532993845,842,0.3265433913527739,0.02,0.04,QQQ,put,2026-09-22,mid,short,740.745,-670617.0434748147,670617.0434748147,-4.285550358085442,0.03,1244.0
709.0,2026,9,23,C,0.002495006607466919,0.9851192690310077,155,0.5648064336464489,31.9,34.18,QQQ,call,2026-09-23,mid,short,740.745,212197.78958542462,212197.78958542462,-4.285550358085442,33.04,0.0
709.0,2026,9,23,P,0.002495006607466919,-0.014880730968992364,819,0.26985788673567335,0.07,0.09,QQQ,put,2026-09-23,mid,short,740.745,-1121225.7398094374,1121225.7398094374,-4.285550358085442,0.08,0.0
709.0,2026,9,24,C,0.003931459386519431,0.9694605979253896,70,0.2451051923956877,32.12,34.68,QQQ,call,2026-09-24,mid,short,740.745,151004.29184651043,151004.29184651043,-4.285550358085442,33.4,0.0
709.0,2026,9,24,P,0.003931459386519431,-0.03053940207461033,277,0.25936163502823445,0.2,0.22,QQQ,put,2026-09-24,mid,short,740.745,-597545.554878334,597545.554878334,-4.285550358085442,0.21000000000000002,0.0
709.0,2026,9,25,C,0.004772881905025301,0.9566264346959666,507,0.2835566856980071,32.7,33.22,QQQ,call,2026-09-25,mid,short,740.745,1327779.9474435016,1327779.9474435016,-4.285550358085442,32.96,0.0
709.0,2026,9,25,P,0.004772881905025301,-0.04337356530403334,1506,0.246486140756372,0.33,0.36,QQQ,put,2026-09-25,mid,short,740.745,-3944056.411932768,3944056.411932768,-4.285550358085442,0.345,0.0
709.0,2026,9,28,C,0.005587543337667304,0.9392887168613461,109,0.18307955288964134,32.58,35.26,QQQ,call,2026-09-28,mid,short,740.745,334183.38974564965,334183.38974564965,-4.285550358085442,33.92,0.0
709.0,2026,9,28,P,0.005587543337667304,-0.060711283138653975,149,0.20811660201713658,0.55,0.59,QQQ,put,2026-09-28,mid,short,740.745,-456819.4960743284,456819.4960743284,-4.285550358085442,0.5700000000000001,0.0
709.0,2026,9,29,C,0.006050305106997823,0.926254872439402,50,0.20619042303508645,33.07,35.52,QQQ,call,2026-09-29,mid,short,740.745,165991.0750536788,165991.0750536788,-4.285550358085442,34.295,0.0
709.0,2026,9,29,P,0.006050305106997823,-0.07374512756059802,49,0.2093002839581319,0.75,0.79,QQQ,put,2026-09-29,mid,short,740.745,-162671.2535526052,162671.2535526052,-4.285550358085442,0.77,0.0
709.0,2026,9,30,C,0.006467648810115248,0.9105336540193237,367,0.2109091726686726,33.42,35.71,QQQ,call,2026-09-30,mid,short,740.745,1302416.68592734,1302416.68592734,-4.285550358085442,34.565,0.0
709.0,2026,9,30,P,0.006467648810115248,-0.08946634598067625,1546,0.21383895019153265,1.03,1.07,QQQ,put,2026-09-30,mid,short,740.745,-5486474.649710267,5486474.649710267,-4.285550358085442,1.05,0.0
709.0,2026,10,1,C,0.00670285774198113,0.8980984547652591,0,0.21481212690375132,33.79,36.35,QQQ,call,2026-10-01,mid,short,740.745,0.0,0.0,-4.285550358085442,35.07,0.0
709.0,2026,10,1,P,0.00670285774198113,-0.1019015452347409,4,0.2153475974191105,1.28,1.33,QQQ,put,2026-10-01,mid,short,740.745,-14711.516762835174,14711.516762835174,-4.285550358085442,1.3050000000000002,0.0
709.0,2026,10,2,C,0.006883655270831689,0.8845131965831174,490,0.2330264118299756,34.56,35.1,QQQ,call,2026-10-02,mid,short,740.745,1850770.8489528112,1850770.8489528112,-4.285550358085442,34.83,0.0
709.0,2026,10,2,P,0.006883655270831689,-0.11548680341688257,1063,0.21873362870518998,1.59,1.65,QQQ,put,2026-10-02,mid,short,740.745,-4015039.617218037,4015039.617218037,-4.285550358085442,1.62,0.0
709.0,2026,10,9,C,0.0069720262861512556,0.8439893795852361,169,0.21437527512685414,36.23,38.65,QQQ,call,2026-10-09,mid,short,740.745,646521.8066017042,646521.8066017042,-4.285550358085442,37.44,0.0
709.0,2026,10,9,P,0.0069720262861512556,-0.15601062041476388,850,0.2081546851371408,2.84,2.88,QQQ,put,2026-10-09,mid,short,740.745,-3251736.897109164,3251736.897109164,-4.285550358085442,2.86,0.0
709.0,2026,10,16,C,0.006714783375841413,0.8124600706026852,1385,0.21427134518800314,38.31,38.99,QQQ,call,2026-10-16,mid,short,740.745,5102925.610732541,5102925.610732541,-4.285550358085442,38.650000000000006,0.0
709.0,2026,10,16,P,0.006714783375841413,-0.18753992939731481,1779,0.20622035210729175,4.2,4.26,QQQ,put,2026-10-16,mid,short,740.745,-6554588.20324418,6554588.20324418,-4.285550358085442,4.23,0.0
709.0,2026,10,23,C,0.006363617638789732,0.788508512993884,324,0.21099882500925596,40.08,40.69,QQQ,call,2026-10-23,mid,short,740.745,1131322.8125516402,1131322.8125516402,-4.285550358085442,40.385,0.0
709.0,2026,10,23,P,0.006363617638789732,-0.211491487006116,115,0.20671610791760825,5.58,5.66,QQQ,put,2026-10-23,mid,short,740.745,-401549.76371431665,401549.76371431665,-4.285550358085442,5.62,0.0
709.0,2026,10,30,C,0.005936037846686159,0.7652065877439724,258,0.2198593910219949,42.59,43.07,QQQ,call,2026-10-30,mid,short,740.745,840337.6552647217,840337.6552647217,-4.285550358085442,42.83,0.0
709.0,2026,10,30,P,0.005936037846686159,-0.2347934122560276,251,0.2126218311954476,7.28,7.44,QQQ,put,2026-10-30,mid,short,740.745,-817537.7964009502,817537.7964009502,-4.285550358085442,7.36,0.0
709.0,2026,11,30,C,0.004790934476966143,0.7234522071026964,22,0.21953136712668025,50.15,50.77,QQQ,call,2026-11-30,mid,short,740.745,57833.618986646165,57833.618986646165,-4.285550358085442,50.46,0.0
709.0,2026,11,30,P,0.004790934476966143,-0.2765477928973036,87,0.21435147981788513,12.42,12.61,QQQ,put,2026-11-30,mid,short,740.745,-228705.67508355525,228705.67508355525,-4.285550358085442,12.515,0.0
710.0,2026,9,21,C,0.005887181054897012,0.9390573325670415,72,0.0,29.57,33.01,QQQ,call,2026-09-21,mid,short,740.745,232582.6669698287,232582.6669698287,-4.150551134330978,31.29,0.0
710.0,2026,9,21,P,0.005887181054897012,-0.06094266743295849,13788,4.995378907049435,0.0,0.01,QQQ,put,2026-09-21,mid,short,740.745,-44539580.7247222,44539580.7247222,-4.150551134330978,0.005,0.0
710.0,2026,9,22,C,0.0015292129129916355,0.9929144608674674,436,0.35127466613076586,30.87,32.76,QQQ,call,2026-09-22,mid,short,740.745,365840.60222767777,365840.60222767777,-4.150551134330978,31.814999999999998,30.0
710.0,2026,9,22,P,0.0015292129129916355,-0.00708553913253261,1447,0.3171739914182178,0.02,0.04,QQQ,put,2026-09-22,mid,short,740.745,-1214154.4757418574,1214154.4757418574,-4.150551134330978,0.03,3762.0
710.0,2026,9,23,C,0.0027850324094763103,0.9833014472370443,892,0.5532806634582595,30.89,33.19,QQQ,call,2026-09-23,mid,short,740.745,1363115.2143744638,1363115.2143744638,-4.150551134330978,32.04,0.0
710.0,2026,9,23,P,0.0027850324094763103,-0.016698552762955777,3125,0.26732210671042805,0.08,0.1,QQQ,put,2026-09-23,mid,short,740.745,-4775487.718520404,4775487.718520404,-4.150551134330978,0.09,0.0
710.0,2026,9,24,C,0.0042788249316932665,0.9666077194805082,482,0.47442435894153145,29.51,33.61,QQQ,call,2026-09-24,mid,short,740.745,1131641.8845931077,1131641.8845931077,-4.150551134330978,31.560000000000002,0.0
710.0,2026,9,24,P,0.0042788249316932665,-0.03339228051949184,1512,0.25668196276752564,0.22,0.24,QQQ,put,2026-09-24,mid,short,740.745,-3549880.766607425,3549880.766607425,-4.150551134330978,0.22999999999999998,0.0
710.0,2026,9,25,C,0.005093034785198077,0.9538566065450084,2447,0.2794048661493954,31.73,32.25,QQQ,call,2026-09-25,mid,short,740.745,6838298.732695261,6838298.732695261,-4.150551134330978,31.990000000000002,0.0
710.0,2026,9,25,P,0.005093034785198077,-0.04614339345499167,6678,0.2428719200130411,0.35,0.38,QQQ,put,2026-09-25,mid,short,740.745,-18662100.096828345,18662100.096828345,-4.150551134330978,0.365,0.0
710.0,2026,9,28,C,0.005915303359793009,0.9358225382872377,233,0.1782470505687713,31.58,34.3,QQQ,call,2026-09-28,mid,short,740.745,756258.7286324789,756258.7286324789,-4.150551134330978,32.94,0.0
710.0,2026,9,28,P,0.005915303359793009,-0.06417746171276233,824,0.20533076594751473,0.58,0.62,QQQ,put,2026-09-28,mid,short,740.745,-2674494.387953487,2674494.387953487,-4.150551134330978,0.6,0.0
710.0,2026,9,29,C,0.006387653144018434,0.9219212306725799,564,0.20374553447723526,32.11,34.57,QQQ,call,2026-09-29,mid,short,740.745,1976777.9443971473,1976777.9443971473,-4.150551134330978,33.34,0.0
710.0,2026,9,29,P,0.006387653144018434,-0.07807876932742004,400,0.2067834138072049,0.79,0.84,QQQ,put,2026-09-29,mid,short,740.745,-1401970.1733313105,1401970.1733313105,-4.150551134330978,0.815,0.0
710.0,2026,9,30,C,0.006782384454485535,0.9060825476270948,10726,0.2090646389923026,32.48,34.77,QQQ,call,2026-09-30,mid,short,740.745,39916977.92129336,39916977.92129336,-4.150551134330978,33.625,0.0
710.0,2026,9,30,P,0.006782384454485535,-0.09391745237290515,7162,0.2114107913442994,1.08,1.12,QQQ,put,2026-09-30,mid,short,740.745,-26653495.79268162,26653495.79268162,-4.150551134330978,1.1,0.0
710.0,2026,10,1,C,0.00700816345423968,0.8930630246945497,24,0.21342546934626183,32.87,35.31,QQQ,call,2026-10-01,mid,short,740.745,92289.63355853315,92289.63355853315,-4.150551134330978,34.09,0.0
710.0,2026,10,1,P,0.00700816345423968,-0.10693697530545035,420,0.2130976901686353,1.34,1.4,QQQ,put,2026-10-01,mid,short,740.745,-1615068.5872743302,1615068.5872743302,-4.150551134330978,1.37,0.0
710.0,2026,10,2,C,0.007173510279512626,0.8788366441556849,1661,0.23079666339050928,33.64,34.18,QQQ,call,2026-10-02,mid,short,740.745,6537908.147857899,6537908.147857899,-4.150551134330978,33.91,0.0
710.0,2026,10,2,P,0.007173510279512626,-0.12116335584431513,4012,0.2173640817738013,1.68,1.73,QQQ,put,2026-10-02,mid,short,740.745,-15791744.424567068,15791744.424567068,-4.150551134330978,1.705,0.0
710.0,2026,10,5,C,0.007202175753826267,0.868833166883386,0,0.1497767537872745,32.46,36.23,QQQ,call,2026-10-05,mid,short,740.745,0.0,0.0,-4.150551134330978,34.345,0.0
710.0,2026,10,5,P,0.007202175753826267,-0.131166833116614,0,0.20274688686954556,1.95,2.01,QQQ,put,2026-10-05,mid,short,740.745,-0.0,0.0,-4.150551134330978,1.98,0.0
710.0,2026,10,9,C,0.007190447728069005,0.8382674633791938,1030,0.212935730303961,35.35,35.92,QQQ,call,2026-10-09,mid,short,740.745,4063783.9950668206,4063783.9950668206,-4.150551134330978,35.635000000000005,0.0
710.0,2026,10,9,P,0.007190447728069005,-0.16173253662080625,3212,0.20666146127509252,2.95,2.99,QQQ,put,2026-10-09,mid,short,740.745,-12672693.390441388,12672693.390441388,-4.150551134330978,2.97,0.0
710.0,2026,10,16,C,0.006881733075516207,0.806697049318835,5924,0.21138499927965052,37.37,37.89,QQQ,call,2026-10-16,mid,short,740.745,22369193.726010084,22369193.726010084,-4.150551134330978,37.629999999999995,0.0
710.0,2026,10,16,P,0.006881733075516207,-0.19330295068116493,9561,0.20499982521894952,4.34,4.4,QQQ,put,2026-10-16,mid,short,740.745,-36102609.928153686,36102609.928153686,-4.150551134330978,4.37,0.0
710.0,2026,10,23,C,0.006496561606865553,0.7830309554950686,533,0.2090004835488373,39.19,39.88,QQQ,call,2026-10-23,mid,short,740.745,1899976.492317253,1899976.492317253,-4.150551134330978,39.535,0.0
710.0,2026,10,23,P,0.006496561606865553,-0.21696904450493137,270,0.20544860390445568,5.73,5.82,QQQ,put,2026-10-23,mid,short,740.745,-962464.6396353814,962464.6396353814,-4.150551134330978,5.775,0.0
710.0,2026,10,30,C,0.0060363607111961716,0.759811475553285,914,0.21750129477297547,41.68,42.27,QQQ,call,2026-10-30,mid,short,740.745,3027323.532731495,3027323.532731495,-4.150551134330978,41.975,0.0
710.0,2026,10,30,P,0.0060363607111961716,-0.24018852444671504,12741,0.21172066202738138,7.47,7.63,QQQ,put,2026-10-30,mid,short,740.745,-42200360.099050306,42200360.099050306,-4.150551134330978,7.55,0.0
710.0,2026,11,20,C,0.005090519297805423,0.7249532771671081,3044,0.22211070712639946,47.42,48.02,QQQ,call,2026-11-20,mid,short,740.745,8502452.094238995,8502452.094238995,-4.150551134330978,47.72,0.0
710.0,2026,11,20,P,0.005090519297805423,-0.27504672283289194,8831,0.21744672722650693,11.55,11.7,QQQ,put,2026-11-20,mid,short,740.745,-24666607.898891117,24666607.898891117,-4.150551134330978,11.625,0.0
710.0,2026,11,30,C,0.0048447825529067635,0.7189790346726019,338,0.2186146506843962,49.37,50.12,QQQ,call,2026-11-30,mid,short,740.745,898521.445600225,898521.445600225,-4.150551134330978,49.745,0.0
710.0,2026,11,30,P,0.0048447825529067635,-0.2810209653273981,124,0.21363485096039078,12.65,12.84,QQQ,put,2026-11-30,mid,short,740.745,-329635.0865515619,329635.0865515619,-4.150551134330978,12.745000000000001,0.0
710.0,2026,12,18,C,0.004318235338295586,0.7038982338274429,5643,0.22403428431526584,53.93,54.75,QQQ,call,2026-12-18,mid,short,740.745,13370689.846107442,13370689.846107442,-4.150551134330978,54.34,0.0
710.0,2026,12,18,P,0.004318235338295586,-0.29610176617255707,15974,0.21928984538288016,15.77,15.95,QQQ,put,2026-12-18,mid,short,740.745,-37849264.505000934,37849264.505000934,-4.150551134330978,15.86,0.0
710.0,2026,12,31,C,0.0040752083079368855,0.6988389804823254,2011,0.21879111966767784,55.9,56.86,QQQ,call,2026-12-31,mid,short,740.745,4496756.188113562,4496756.188113562,-4.150551134330978,56.379999999999995,0.0
710.0,2026,12,31,P,0.0040752083079368855,-0.3011610195176746,1821,0.21859582345163014,17.31,17.5,QQQ,put,2026-12-31,mid,short,740.745,-4071901.0534832403,4071901.0534832403,-4.150551134330978,17.405,0.0
710.0,2027,1,15,C,0.003808892120264014,0.69321150802482,1728,0.2242480086378135,59.59,60.36,QQQ,call,2027-01-15,mid,short,740.745,3611435.541474919,3611435.541474919,-4.150551134330978,59.975,0.0
710.0,2027,1,15,P,0.003808892120264014,-0.30678849197517993,3420,0.21979975861992043,19.22,19.5,QQQ,put,2027-01-15,mid,short,740.745,-7147632.842502444,7147632.842502444,-4.150551134330978,19.36,0.0
710.0,2027,2,19,C,0.0033483940600750354,0.6856108946249159,502,0.2254682748618072,66.18,67.19,QQQ,call,2027-02-19,mid,short,740.745,922311.741285131,922311.741285131,-4.150551134330978,66.685,0.0
710.0,2027,2,19,P,0.0033483940600750354,-0.31438910537508413,587,0.22151313840881723,23.11,23.43,QQQ,put,2027-02-19,mid,short,740.745,-1078480.0640126928,1078480.0640126928,-4.150551134330978,23.27,0.0
710.0,2027,3,19,C,0.0030497326267557726,0.6813248224364841,2893,0.23014655507024456,71.78,74.37,QQQ,call,2027-03-19,mid,short,740.745,4841140.166022377,4841140.166022377,-4.150551134330978,73.075,0.0
710.0,2027,3,19,P,0.0030497326267557726,-0.318675177563516,1702,0.22473627274897184,26.24,26.58,QQQ,put,2027-03-19,mid,short,740.745,-2848123.2501106416,2848123.2501106416,-4.150551134330978,26.409999999999997,0.0
710.0,2027,3,31,C,0.002950722883879654,0.6804754032765804,308,0.22411642412947066,72.6,76.17,QQQ,call,2027-03-31,mid,short,740.745,498673.8544446838,498673.8544446838,-4.150551134330978,74.38499999999999,0.0
710.0,2027,3,31,P,0.002950722883879654,-0.3195245967234196,507,0.2151589060563166,25.44,29.59,QQQ,put,2027-03-31,mid,short,740.745,-820868.9746865411,820868.9746865411,-4.150551134330978,27.515,0.0
710.0,2027,6,17,C,0.0024067941519705484,0.6762969808108388,3396,0.2403240923251629,87.95,90.4,QQQ,call,2027-06-17,mid,short,740.745,4484810.389739933,4484810.389739933,-4.150551134330978,89.17500000000001,0.0
710.0,2027,6,17,P,0.0024067941519705484,-0.3237030191891612,6279,0.23232088970842518,34.75,35.87,QQQ,put,2027-06-17,mid,short,740.745,-8292145.005058021,8292145.005058021,-4.150551134330978,35.31,0.0
710.0,2027,6,30,C,0.0023290739964185302,0.6757652453406046,145,0.23674076819426057,89.01,92.45,QQQ,call,2027-06-30,mid,short,740.745,185305.6862676223,185305.6862676223,-4.150551134330978,90.73,0.0
710.0,2027,6,30,P,0.0023290739964185302,-0.32423475465939544,186,0.23092799801810163,35.3,38.19,QQQ,put,2027-06-30,mid,short,740.745,-237702.46652260516,237702.46652260516,-4.150551134330978,36.745,0.0
710.0,2027,9,17,C,0.0020266639577290173,0.6781783997708364,771,0.24342241792419325,101.57,105.28,QQQ,call,2027-09-17,mid,short,740.745,857380.4558994324,857380.4558994324,-4.150551134330978,103.425,0.0
710.0,2027,9,17,P,0.0020266639577290173,-0.3218216002291637,2053,0.23632270975025274,41.41,43.4,QQQ,put,2027-09-17,mid,short,740.745,-2283011.7716751425,2283011.7716751425,-4.150551134330978,42.405,0.0
710.0,2027,12,17,C,0.001770495365029148,0.6822803130391606,990,0.24567863471373405,113.82,118.5,QQQ,call,2027-12-17,mid,short,740.745,961761.6288211461,961761.6288211461,-4.150551134330978,116.16,0.0
710.0,2027,12,17,P,0.001770495365029148,-0.31771968696083946,2367,0.23914302077556945,46.84,49.86,QQQ,put,2027-12-17,mid,short,740.745,-2299484.621636013,2299484.621636013,-4.150551134330978,48.35,0.0
710.0,2028,1,21,C,0.0017053976522328292,0.6847761229357849,343,0.24480279686410145,117.79,122.0,QQQ,call,2028-01-21,mid,short,740.745,320964.67581686674,320964.67581686674,-4.150551134330978,119.89500000000001,0.0
710.0,2028,1,21,P,0.0017053976522328292,-0.315223877064215,845,0.23610030263677814,47.5,52.0,QQQ,put,2028-01-21,mid,short,740.745,-790714.726137762,790714.726137762,-4.150551134330978,49.75,0.0
710.0,2028,6,16,C,0.0014515471855248453,0.6935392241253783,487,0.25091103683591875,136.5,141.5,QQQ,call,2028-06-16,mid,short,740.745,387880.169417824,387880.169417824,-4.150551134330978,139.0,0.0
710.0,2028,6,16,P,0.0014515471855248453,-0.3064607758746217,175,0.24039957373772272,54.5,59.5,QQQ,put,2028-06-16,mid,short,740.745,-139381.9910638998,139381.9910638998,-4.150551134330978,57.0,0.0
710.0,2028,12,15,C,0.0012374437896954847,0.7048379441661085,238,0.2551191164517506,157.0,162.0,QQQ,call,2028-12-15,mid,short,740.745,161599.4561541372,161599.4561541372,-4.150551134330978,159.5,0.0
710.0,2028,12,15,P,0.0012374437896954847,-0.29516205583389155,1794,0.24591503694397948,62.0,66.5,QQQ,put,2028-12-15,mid,short,740.745,-1218106.824960177,1218106.824960177,-4.150551134330978,64.25,0.0
710.0,2029,1,19,C,0.0012068402464859142,0.7071192645695187,5,0.2552142925682618,160.5,165.0,QQQ,call,2029-01-19,mid,short,740.745,3310.9852542898484,3310.9852542898484,-4.150551134330978,162.75,0.0
710.0,2029,1,19,P,0.0012068402464859142,-0.2928807354304813,4,0.24613203049062174,63.0,67.5,QQQ,put,2029-01-19,mid,short,740.745,-2648.788203431879,2648.788203431879,-4.150551134330978,65.25,0.0
711.0,2026,9,21,C,0.006169891140349445,0.9372753887442214,12,0.0,28.58,32.01,QQQ,call,2026-09-21,mid,short,740.745,40625.264818446434,40625.264818446434,-4.015551910576515,30.294999999999998,0.0
711.0,2026,9,21,P,0.006169891140349445,-0.06272461125577859,3054,4.845367913774584,0.0,0.01,QQQ,put,2026-09-21,mid,short,740.745,-10339129.896294616,10339129.896294616,-4.015551910576515,0.005,0.0
711.0,2026,9,22,C,0.0016136416824869117,0.9927192322131304,185,0.34972518313241135,29.88,31.28,QQQ,call,2026-09-22,mid,short,740.745,163800.90221817727,163800.90221817727,-4.015551910576515,30.58,25.0
711.0,2026,9,22,P,0.0016136416824869117,-0.007280767786869602,605,0.307791192661403,0.02,0.04,QQQ,put,2026-09-22,mid,short,740.745,-535673.2207675527,535673.2207675527,-4.015551910576515,0.03,1657.0
711.0,2026,9,23,C,0.0030885895628683783,0.9814389254687865,249,0.5416827340254181,29.9,32.2,QQQ,call,2026-09-23,mid,short,740.745,421984.990593068,421984.990593068,-4.015551910576515,31.05,0.0
711.0,2026,9,23,P,0.0030885895628683783,-0.018561074531213424,421,0.2641684079138337,0.09,0.11,QQQ,put,2026-09-23,mid,short,740.745,-713476.6306814523,713476.6306814523,-4.015551910576515,0.1,0.0
711.0,2026,9,24,C,0.004604145496526016,0.9642056564542959,67,0.46032418620019644,28.53,32.55,QQQ,call,2026-09-24,mid,short,740.745,169262.713729244,169262.713729244,-4.015551910576515,30.54,0.0
711.0,2026,9,24,P,0.004604145496526016,-0.03579434354570406,372,0.25165881943583224,0.23,0.26,QQQ,put,2026-09-24,mid,short,740.745,-939787.0075713248,939787.0075713248,-4.015551910576515,0.245,0.0
711.0,2026,9,25,C,0.005478932774976262,0.9501322087172586,1768,0.27507133687954705,30.76,31.46,QQQ,call,2026-09-25,mid,short,740.745,5315152.013245257,5315152.013245257,-4.015551910576515,31.11,0.0
711.0,2026,9,25,P,0.005478932774976262,-0.049867791282741415,1464,0.24033925697675068,0.38,0.41,QQQ,put,2026-09-25,mid,short,740.745,-4401234.472506253,4401234.472506253,-4.015551910576515,0.395,0.0
711.0,2026,9,28,C,0.006286349342668153,0.9315596326658699,35,0.17880628268146564,30.63,33.31,QQQ,call,2026-09-28,mid,short,740.745,120726.89012689725,120726.89012689725,-4.015551910576515,31.97,0.0
711.0,2026,9,28,P,0.006286349342668153,-0.06844036733413005,81,0.20313773622707532,0.62,0.66,QQQ,put,2026-09-28,mid,short,740.745,-279396.51715081936,279396.51715081936,-4.015551910576515,0.64,0.0
711.0,2026,9,29,C,0.006738695088091023,0.9174893145119293,40,0.20175924016076593,31.16,33.62,QQQ,call,2026-09-29,mid,short,740.745,147901.73022348058,147901.73022348058,-4.015551910576515,32.39,0.0
711.0,2026,9,29,P,0.006738695088091023,-0.08251068548807074,49,0.20471280750919119,0.84,0.88,QQQ,put,2026-09-29,mid,short,740.745,-181179.61952376374,181179.61952376374,-4.015551910576515,0.86,0.0
711.0,2026,9,30,C,0.007115523074514425,0.9012672001298297,427,0.20702664411641977,31.54,33.83,QQQ,call,2026-09-30,mid,short,740.745,1667140.3531929608,1667140.3531929608,-4.015551910576515,32.685,0.0
711.0,2026,9,30,P,0.007115523074514425,-0.09873279987017022,1986,0.2088325488564348,1.13,1.18,QQQ,put,2026-09-30,mid,short,740.745,-7753959.581829557,7753959.581829557,-4.015551910576515,1.1549999999999998,0.0
711.0,2026,10,1,C,0.007330675995651983,0.8874736407740077,1,0.2114024281360957,31.94,34.49,QQQ,call,2026-10-01,mid,short,740.745,4022.365047280277,4022.365047280277,-4.015551910576515,33.215,0.0
711.0,2026,10,1,P,0.007330675995651983,-0.11252635922599231,15,0.21156376993469309,1.42,1.47,QQQ,put,2026-10-01,mid,short,740.745,-60335.47570920415,60335.47570920415,-4.015551910576515,1.4449999999999998,0.0
711.0,2026,10,2,C,0.00746977388874572,0.8732702058076856,573,0.22843356538861542,32.72,33.39,QQQ,call,2026-10-02,mid,short,740.745,2348548.510544774,2348548.510544774,-4.015551910576515,33.055,0.0
711.0,2026,10,2,P,0.00746977388874572,-0.12672979419231442,472,0.21543100465211643,1.76,1.81,QQQ,put,2026-10-02,mid,short,740.745,-1934580.972036882,1934580.972036882,-4.015551910576515,1.7850000000000001,0.0
711.0,2026,10,9,C,0.007413555286514068,0.8321880346430376,173,0.2113837226497545,34.47,36.74,QQQ,call,2026-10-09,mid,short,740.745,703736.523389619,703736.523389619,-4.015551910576515,35.605000000000004,0.0
711.0,2026,10,9,P,0.007413555286514068,-0.16781196535696238,300,0.20505682174972403,3.06,3.12,QQQ,put,2026-10-09,mid,short,740.745,-1220352.3526987613,1220352.3526987613,-4.015551910576515,3.09,0.0
711.0,2026,10,16,C,0.007052219579168103,0.800862615621393,856,0.2115440920423215,36.6,37.21,QQQ,call,2026-10-16,mid,short,740.745,3312356.3138639354,3312356.3138639354,-4.015551910576515,36.905,0.0
711.0,2026,10,16,P,0.007052219579168103,-0.19913738437860698,1616,0.20369014519001105,4.48,4.54,QQQ,put,2026-10-16,mid,short,740.745,-6253233.414958085,6253233.414958085,-4.015551910576515,4.51,0.0
711.0,2026,10,23,C,0.006629850719991534,0.7773317309382192,375,0.20862459004687045,38.41,39.05,QQQ,call,2026-10-23,mid,short,740.745,1364182.5027765462,1364182.5027765462,-4.015551910576515,38.73,0.0
711.0,2026,10,23,P,0.006629850719991534,-0.2226682690617808,396,0.20442003804099446,5.9,5.98,QQQ,put,2026-10-23,mid,short,740.745,-1440576.7229320328,1440576.7229320328,-4.015551910576515,5.94,0.0
711.0,2026,10,30,C,0.006139256646613369,0.7544289902664021,232,0.21784192412060138,40.98,41.67,QQQ,call,2026-10-30,mid,short,740.745,781522.0420291502,781522.0420291502,-4.015551910576515,41.325,0.0
711.0,2026,10,30,P,0.006139256646613369,-0.24557100973359788,1582,0.21062535038254396,7.65,7.82,QQQ,put,2026-10-30,mid,short,740.745,-5329171.855560842,5329171.855560842,-4.015551910576515,7.735,0.0
711.0,2026,11,30,C,0.00489617354960303,0.7143389757708604,411,0.21793596978337745,48.62,49.23,QQQ,call,2026-11-30,mid,short,740.745,1104170.3543032429,1104170.3543032429,-4.015551910576515,48.925,0.0
711.0,2026,11,30,P,0.00489617354960303,-0.28566102422913964,58,0.21297276719130362,12.89,13.1,QQQ,put,2026-11-30,mid,short,740.745,-155819.66070459387,155819.66070459387,-4.015551910576515,12.995000000000001,0.0
712.0,2026,9,21,C,0.006405659696972083,0.9369475552702322,14,0.0,27.55,31.01,QQQ,call,2026-09-21,mid,short,740.745,49207.27960043094,49207.27960043094,-3.8805526868220515,29.28,0.0
712.0,2026,9,21,P,0.006405659696972083,-0.06305244472976784,2572,4.695162160735294,0.0,0.01,QQQ,put,2026-09-21,mid,short,740.745,-9040080.223736312,9040080.223736312,-3.8805526868220515,0.005,0.0
712.0,2026,9,22,C,0.0018648093972935458,0.9915344109287741,311,0.34681461506673167,28.89,30.73,QQQ,call,2026-09-22,mid,short,740.745,318223.5347425388,318223.5347425388,-3.8805526868220515,29.810000000000002,26.0
712.0,2026,9,22,P,0.0018648093972935458,-0.008465589071225842,1013,0.3127045117469639,0.03,0.04,QQQ,put,2026-09-22,mid,short,740.745,-1036528.7482128354,1036528.7482128354,-3.8805526868220515,0.035,2579.0
712.0,2026,9,23,C,0.0034084418712318253,0.9795230532891497,199,0.19448808644337484,28.91,31.22,QQQ,call,2026-09-23,mid,short,740.745,372174.33888437925,372174.33888437925,-3.8805526868220515,30.064999999999998,0.0
712.0,2026,9,23,P,0.0034084418712318253,-0.020476946710850322,564,0.2604924740450447,0.1,0.12,QQQ,put,2026-09-23,mid,short,740.745,-1054805.6639738188,1054805.6639738188,-3.8805526868220515,0.11,0.0
712.0,2026,9,24,C,0.004949192730226054,0.96172189863073,58,0.4614794720137193,27.54,31.74,QQQ,call,2026-09-24,mid,short,740.745,157506.9846223061,157506.9846223061,-3.8805526868220515,29.64,0.0
712.0,2026,9,24,P,0.004949192730226054,-0.03827810136926998,759,0.24833981586505385,0.25,0.27,QQQ,put,2026-09-24,mid,short,740.745,-2061168.9884194883,2061168.9884194883,-3.8805526868220515,0.26,0.0
712.0,2026,9,25,C,0.0058815163272853835,0.9463204450948899,1188,0.27056204761201263,29.79,30.31,QQQ,call,2026-09-25,mid,short,740.745,3833921.3993536984,3833921.3993536984,-3.8805526868220515,30.049999999999997,0.0
712.0,2026,9,25,P,0.0058815163272853835,-0.05367955490511012,1336,0.2374740478994564,0.41,0.44,QQQ,put,2026-09-25,mid,short,740.745,-4311547.970990353,4311547.970990353,-3.8805526868220515,0.425,0.0
712.0,2026,9,28,C,0.00667310490460047,0.9271969565574627,56,0.17385616736002432,29.63,32.17,QQQ,call,2026-09-28,mid,short,740.745,205047.0080381565,205047.0080381565,-3.8805526868220515,30.9,0.0
712.0,2026,9,28,P,0.00667310490460047,-0.07280304344253732,112,0.20072446832402432,0.66,0.7,QQQ,put,2026-09-28,mid,short,740.745,-410094.016076313,410094.016076313,-3.8805526868220515,0.6799999999999999,0.0
712.0,2026,9,29,C,0.007113152929235784,0.9126503454040483,15,0.20015604022007902,30.22,32.67,QQQ,call,2026-09-29,mid,short,740.745,58545.14181670493,58545.14181670493,-3.8805526868220515,31.445,0.0
712.0,2026,9,29,P,0.007113152929235784,-0.08734965459595163,55,0.20243889340756507,0.89,0.93,QQQ,put,2026-09-29,mid,short,740.745,-214665.51999458473,214665.51999458473,-3.8805526868220515,0.91,0.0
712.0,2026,9,30,C,0.007471671091251922,0.8958314878185241,366,0.20480551201000455,30.6,32.9,QQQ,call,2026-09-30,mid,short,740.745,1500500.9973949192,1500500.9973949192,-3.8805526868220515,31.75,0.0
712.0,2026,9,30,P,0.007471671091251922,-0.10416851218147592,724,0.20707109966145912,1.2,1.24,QQQ,put,2026-09-30,mid,short,740.745,-2968204.1587812062,2968204.1587812062,-3.8805526868220515,1.22,0.0
712.0,2026,10,1,C,0.00766077406174598,0.8820072602008252,1,0.20921403148678502,31.01,33.45,QQQ,call,2026-10-01,mid,short,740.745,4203.490897613704,4203.490897613704,-3.8805526868220515,32.230000000000004,0.0
712.0,2026,10,1,P,0.00766077406174598,-0.11799273979917477,33,0.2094154916755012,1.49,1.54,QQQ,put,2026-10-01,mid,short,740.745,-138715.19962125222,138715.19962125222,-3.8805526868220515,1.5150000000000001,0.0
712.0,2026,10,2,C,0.0077771931076834125,0.8674030088669907,447,0.22628192646645448,31.81,32.35,QQQ,call,2026-10-02,mid,short,740.745,1907514.566754784,1907514.566754784,-3.8805526868220515,32.08,0.0
712.0,2026,10,2,P,0.0077771931076834125,-0.13259699113300927,456,0.21334277866050985,1.84,1.9,QQQ,put,2026-10-02,mid,short,740.745,-1945920.9003136058,1945920.9003136058,-3.8805526868220515,1.87,0.0
712.0,2026,10,9,C,0.0076413712181084776,0.8258910530088819,702,0.20995368102729825,33.6,35.86,QQQ,call,2026-10-09,mid,short,740.745,2943376.8362575313,2943376.8362575313,-3.8805526868220515,34.730000000000004,0.0
712.0,2026,10,9,P,0.0076413712181084776,-0.17410894699111817,269,0.20381843079052353,3.19,3.24,QQQ,put,2026-10-09,mid,short,740.745,-1127875.169449111,1127875.169449111,-3.8805526868220515,3.215,0.0
712.0,2026,10,16,C,0.007223001294617841,0.7946568633037853,9027,0.21032227157158062,35.76,36.24,QQQ,call,2026-10-16,mid,short,740.745,35776561.04913409,35776561.04913409,-3.8805526868220515,36.0,0.0
712.0,2026,10,16,P,0.007223001294617841,-0.2053431366962147,12485,0.20247488273540717,4.63,4.7,QQQ,put,2026-10-16,mid,short,740.745,-49481595.73484427,49481595.73484427,-3.8805526868220515,4.665,0.0
712.0,2026,10,23,C,0.006761952113805502,0.7713395590080552,163,0.20725861019783184,37.57,38.2,QQQ,call,2026-10-23,mid,short,740.745,604779.6268126066,604779.6268126066,-3.8805526868220515,37.885000000000005,0.0
712.0,2026,10,23,P,0.006761952113805502,-0.22866044099194477,148,0.20331601120751405,6.07,6.17,QQQ,put,2026-10-23,mid,short,740.745,-549125.0599280109,549125.0599280109,-3.8805526868220515,6.12,0.0
712.0,2026,10,30,C,0.006242706273695212,0.7489332272719051,306,0.21668054388977073,40.17,40.87,QQQ,call,2026-10-30,mid,short,740.745,1048170.1442509027,1048170.1442509027,-3.8805526868220515,40.519999999999996,0.0
712.0,2026,10,30,P,0.006242706273695212,-0.2510667727280949,290,0.20960129915137454,7.84,8.01,QQQ,put,2026-10-30,mid,short,740.745,-993363.862198568,993363.862198568,-3.8805526868220515,7.925,0.0
712.0,2026,11,30,C,0.004954265003886879,0.7099389184568835,476,0.2172208580749014,47.87,48.73,QQQ,call,2026-11-30,mid,short,740.745,1293968.319108233,1293968.319108233,-3.8805526868220515,48.3,0.0
712.0,2026,11,30,P,0.004954265003886879,-0.2900610815431165,28,0.21173261181448866,13.07,13.34,QQQ,put,2026-11-30,mid,short,740.745,-76115.7834769549,76115.7834769549,-3.8805526868220515,13.205,0.0
713.0,2026,9,21,C,0.006749236486733064,0.934611697464574,221,0.0,26.57,30.01,QQQ,call,2026-09-21,mid,short,740.745,818435.3452959417,818435.3452959417,-3.745553463067588,28.29,0.0
713.0,2026,9,21,P,0.006749236486733064,-0.06538830253542599,4132,4.544744768401917,0.0,0.01,QQQ,put,2026-09-21,mid,short,740.745,-15302148.627886109,15302148.627886109,-3.745553463067588,0.005,0.0
713.0,2026,9,22,C,0.0019740208564535426,0.9912870489099582,313,0.3361241768864623,27.89,29.29,QQQ,call,2026-09-22,mid,short,740.745,339026.41074263916,339026.41074263916,-3.745553463067588,28.59,19.0
713.0,2026,9,22,P,0.0019740208564535426,-0.008712951090041741,1149,0.30292697533606855,0.03,0.04,QQQ,put,2026-09-22,mid,short,740.745,-1244541.0413523717,1244541.0413523717,-3.745553463067588,0.035,909.0
713.0,2026,9,23,C,0.003747473965937642,0.9775451215339764,190,0.5190266403478682,26.35,30.23,QQQ,call,2026-09-23,mid,short,740.745,390687.64981196634,390687.64981196634,-3.745553463067588,28.29,0.0
713.0,2026,9,23,P,0.003747473965937642,-0.022454878466023526,319,0.2563645770470093,0.11,0.13,QQQ,put,2026-09-23,mid,short,740.745,-655944.0015264067,655944.0015264067,-3.745553463067588,0.12,0.0
713.0,2026,9,24,C,0.0053884745632762476,0.9581123881230147,104,0.2357074473241627,28.2,30.77,QQQ,call,2026-09-24,mid,short,740.745,307493.9913387301,307493.9913387301,-3.745553463067588,29.485,0.0
713.0,2026,9,24,P,0.0053884745632762476,-0.04188761187698527,249,0.24467722613103404,0.27,0.3,QQQ,put,2026-09-24,mid,short,740.745,-736211.5754167675,736211.5754167675,-3.745553463067588,0.28500000000000003,0.0
713.0,2026,9,25,C,0.0063034052154301475,0.9424082779830972,411,0.2658819719033552,28.82,29.34,QQQ,call,2026-09-25,mid,short,740.745,1421525.013263208,1421525.013263208,-3.745553463067588,29.08,0.0
713.0,2026,9,25,P,0.0063034052154301475,-0.05759172201690276,1547,0.23430461382902107,0.44,0.47,QQQ,put,2026-09-25,mid,short,740.745,-5350606.315129398,5350606.315129398,-3.745553463067588,0.45499999999999996,0.0
713.0,2026,9,28,C,0.007077672926443081,0.9227218835458179,64,0.17275718425829945,28.67,31.4,QQQ,call,2026-09-28,mid,short,740.745,248546.65375835798,248546.65375835798,-3.745553463067588,30.035,0.0
713.0,2026,9,28,P,0.007077672926443081,-0.07727811645418217,85,0.1981049348195623,0.7,0.74,QQQ,put,2026-09-28,mid,short,740.745,-330101.0245228192,330101.0245228192,-3.745553463067588,0.72,0.0
713.0,2026,9,29,C,0.007510919049780921,0.9074019508142168,21,0.19716647521611064,29.26,31.7,QQQ,call,2026-09-29,mid,short,740.745,86546.5645747955,86546.5645747955,-3.745553463067588,30.48,0.0
713.0,2026,9,29,P,0.007510919049780921,-0.09259804918578313,68,0.1999729810784216,0.94,0.99,QQQ,put,2026-09-29,mid,short,740.745,-280246.01862314733,280246.01862314733,-3.745553463067588,0.965,0.0
713.0,2026,9,30,C,0.007845033517798045,0.8900337091770297,392,0.2033456895583535,29.68,32.11,QQQ,call,2026-09-30,mid,short,740.745,1687401.0998571236,1687401.0998571236,-3.745553463067588,30.895,0.0
713.0,2026,9,30,P,0.007845033517798045,-0.10996629082297026,959,0.20510083773414356,1.27,1.31,QQQ,put,2026-09-30,mid,short,740.745,-4128106.262150463,4128106.262150463,-3.745553463067588,1.29,0.0
713.0,2026,10,1,C,0.008007892293834248,0.8759835524419917,7,0.20766981834382298,30.1,32.64,QQQ,call,2026-10-01,mid,short,740.745,30757.69036709065,30757.69036709065,-3.745553463067588,31.37,0.0
713.0,2026,10,1,P,0.008007892293834248,-0.12401644755800835,4,0.20750721298431044,1.57,1.62,QQQ,put,2026-10-01,mid,short,740.745,-17575.823066908946,17575.823066908946,-3.745553463067588,1.5950000000000002,0.0
713.0,2026,10,2,C,0.00809664028636433,0.8610413416407376,546,0.22398568376754108,30.9,31.44,QQQ,call,2026-10-02,mid,short,740.745,2425688.0303459223,2425688.0303459223,-3.745553463067588,31.17,0.0
713.0,2026,10,2,P,0.00809664028636433,-0.13895865835926238,452,0.21181184905382414,1.94,1.99,QQQ,put,2026-10-02,mid,short,740.745,-2008078.7357442435,2008078.7357442435,-3.745553463067588,1.9649999999999999,0.0
713.0,2026,10,9,C,0.00787568322153538,0.8196357682833735,148,0.2081800913899171,32.72,34.99,QQQ,call,2026-10-09,mid,short,740.745,639569.01028182,639569.01028182,-3.745553463067588,33.855000000000004,0.0
713.0,2026,10,9,P,0.00787568322153538,-0.18036423171662647,207,0.20222096865850633,3.31,3.36,QQQ,put,2026-10-09,mid,short,740.745,-894532.3319482213,894532.3319482213,-3.745553463067588,3.335,0.0
713.0,2026,10,16,C,0.007398498991457427,0.7884745575583466,1570,0.20883580706807173,34.91,35.41,QQQ,call,2026-10-16,mid,short,740.745,6373540.190327294,6373540.190327294,-3.745553463067588,35.16,0.0
713.0,2026,10,16,P,0.007398498991457427,-0.21152544244165342,15645,0.20116752991231626,4.78,4.85,QQQ,put,2026-10-16,mid,short,740.745,-63512125.017624535,63512125.017624535,-3.745553463067588,4.8149999999999995,0.0
713.0,2026,10,23,C,0.006902807268038085,0.7656618182679485,218,0.20582634369597433,36.73,37.4,QQQ,call,2026-10-23,mid,short,740.745,825695.0835774356,825695.0835774356,-3.745553463067588,37.065,0.0
713.0,2026,10,23,P,0.006902807268038085,-0.23433818173205143,89,0.20184007328934275,6.22,6.33,QQQ,put,2026-10-23,mid,short,740.745,-337095.6992586779,337095.6992586779,-3.745553463067588,6.275,0.0
713.0,2026,10,30,C,0.006345463491376821,0.7432668025043341,176,0.21571605815515538,39.38,39.84,QQQ,call,2026-10-30,mid,short,740.745,612792.5474553368,612792.5474553368,-3.745553463067588,39.61,0.0
713.0,2026,10,30,P,0.006345463491376821,-0.25673319749566587,245,0.20864458336917888,8.04,8.21,QQQ,put,2026-10-30,mid,short,740.745,-853035.0802645314,853035.0802645314,-3.745553463067588,8.125,0.0
713.0,2026,11,30,C,0.005005961052870207,0.7052061615882826,17,0.21646959416113426,47.12,47.75,QQQ,call,2026-11-30,mid,short,740.745,46695.37260191661,46695.37260191661,-3.745553463067588,47.435,0.0
713.0,2026,11,30,P,0.005005961052870207,-0.29479383841171736,67,0.2114474858641806,13.36,13.56,QQQ,put,2026-11-30,mid,short,740.745,-184034.70378402428,184034.70378402428,-3.745553463067588,13.46,0.0
714.0,2026,9,21,C,0.0071014792963968384,0.9325602186868475,369,0.0,25.58,29.01,QQQ,call,2026-09-21,mid,short,740.745,1437846.9111574572,1437846.9111574572,-3.610554239313125,27.295,0.0
714.0,2026,9,21,P,0.0071014792963968384,-0.06743978131315254,5244,4.394097524192138,0.0,0.01,QQQ,put,2026-09-21,mid,short,740.745,-20433791.87563606,20433791.87563606,-3.610554239313125,0.005,0.0
714.0,2026,9,22,C,0.0022574523159401326,0.9900260509398622,466,0.31817188656708545,26.88,28.29,QQQ,call,2026-09-22,mid,short,740.745,577220.7829628772,577220.7829628772,-3.610554239313125,27.585,52.0
714.0,2026,9,22,P,0.0022574523159401326,-0.009973949060137818,2133,0.2931301222854659,0.03,0.05,QQQ,put,2026-09-22,mid,short,740.745,-2642085.686823642,2642085.686823642,-3.610554239313125,0.04,2016.0
714.0,2026,9,23,C,0.004108794883990147,0.9754960910201025,218,0.5071820807774394,25.36,29.24,QQQ,call,2026-09-23,mid,short,740.745,491482.90013072203,491482.90013072203,-3.610554239313125,27.299999999999997,0.0
714.0,2026,9,23,P,0.004108794883990147,-0.02450390897989754,918,0.25183782445108993,0.12,0.14,QQQ,put,2026-09-23,mid,short,740.745,-2069639.0014679027,2069639.0014679027,-3.610554239313125,0.13,0.0
714.0,2026,9,24,C,0.005848712705500445,0.9544101132394813,219,0.4332054942182052,25.59,29.62,QQQ,call,2026-09-24,mid,short,740.745,702816.3580410945,702816.3580410945,-3.610554239313125,27.605,0.0
714.0,2026,9,24,P,0.005848712705500445,-0.04558988676051873,231,0.2422990216653098,0.3,0.32,QQQ,put,2026-09-24,mid,short,740.745,-741326.8434132094,741326.8434132094,-3.610554239313125,0.31,0.0
714.0,2026,9,25,C,0.006767864869602586,0.9379622981866388,562,0.26186515491427914,27.86,28.37,QQQ,call,2026-09-25,mid,short,740.745,2087014.429384395,2087014.429384395,-3.610554239313125,28.115000000000002,0.0
714.0,2026,9,25,P,0.006767864869602586,-0.062037701813361164,1542,0.23085381444180195,0.47,0.51,QQQ,put,2026-09-25,mid,short,740.745,-5726292.259983518,5726292.259983518,-3.610554239313125,0.49,0.0
714.0,2026,9,28,C,0.00752425956308819,0.9174462908529739,141,0.16952119484933156,27.69,30.41,QQQ,call,2026-09-28,mid,short,740.745,582130.479570586,582130.479570586,-3.610554239313125,29.05,0.0
714.0,2026,9,28,P,0.00752425956308819,-0.08255370914702607,70,0.19594115267291112,0.75,0.79,QQQ,put,2026-09-28,mid,short,740.745,-289000.9473045463,289000.9473045463,-3.610554239313125,0.77,0.0
714.0,2026,9,29,C,0.007925279940476782,0.9020308288903545,37,0.1951289320669309,28.32,30.76,QQQ,call,2026-09-29,mid,short,740.745,160899.16598845035,160899.16598845035,-3.610554239313125,29.54,0.0
714.0,2026,9,29,P,0.007925279940476782,-0.09796917110964552,40,0.19785784080365953,1.0,1.04,QQQ,put,2026-09-29,mid,short,740.745,-173945.0443118382,173945.0443118382,-3.610554239313125,1.02,0.0
714.0,2026,9,30,C,0.008232073769415479,0.8841168063455076,701,0.20164742321901194,28.76,31.04,QQQ,call,2026-09-30,mid,short,740.745,3166392.3596234494,3166392.3596234494,-3.610554239313125,29.9,0.0
714.0,2026,9,30,P,0.008232073769415479,-0.11588319365449244,1621,0.2029327713933857,1.34,1.38,QQQ,put,2026-09-30,mid,short,740.745,-7322000.021326121,7322000.021326121,-3.610554239313125,1.3599999999999999,0.0
714.0,2026,10,1,C,0.008367048253398943,0.8698417803339242,1,0.2039758817808615,29.14,31.73,QQQ,call,2026-10-01,mid,short,740.745,4591.025774886416,4591.025774886416,-3.610554239313125,30.435000000000002,0.0
714.0,2026,10,1,P,0.008367048253398943,-0.13015821966607574,9,0.20541721072069882,1.65,1.7,QQQ,put,2026-10-01,mid,short,740.745,-41319.23197397774,41319.23197397774,-3.610554239313125,1.6749999999999998,0.0
714.0,2026,10,2,C,0.008425853615850973,0.854569843005668,373,0.22187191791965905,30.0,30.54,QQQ,call,2026-10-02,mid,short,740.745,1724488.088622995,1724488.088622995,-3.610554239313125,30.27,0.0
714.0,2026,10,2,P,0.008425853615850973,-0.14543015699433207,350,0.2100934579360766,2.04,2.08,QQQ,put,2026-10-02,mid,short,740.745,-1618152.3619786815,1618152.3619786815,-3.610554239313125,2.06,0.0
714.0,2026,10,9,C,0.008112014204068941,0.8127675803983678,106,0.20674568420941558,31.86,34.13,QQQ,call,2026-10-09,mid,short,740.745,471815.3054623057,471815.3054623057,-3.610554239313125,32.995000000000005,0.0
714.0,2026,10,9,P,0.008112014204068941,-0.18723241960163214,331,0.20051012489229678,3.43,3.52,QQQ,put,2026-10-09,mid,short,740.745,-1473310.0576228604,1473310.0576228604,-3.610554239313125,3.475,0.0
714.0,2026,10,16,C,0.007572235174858989,0.7818350925090287,2833,0.20778209814605936,34.09,34.73,QQQ,call,2026-10-16,mid,short,740.745,11770858.13482615,11770858.13482615,-3.610554239313125,34.41,0.0
714.0,2026,10,16,P,0.007572235174858989,-0.2181649074909713,1606,0.2001207044043201,4.95,5.02,QQQ,put,2026-10-16,mid,short,740.745,-6672784.385644475,6672784.385644475,-3.610554239313125,4.984999999999999,0.0
714.0,2026,10,23,C,0.007035721290488127,0.7593192333545866,114,0.20520121079600145,35.95,36.59,QQQ,call,2026-10-23,mid,short,740.745,440099.5615762836,440099.5615762836,-3.610554239313125,36.27,0.0
714.0,2026,10,23,P,0.007035721290488127,-0.24068076664541335,174,0.20088629542684902,6.41,6.53,QQQ,put,2026-10-23,mid,short,740.745,-671730.9097743275,671730.9097743275,-3.610554239313125,6.470000000000001,0.0
714.0,2026,10,30,C,0.00644982308272744,0.7375465230902489,430,0.2145643250922935,38.58,39.13,QQQ,call,2026-10-30,mid,short,740.745,1521786.4581836155,1521786.4581836155,-3.610554239313125,38.855000000000004,0.0
714.0,2026,10,30,P,0.00644982308272744,-0.26245347690975107,283,0.20762450537496313,8.24,8.41,QQQ,put,2026-10-30,mid,short,740.745,-1001547.83178131,1001547.83178131,-3.610554239313125,8.325,0.0
714.0,2026,11,30,C,0.00505732284710046,0.7004141592742311,252,0.21568242165928067,46.37,46.99,QQQ,call,2026-11-30,mid,short,740.745,699292.1885503776,699292.1885503776,-3.610554239313125,46.68,0.0
714.0,2026,11,30,P,0.00505732284710046,-0.2995858407257689,36,0.21076373342035415,13.61,13.83,QQQ,put,2026-11-30,mid,short,740.745,-99898.88407862539,99898.88407862539,-3.610554239313125,13.719999999999999,0.0
715.0,2026,9,21,C,0.007446202956295182,0.9312131904474029,1955,0.0,24.57,28.01,QQQ,call,2026-09-21,mid,short,740.745,7987651.132672893,7987651.132672893,-3.475555015558661,26.29,0.0
715.0,2026,9,21,P,0.007446202956295182,-0.06878680955259707,23411,4.243200719216622,0.0,0.01,QQQ,put,2026-09-21,mid,short,740.745,-95651611.59437601,95651611.59437601,-3.475555015558661,0.005,0.0
715.0,2026,9,22,C,0.002559607196605571,0.9887209567637006,696,0.5986121712533283,24.22,27.29,QQQ,call,2026-09-22,mid,short,740.745,977507.3229039119,977507.3229039119,-3.475555015558661,25.755,198.0
715.0,2026,9,22,P,0.002559607196605571,-0.01127904323629936,2562,0.29370789681648496,0.04,0.05,QQQ,put,2026-09-22,mid,short,740.745,-3598238.1627583653,3598238.1627583653,-3.475555015558661,0.045,0.0
715.0,2026,9,23,C,0.004566693757296057,0.9726721797950019,535,0.49525179807639874,24.38,28.25,QQQ,call,2026-09-23,mid,short,740.745,1340581.210873805,1340581.210873805,-3.475555015558661,26.314999999999998,0.0
715.0,2026,9,23,P,0.004566693757296057,-0.02732782020499811,1217,0.246953233160543,0.13,0.16,QQQ,put,2026-09-23,mid,short,740.745,-3049509.034828824,3049509.034828824,-3.475555015558661,0.14500000000000002,0.0
715.0,2026,9,24,C,0.006333635143089476,0.9505994337357444,1101,0.2301091205861053,26.25,28.65,QQQ,call,2026-09-24,mid,short,740.745,3826289.4299552445,3826289.4299552445,-3.475555015558661,27.45,0.0
715.0,2026,9,24,P,0.006333635143089476,-0.04940056626425564,897,0.2379419312068753,0.32,0.35,QQQ,put,2026-09-24,mid,short,740.745,-3117331.170454,3117331.170454,-3.475555015558661,0.33499999999999996,0.0
715.0,2026,9,25,C,0.00725545073648197,0.9333942732063011,3377,0.2576233512712293,26.9,27.4,QQQ,call,2026-09-25,mid,short,740.745,13444136.574467367,13444136.574467367,-3.475555015558661,27.15,0.0
715.0,2026,9,25,P,0.00725545073648197,-0.0666057267936989,7093,0.22815814353960726,0.51,0.54,QQQ,put,2026-09-25,mid,short,740.745,-28237862.221704774,28237862.221704774,-3.475555015558661,0.525,0.0
715.0,2026,9,28,C,0.007990208357598054,0.9120439790214984,838,0.16700105006160612,26.72,27.77,QQQ,call,2026-09-28,mid,short,740.745,3674003.6244315454,3674003.6244315454,-3.475555015558661,27.244999999999997,0.0
715.0,2026,9,28,P,0.007990208357598054,-0.0879560209785016,950,0.19353394642511249,0.8,0.84,QQQ,put,2026-09-28,mid,short,740.745,-4165039.908365117,4165039.908365117,-3.475555015558661,0.8200000000000001,0.0
715.0,2026,9,29,C,0.008370261004629505,0.8959505777551908,496,0.19390492748342097,27.4,29.84,QQQ,call,2026-09-29,mid,short,740.745,2278023.1563249766,2278023.1563249766,-3.475555015558661,28.619999999999997,0.0
715.0,2026,9,29,P,0.008370261004629505,-0.10404942224480913,356,0.19552550777965905,1.06,1.11,QQQ,put,2026-09-29,mid,short,740.745,-1635032.7492977653,1635032.7492977653,-3.475555015558661,1.085,0.0
715.0,2026,9,30,C,0.008640339621432897,0.8775829838086008,10929,0.20015420129768174,27.85,28.42,QQQ,call,2026-09-30,mid,short,740.745,51814188.024080686,51814188.024080686,-3.475555015558661,28.135,0.0
715.0,2026,9,30,P,0.008640339621432897,-0.12241701619139919,3010,0.20100283683600378,1.42,1.46,QQQ,put,2026-09-30,mid,short,740.745,-14270354.648410913,14270354.648410913,-3.475555015558661,1.44,0.0
715.0,2026,10,1,C,0.008742306177436177,0.8631439451936812,202,0.2024716128974958,28.24,30.77,QQQ,call,2026-10-01,mid,short,740.745,968980.0583142631,968980.0583142631,-3.475555015558661,29.505,0.0
715.0,2026,10,1,P,0.008742306177436177,-0.13685605480631877,714,0.20352738571972226,1.74,1.79,QQQ,put,2026-10-01,mid,short,740.745,-3425008.7209721976,3425008.7209721976,-3.475555015558661,1.7650000000000001,0.0
715.0,2026,10,2,C,0.008766030323417008,0.8479750479334865,2870,0.21960391311386546,29.1,29.64,QQQ,call,2026-10-02,mid,short,740.745,13804552.182095716,13804552.182095716,-3.475555015558661,29.37,0.0
715.0,2026,10,2,P,0.008766030323417008,-0.15202495206651342,3674,0.20819550020085842,2.14,2.17,QQQ,put,2026-10-02,mid,short,740.745,-17671750.77248072,17671750.77248072,-3.475555015558661,2.1550000000000002,0.0
715.0,2026,10,5,C,0.008676018518301628,0.8373254426368213,0,0.1402846753968323,27.67,31.96,QQQ,call,2026-10-05,mid,short,740.745,0.0,0.0,-3.475555015558661,29.815,0.0
715.0,2026,10,5,P,0.008676018518301628,-0.16267455736317865,0,0.1945699306156787,2.45,2.51,QQQ,put,2026-10-05,mid,short,740.745,-0.0,0.0,-3.475555015558661,2.48,0.0
715.0,2026,10,9,C,0.00835517684379855,0.805932559006636,1145,0.20540744093328125,31.01,31.63,QQQ,call,2026-10-09,mid,short,740.745,5249266.11975678,5249266.11975678,-3.475555015558661,31.32,0.0
715.0,2026,10,9,P,0.00835517684379855,-0.19406744099336398,1093,0.19935404132277115,3.58,3.64,QQQ,put,2026-10-09,mid,short,740.745,-5010871.5012176065,5010871.5012176065,-3.475555015558661,3.6100000000000003,0.0
715.0,2026,10,16,C,0.007752392337480613,0.7753043845299008,8188,0.20459722560033233,33.15,33.71,QQQ,call,2026-10-16,mid,short,740.745,34829804.35783662,34829804.35783662,-3.475555015558661,33.43,0.0
715.0,2026,10,16,P,0.007752392337480613,-0.22469561547009917,13169,0.198800779346009,5.11,5.18,QQQ,put,2026-10-16,mid,short,740.745,-56017793.550116085,56017793.550116085,-3.475555015558661,5.145,0.0
715.0,2026,10,23,C,0.007173677331367111,0.7530599292377421,507,0.2034835105972073,35.1,35.76,QQQ,call,2026-10-23,mid,short,740.745,1995663.2281201952,1995663.2281201952,-3.475555015558661,35.43,0.0
715.0,2026,10,23,P,0.007173677331367111,-0.24694007076225788,960,0.1999966168064196,6.61,6.7,QQQ,put,2026-10-23,mid,short,740.745,-3778770.6094583576,3778770.6094583576,-3.475555015558661,6.655,0.0
715.0,2026,10,30,C,0.006553289240907917,0.7316588112061895,730,0.21223539798491498,37.69,38.26,QQQ,call,2026-10-30,mid,short,740.745,2624941.65206262,2624941.65206262,-3.475555015558661,37.974999999999994,0.0
715.0,2026,10,30,P,0.006553289240907917,-0.2683411887938106,1594,0.20666730282812343,8.45,8.62,QQQ,put,2026-10-30,mid,short,740.745,-5731721.908750433,5731721.908750433,-3.475555015558661,8.535,0.0
715.0,2026,11,20,C,0.0053943682054600865,0.7005688668659378,2885,0.21747117196934773,43.57,44.27,QQQ,call,2026-11-20,mid,short,740.745,8539331.272931704,8539331.272931704,-3.475555015558661,43.92,0.0
715.0,2026,11,20,P,0.0053943682054600865,-0.2994311331340623,7864,0.2135877922598744,12.73,12.89,QQQ,put,2026-11-20,mid,short,740.745,-23276707.49751644,23276707.49751644,-3.475555015558661,12.81,0.0
715.0,2026,11,30,C,0.005112510805272872,0.6957167782839251,254,0.21477181666687403,45.61,46.34,QQQ,call,2026-11-30,mid,short,740.745,712533.7054739675,712533.7054739675,-3.475555015558661,45.975,0.0
715.0,2026,11,30,P,0.005112510805272872,-0.30428322171607486,723,0.21004218740823655,13.86,14.06,QQQ,put,2026-11-30,mid,short,740.745,-2028196.33487275,2028196.33487275,-3.475555015558661,13.96,0.0
715.0,2026,12,18,C,0.004514761775280601,0.6829396714819823,6818,0.22065316377599323,50.27,51.12,QQQ,call,2026-12-18,mid,short,740.745,16889986.15846769,16889986.15846769,-3.475555015558661,50.695,0.0
715.0,2026,12,18,P,0.004514761775280601,-0.3170603285180177,4933,0.21603209567134068,17.06,17.28,QQQ,put,2026-12-18,mid,short,740.745,-12220343.461384738,12220343.461384738,-3.475555015558661,17.17,0.0
715.0,2026,12,31,C,0.004246306937945709,0.6790070012965077,1333,0.2160537122659327,52.32,54.73,QQQ,call,2026-12-31,mid,short,740.745,3105839.364735792,3105839.364735792,-3.475555015558661,53.525,0.0
715.0,2026,12,31,P,0.004246306937945709,-0.32099299870349224,39565,0.21561331227128386,18.64,18.85,QQQ,put,2026-12-31,mid,short,740.745,-92184947.08610022,92184947.08610022,-3.475555015558661,18.745,0.0
715.0,2027,1,15,C,0.003951613422302187,0.6745060349119282,1622,0.2213599483888305,56.02,56.83,QQQ,call,2027-01-15,mid,short,740.745,3516922.1841597958,3516922.1841597958,-3.475555015558661,56.425,0.0
715.0,2027,1,15,P,0.003951613422302187,-0.3254939650880718,2961,0.21724118442344867,20.62,20.91,QQQ,put,2027-01-15,mid,short,740.745,-6420226.0094310455,6420226.0094310455,-3.475555015558661,20.765,0.0
715.0,2027,2,19,C,0.0034531718962542333,0.6690181452692276,532,0.22296685332294267,62.69,63.69,QQQ,call,2027-02-19,mid,short,740.745,1008015.6792173675,1008015.6792173675,-3.475555015558661,63.19,0.0
715.0,2027,2,19,P,0.0034531718962542333,-0.33098185473077235,376,0.21939527123833702,24.59,24.92,QQQ,put,2027-02-19,mid,short,740.745,-712432.1341837033,712432.1341837033,-3.475555015558661,24.755000000000003,0.0
715.0,2027,3,19,C,0.0031336189424753585,0.6661107824771251,17593,0.22780237876767992,68.34,70.94,QQQ,call,2027-03-19,mid,short,740.745,30249872.180526387,30249872.180526387,-3.475555015558661,69.64,0.0
715.0,2027,3,19,P,0.0031336189424753585,-0.3338892175228749,2613,0.222900344377593,27.78,28.13,QQQ,put,2027-03-19,mid,short,740.745,-4492861.706799037,4492861.706799037,-3.475555015558661,27.955,0.0
715.0,2027,3,31,C,0.0030007512312766253,0.6647286802392882,785,0.22202743648208287,69.19,72.76,QQQ,call,2027-03-31,mid,short,740.745,1292519.5094166107,1292519.5094166107,-3.475555015558661,70.975,0.0
715.0,2027,3,31,P,0.0030007512312766253,-0.3352713197607118,172,0.21876768256669119,28.0,31.07,QQQ,put,2027-03-31,mid,short,740.745,-283201.72690402175,283201.72690402175,-3.475555015558661,29.535,0.0
715.0,2027,6,17,C,0.002458881980751062,0.6642339747543744,3936,0.2384116249456852,84.64,87.1,QQQ,call,2027-06-17,mid,short,740.745,5310436.6394458935,5310436.6394458935,-3.475555015558661,85.87,0.0
715.0,2027,6,17,P,0.002458881980751062,-0.3357660252456256,2793,0.23063212163737762,36.32,37.51,QQQ,put,2027-06-17,mid,short,740.745,-3768305.267777536,3768305.267777536,-3.475555015558661,36.915,0.0
715.0,2027,6,30,C,0.002384813686283085,0.6643354609750545,146,0.2349186882377099,85.71,89.13,QQQ,call,2027-06-30,mid,short,740.745,191048.99989630803,191048.99989630803,-3.475555015558661,87.41999999999999,0.0
715.0,2027,6,30,P,0.002384813686283085,-0.3356645390249455,977,0.22932469308324618,36.88,39.48,QQQ,put,2027-06-30,mid,short,740.745,-1278458.0335526918,1278458.0335526918,-3.475555015558661,38.18,0.0
715.0,2027,9,17,C,0.0020630754357645,0.6679331266902344,488,0.24192704433575044,98.38,102.0,QQQ,call,2027-09-17,mid,short,740.745,552423.8083213763,552423.8083213763,-3.475555015558661,100.19,0.0
715.0,2027,9,17,P,0.0020630754357645,-0.3320668733097656,772,0.23508125628015347,43.07,45.1,QQQ,put,2027-09-17,mid,short,740.745,-873916.3525084069,873916.3525084069,-3.475555015558661,44.085,0.0
715.0,2027,12,17,C,0.0017996104354556972,0.6733278826927238,588,0.24423828233553468,110.66,115.5,QQQ,call,2027-12-17,mid,short,740.745,580621.7311652676,580621.7311652676,-3.475555015558661,113.08,0.0
715.0,2027,12,17,P,0.0017996104354556972,-0.32667211730727613,949,0.23512012484534092,47.65,52.4,QQQ,put,2027-12-17,mid,short,740.745,-937091.8756391819,937091.8756391819,-3.475555015558661,50.025,0.0
715.0,2028,1,21,C,0.0017305092348750095,0.6760593828602283,287,0.24336503696946893,114.63,119.0,QQQ,call,2028-01-21,mid,short,740.745,272516.7966920593,272516.7966920593,-3.475555015558661,116.815,0.0
715.0,2028,1,21,P,0.0017305092348750095,-0.32394061713977174,893,0.23469573599904892,49.06,54.0,QQQ,put,2028-01-21,mid,short,740.745,-847935.538139404,847935.538139404,-3.475555015558661,51.53,0.0
715.0,2028,6,16,C,0.0014556323437529852,0.6854843985463934,264,0.24985211697817722,133.5,138.5,QQQ,call,2028-06-16,mid,short,740.745,210859.45572745637,210859.45572745637,-3.475555015558661,136.0,0.0
715.0,2028,6,16,P,0.0014556323437529852,-0.3145156014536065,23,0.24620390546017573,58.5,61.0,QQQ,put,2028-06-16,mid,short,740.745,-18370.33137019506,18370.33137019506,-3.475555015558661,59.75,0.0
715.0,2028,12,15,C,0.0012527948257909196,0.6985072368683525,279,0.25395648375540925,154.0,159.0,QQQ,call,2028-12-15,mid,short,740.745,191788.08010942195,191788.08010942195,-3.475555015558661,156.5,0.0
715.0,2028,12,15,P,0.0012527948257909196,-0.30149276313164747,624,0.2446525948314572,63.5,68.5,QQQ,put,2028-12-15,mid,short,740.745,-428945.38347053505,428945.38347053505,-3.475555015558661,66.0,0.0
715.0,2029,1,19,C,0.0012215930288301884,0.7009421558738248,131,0.2540404284631095,157.5,162.0,QQQ,call,2029-01-19,mid,short,740.745,87808.24532891279,87808.24532891279,-3.475555015558661,159.75,0.0
715.0,2029,1,19,P,0.0012215930288301884,-0.2990578441261752,1,0.2449042441012356,64.5,69.5,QQQ,put,2029-01-19,mid,short,740.745,-670.2919490756701,670.2919490756701,-3.475555015558661,67.0,0.0
716.0,2026,9,21,C,0.007859341783979613,0.9289391558445176,4599,0.0,23.58,27.01,QQQ,call,2026-09-21,mid,short,740.745,19832937.467498068,19832937.467498068,-3.340555791804198,25.295,0.0
716.0,2026,9,21,P,0.007859341783979613,-0.07106084415548239,4921,4.092032957880092,0.0,0.01,QQQ,put,2026-09-21,mid,short,740.745,-21221544.96141726,21221544.96141726,-3.340555791804198,0.005,0.0
716.0,2026,9,22,C,0.002884328678606561,0.9873635711459608,1056,0.32616757675889946,24.93,26.29,QQQ,call,2026-09-22,mid,short,740.745,1671268.099861018,1671268.099861018,-3.340555791804198,25.61,60.0
716.0,2026,9,22,P,0.002884328678606561,-0.01263642885403913,1989,0.2835809409960415,0.04,0.06,QQQ,put,2026-09-22,mid,short,740.745,-3147871.449454133,3147871.449454133,-3.340555791804198,0.05,0.0
716.0,2026,9,23,C,0.005118354029788392,0.9690774610060028,386,0.21140645553459314,24.96,27.28,QQQ,call,2026-09-23,mid,short,740.745,1084064.4038064082,1084064.4038064082,-3.340555791804198,26.12,0.0
716.0,2026,9,23,P,0.005118354029788392,-0.03092253899399725,503,0.2445695018412511,0.15,0.18,QQQ,put,2026-09-23,mid,short,740.745,-1412653.873353946,1412653.873353946,-3.340555791804198,0.16499999999999998,0.0
716.0,2026,9,24,C,0.006878200335424158,0.9461635046892634,255,0.22891852862144027,25.29,27.76,QQQ,call,2026-09-24,mid,short,740.745,962393.0073600183,962393.0073600183,-3.340555791804198,26.525,0.0
716.0,2026,9,24,P,0.006878200335424158,-0.05383649531073663,539,0.23472569512627892,0.35,0.38,QQQ,put,2026-09-24,mid,short,740.745,-2034234.6312433332,2034234.6312433332,-3.340555791804198,0.365,0.0
716.0,2026,9,25,C,0.007787687096401835,0.9282763768832013,1273,0.253164397767731,25.94,26.46,QQQ,call,2026-09-25,mid,short,740.745,5439692.555222254,5439692.555222254,-3.340555791804198,26.200000000000003,0.0
716.0,2026,9,25,P,0.007787687096401835,-0.0717236231167987,3076,0.22510738391827834,0.55,0.58,QQQ,put,2026-09-25,mid,short,740.745,-13144143.204920387,13144143.204920387,-3.340555791804198,0.565,0.0
716.0,2026,9,28,C,0.008487381141171155,0.9061697150114549,286,0.16265445650253657,25.73,28.52,QQQ,call,2026-09-28,mid,short,740.745,1331917.103677245,1331917.103677245,-3.340555791804198,27.125,0.0
716.0,2026,9,28,P,0.008487381141171155,-0.09383028498854507,1590,0.1908983584788871,0.85,0.9,QQQ,put,2026-09-28,mid,short,740.745,-7404713.967995874,7404713.967995874,-3.340555791804198,0.875,0.0
716.0,2026,9,29,C,0.00883854545411809,0.889451043910195,197,0.19039358755466018,26.44,29.0,QQQ,call,2026-09-29,mid,short,740.745,955398.3419717741,955398.3419717741,-3.340555791804198,27.72,0.0
716.0,2026,9,29,P,0.00883854545411809,-0.11054895608980495,96,0.19347585123780364,1.13,1.18,QQQ,put,2026-09-29,mid,short,740.745,-465574.82654462085,465574.82654462085,-3.340555791804198,1.1549999999999998,0.0
716.0,2026,9,30,C,0.009061320244320476,0.871151374728896,3684,0.19759029574094547,26.92,29.21,QQQ,call,2026-09-30,mid,short,740.745,18316755.924869023,18316755.924869023,-3.340555791804198,28.065,0.0
716.0,2026,9,30,P,0.009061320244320476,-0.12884862527110394,800,0.1988615147156458,1.5,1.53,QQQ,put,2026-09-30,mid,short,740.745,-3977580.0054004397,3977580.0054004397,-3.340555791804198,1.5150000000000001,0.0
716.0,2026,10,1,C,0.009132224617043008,0.8558986575756087,23,0.20111113167061595,27.35,29.78,QQQ,call,2026-10-01,mid,short,740.745,115250.25057467485,115250.25057467485,-3.340555791804198,28.565,0.0
716.0,2026,10,1,P,0.009132224617043008,-0.14410134242439127,20,0.20180677555607748,1.84,1.89,QQQ,put,2026-10-01,mid,short,740.745,-100217.60919536943,100217.60919536943,-3.340555791804198,1.865,0.0
716.0,2026,10,2,C,0.009117008272459055,0.8403388777657663,343,0.21749202427277378,28.21,28.77,QQQ,call,2026-10-02,mid,short,740.745,1715868.2027961465,1715868.2027961465,-3.340555791804198,28.490000000000002,0.0
716.0,2026,10,2,P,0.009117008272459055,-0.15966112223423373,669,0.20644608332445644,2.25,2.3,QQQ,put,2026-10-02,mid,short,740.745,-3346693.375133009,3346693.375133009,-3.340555791804198,2.275,0.0
716.0,2026,10,9,C,0.008600148905182506,0.7986256458717143,531,0.2041545844368293,30.17,32.42,QQQ,call,2026-10-09,mid,short,740.745,2505751.212955932,2505751.212955932,-3.340555791804198,31.295,0.0
716.0,2026,10,9,P,0.008600148905182506,-0.20137435412828575,426,0.19806060839811984,3.73,3.79,QQQ,put,2026-10-09,mid,short,740.745,-2010263.6849702955,2010263.6849702955,-3.340555791804198,3.76,0.0
716.0,2026,10,16,C,0.007929923075971382,0.7683284931023568,1615,0.20504935375646186,32.43,32.9,QQQ,call,2026-10-16,mid,short,740.745,7027145.7045890475,7027145.7045890475,-3.340555791804198,32.665,0.0
716.0,2026,10,16,P,0.007929923075971382,-0.23167150689764313,12153,0.19772691600365755,5.29,5.36,QQQ,put,2026-10-16,mid,short,740.745,-52879815.32375894,52879815.32375894,-3.340555791804198,5.325,0.0
716.0,2026,10,23,C,0.007311128122061271,0.746590381682503,389,0.20255519123030896,34.31,36.5,QQQ,call,2026-10-23,mid,short,740.745,1560527.5972057718,1560527.5972057718,-3.340555791804198,35.405,0.0
716.0,2026,10,23,P,0.007311128122061271,-0.2534096183174969,383,0.19888104852531818,6.8,6.9,QQQ,put,2026-10-23,mid,short,740.745,-1536457.7628015694,1536457.7628015694,-3.340555791804198,6.85,0.0
716.0,2026,10,30,C,0.006657014082501937,0.7256614029524203,393,0.2124544019505366,37.01,37.68,QQQ,call,2026-10-30,mid,short,740.745,1435520.7796350645,1435520.7796350645,-3.340555791804198,37.345,0.0
716.0,2026,10,30,P,0.006657014082501937,-0.2743385970475797,574,0.20564531683631623,8.66,8.84,QQQ,put,2026-10-30,mid,short,740.745,-2096663.9376858196,2096663.9376858196,-3.340555791804198,8.75,0.0
716.0,2026,11,30,C,0.0051615054375559926,0.6907444197806625,13,0.21408830386629968,44.88,45.5,QQQ,call,2026-11-30,mid,short,740.745,36817.746137453665,36817.746137453665,-3.340555791804198,45.19,0.0
716.0,2026,11,30,P,0.0051615054375559926,-0.3092555802193376,54,0.20945817532732966,14.13,14.35,QQQ,put,2026-11-30,mid,short,740.745,-152935.253186346,152935.253186346,-3.340555791804198,14.24,0.0
717.0,2026,9,22,C,0.00323582983779219,0.9859453344040677,851,0.335572989200701,23.98,25.73,QQQ,call,2026-09-22,mid,short,740.745,1510959.044993638,1510959.044993638,-3.205556568049734,24.855,102.0
717.0,2026,9,22,P,0.00323582983779219,-0.01405466559593225,1420,0.2816871216085079,0.05,0.06,QQQ,put,2026-09-22,mid,short,740.745,-2521224.2583912644,2521224.2583912644,-3.205556568049734,0.055,0.0
717.0,2026,9,23,C,0.0055684641163996585,0.9667414023568738,744,0.49100952516253255,22.41,26.55,QQQ,call,2026-09-23,mid,short,740.745,2273242.7690081215,2273242.7690081215,-3.205556568049734,24.48,0.0
717.0,2026,9,23,P,0.0055684641163996585,-0.03325859764312619,1803,0.24142847435249642,0.17,0.18,QQQ,put,2026-09-23,mid,short,740.745,-5508947.19424952,5508947.19424952,-3.205556568049734,0.175,0.0
717.0,2026,9,24,C,0.007453068825598544,0.9415924160912764,480,0.2242410195204446,24.31,26.78,QQQ,call,2026-09-24,mid,short,740.745,1962970.7420277083,1962970.7420277083,-3.205556568049734,25.545,0.0
717.0,2026,9,24,P,0.007453068825598544,-0.058407583908723554,401,0.23109772500410633,0.38,0.41,QQQ,put,2026-09-24,mid,short,740.745,-1639898.4740689814,1639898.4740689814,-3.205556568049734,0.395,0.0
717.0,2026,9,25,C,0.0083811023123578,0.9222005608597837,1663,0.24849464858252324,24.98,25.66,QQQ,call,2026-09-25,mid,short,740.745,7647700.098931694,7647700.098931694,-3.205556568049734,25.32,0.0
717.0,2026,9,25,P,0.0083811023123578,-0.07779943914021624,3001,0.2226292376680432,0.6,0.63,QQQ,put,2026-09-25,mid,short,740.745,-13800810.581415525,13800810.581415525,-3.205556568049734,0.615,0.0
717.0,2026,9,28,C,0.009016006789329109,0.8998180539536977,303,0.1605786344790442,24.77,27.59,QQQ,call,2026-09-28,mid,short,740.745,1498974.745422606,1498974.745422606,-3.205556568049734,26.18,0.0
717.0,2026,9,28,P,0.009016006789329109,-0.10018194604630222,387,0.18860941281798826,0.91,0.96,QQQ,put,2026-09-28,mid,short,740.745,-1914532.100589269,1914532.100589269,-3.205556568049734,0.935,0.0
717.0,2026,9,29,C,0.009326054726248742,0.8828021562813644,94,0.18867443284732996,25.52,28.08,QQQ,call,2026-09-29,mid,short,740.745,481020.1513094788,481020.1513094788,-3.205556568049734,26.799999999999997,0.0
717.0,2026,9,29,P,0.009326054726248742,-0.11719784371863565,65,0.19119044885804876,1.2,1.25,QQQ,put,2026-09-29,mid,short,740.745,-332620.3173948523,332620.3173948523,-3.205556568049734,1.225,0.0
717.0,2026,9,30,C,0.009505489995482674,0.8638607711194576,937,0.19565159850843467,26.01,26.67,QQQ,call,2026-09-30,mid,short,740.745,4887103.732493381,4887103.732493381,-3.205556568049734,26.340000000000003,0.0
717.0,2026,9,30,P,0.009505489995482674,-0.1361392288805424,1374,0.1965183626224059,1.58,1.63,QQQ,put,2026-09-30,mid,short,740.745,-7166361.289696807,7166361.289696807,-3.205556568049734,1.605,0.0
717.0,2026,10,1,C,0.009534895075854831,0.8485200171757785,109,0.1991671376444621,26.45,28.89,QQQ,call,2026-10-01,mid,short,740.745,570269.1441939733,570269.1441939733,-3.205556568049734,27.67,0.0
717.0,2026,10,1,P,0.009534895075854831,-0.15147998282422154,66,0.1998779008002038,1.94,1.99,QQQ,put,2026-10-01,mid,short,740.745,-345300.58272295626,345300.58272295626,-3.205556568049734,1.9649999999999999,0.0
717.0,2026,10,2,C,0.009478140370120654,0.8327640794833641,894,0.21551583257561066,27.33,27.88,QQQ,call,2026-10-02,mid,short,740.745,4649412.859220392,4649412.859220392,-3.205556568049734,27.604999999999997,0.0
717.0,2026,10,2,P,0.009478140370120654,-0.16723592051663597,1254,0.20451080091715837,2.36,2.42,QQQ,put,2026-10-02,mid,short,740.745,-6521659.648168201,6521659.648168201,-3.205556568049734,2.3899999999999997,0.0
717.0,2026,10,9,C,0.00884739535334272,0.7909814420617476,400,0.20297699757475382,29.34,31.58,QQQ,call,2026-10-09,mid,short,740.745,1941837.4976530704,1941837.4976530704,-3.205556568049734,30.46,0.0
717.0,2026,10,9,P,0.00884739535334272,-0.20901855793825236,553,0.19663370811622777,3.88,3.96,QQQ,put,2026-10-09,mid,short,740.745,-2684590.34050537,2684590.34050537,-3.205556568049734,3.92,0.0
717.0,2026,10,16,C,0.008114554051145284,0.7614453135327629,2501,0.17605700874935615,29.98,32.23,QQQ,call,2026-10-16,mid,short,740.745,11135656.005120266,11135656.005120266,-3.205556568049734,31.104999999999997,0.0
717.0,2026,10,16,P,0.008114554051145284,-0.2385546864672371,2827,0.19638377166903098,5.46,5.53,QQQ,put,2026-10-16,mid,short,740.745,-12587164.944612151,12587164.944612151,-3.205556568049734,5.495,0.0
717.0,2026,10,23,C,0.0074527119088577416,0.740117338004892,355,0.20321956380707165,33.64,34.14,QQQ,call,2026-10-23,mid,short,740.745,1451710.9209483347,1451710.9209483347,-3.205556568049734,33.89,0.0
717.0,2026,10,23,P,0.0074527119088577416,-0.25988266199510796,219,0.19754655847683802,6.98,7.1,QQQ,put,2026-10-23,mid,short,740.745,-895562.5117962967,895562.5117962967,-3.205556568049734,7.04,0.0
717.0,2026,10,30,C,0.006760952745763703,0.7195543614637108,429,0.21136789038842566,36.23,36.91,QQQ,call,2026-10-30,mid,short,740.745,1591485.368004881,1591485.368004881,-3.205556568049734,36.56999999999999,0.0
717.0,2026,10,30,P,0.006760952745763703,-0.2804456385362892,672,0.20468200486839602,8.88,9.06,QQQ,put,2026-10-30,mid,short,740.745,-2492956.1009307234,2492956.1009307234,-3.205556568049734,8.97,0.0
717.0,2026,11,30,C,0.0052196394620554806,0.6860358621804217,416,0.21336713004917054,44.15,44.75,QQQ,call,2026-11-30,mid,short,740.745,1191437.5786239,1191437.5786239,-3.205556568049734,44.45,0.0
717.0,2026,11,30,P,0.0052196394620554806,-0.3139641378195783,37,0.20822583268703584,14.33,14.61,QQQ,put,2026-11-30,mid,short,740.745,-105969.20771414493,105969.20771414493,-3.205556568049734,14.469999999999999,0.0
718.0,2026,9,21,C,0.009141550823571761,0.9156449079894855,3467,0.0,22.0,24.81,QQQ,call,2026-09-21,mid,short,740.745,17390464.29880564,17390464.29880564,-3.070557344295271,23.405,0.0
718.0,2026,9,21,P,0.009141550823571761,-0.08435509201051448,7518,3.788789169776598,0.0,0.01,QQQ,put,2026-09-21,mid,short,740.745,-37710271.30038097,37710271.30038097,-3.070557344295271,0.005,0.0
718.0,2026,9,22,C,0.0036188773952454357,0.9844570105021828,1246,0.598456871555773,21.24,24.73,QQQ,call,2026-09-22,mid,short,740.745,2474169.047747101,2474169.047747101,-3.070557344295271,22.985,157.0
718.0,2026,9,22,P,0.0036188773952454357,-0.015542989497817215,1486,0.2712639996245755,0.05,0.07,QQQ,put,2026-09-22,mid,short,740.745,-2950734.5144078596,2950734.5144078596,-3.070557344295271,0.060000000000000005,0.0
718.0,2026,9,23,C,0.006186970215057739,0.9629231959988457,744,0.47711791128094116,21.43,25.54,QQQ,call,2026-09-23,mid,short,740.745,2525738.697323626,2525738.697323626,-3.070557344295271,23.485,0.0
718.0,2026,9,23,P,0.006186970215057739,-0.03707680400115427,559,0.23764672279603793,0.19,0.2,QQQ,put,2026-09-23,mid,short,740.745,-1897698.833069767,1897698.833069767,-3.070557344295271,0.195,0.0
718.0,2026,9,24,C,0.00806341867843595,0.9368646460975137,452,0.22063388784310461,23.34,25.82,QQQ,call,2026-09-24,mid,short,740.745,1999839.3176536858,1999839.3176536858,-3.070557344295271,24.58,0.0
718.0,2026,9,24,P,0.00806341867843595,-0.06313535390248623,244,0.22709360860521516,0.41,0.44,QQQ,put,2026-09-24,mid,short,740.745,-1079559.2776714587,1079559.2776714587,-3.070557344295271,0.425,0.0
718.0,2026,9,25,C,0.00898677560390308,0.9163694839574751,2744,0.24432607220362446,24.03,24.55,QQQ,call,2026-09-25,mid,short,740.745,13530861.917484948,13530861.917484948,-3.070557344295271,24.29,0.0
718.0,2026,9,25,P,0.00898677560390308,-0.08363051604252493,13013,0.21889918834357439,0.64,0.68,QQQ,put,2026-09-25,mid,short,740.745,-64168041.59337889,64168041.59337889,-3.070557344295271,0.66,0.0
718.0,2026,9,28,C,0.009590113163237187,0.8923522260665024,169,0.15893803088922884,23.82,26.65,QQQ,call,2026-09-28,mid,short,740.745,889299.1841018397,889299.1841018397,-3.070557344295271,25.235,0.0
718.0,2026,9,28,P,0.009590113163237187,-0.10764777393349757,160,0.18766173046996523,1.0,1.02,QQQ,put,2026-09-28,mid,short,740.745,-841940.0559544043,841940.0559544043,-3.070557344295271,1.01,0.0
718.0,2026,9,29,C,0.009842454958286784,0.8754426456901185,117,0.18668317450846347,24.6,27.15,QQQ,call,2026-09-29,mid,short,740.745,631868.5723899993,631868.5723899993,-3.070557344295271,25.875,0.0
718.0,2026,9,29,P,0.009842454958286784,-0.12455735430988146,90,0.18912957913190148,1.28,1.33,QQQ,put,2026-09-29,mid,short,740.745,-486052.7479923072,486052.7479923072,-3.070557344295271,1.3050000000000002,0.0
718.0,2026,9,30,C,0.009968239188976512,0.8559614670421669,595,0.19425589710799784,25.12,25.76,QQQ,call,2026-09-30,mid,short,740.745,3254414.5543559804,3254414.5543559804,-3.070557344295271,25.44,0.0
718.0,2026,9,30,P,0.009968239188976512,-0.14403853295783312,1345,0.1947447463699436,1.68,1.73,QQQ,put,2026-09-30,mid,short,740.745,-7356617.774132425,7356617.774132425,-3.070557344295271,1.705,0.0
718.0,2026,10,1,C,0.009951789912671156,0.8407911663010201,22,0.1966847622321196,25.54,28.0,QQQ,call,2026-10-01,mid,short,740.745,120132.72751102994,120132.72751102994,-3.070557344295271,26.77,0.0
718.0,2026,10,1,P,0.009951789912671156,-0.15920883369897984,19,0.1977493775113082,2.04,2.1,QQQ,put,2026-10-01,mid,short,740.745,-103750.99194134404,103750.99194134404,-3.070557344295271,2.0700000000000003,0.0
718.0,2026,10,2,C,0.00984979988121683,0.8248770257086272,1174,0.2133657947437328,26.45,26.98,QQQ,call,2026-10-02,mid,short,740.745,6345019.502375351,6345019.502375351,-3.070557344295271,26.715,0.0
718.0,2026,10,2,P,0.00984979988121683,-0.17512297429137283,922,0.20269882393380215,2.48,2.54,QQQ,put,2026-10-02,mid,short,740.745,-4983056.202035839,4983056.202035839,-3.070557344295271,2.51,0.0
718.0,2026,10,9,C,0.009100290825803612,0.7832365621449052,317,0.2010493960928594,28.48,30.74,QQQ,call,2026-10-09,mid,short,740.745,1582894.5772210313,1582894.5772210313,-3.070557344295271,29.61,0.0
718.0,2026,10,9,P,0.009100290825803612,-0.21676343785509475,1091,0.19528424735677452,4.04,4.12,QQQ,put,2026-10-09,mid,short,740.745,-5447753.891949984,5447753.891949984,-3.070557344295271,4.08,0.0
718.0,2026,10,16,C,0.008293755913894918,0.7540448415762218,8814,0.20228027551214148,30.79,31.27,QQQ,call,2026-10-16,mid,short,740.745,40110839.665777735,40110839.665777735,-3.070557344295271,31.03,0.0
718.0,2026,10,16,P,0.008293755913894918,-0.24595515842377821,3616,0.195273259225816,5.65,5.73,QQQ,put,2026-10-16,mid,short,740.745,-16455729.093652401,16455729.093652401,-3.070557344295271,5.69,0.0
718.0,2026,10,23,C,0.007591966680788114,0.7333675999133306,71,0.20031541406209896,32.72,34.56,QQQ,call,2026-10-23,mid,short,740.745,295767.26101211115,295767.26101211115,-3.070557344295271,33.64,0.0
718.0,2026,10,23,P,0.007591966680788114,-0.26663240008666944,309,0.19641643912232085,7.18,7.31,QQQ,put,2026-10-23,mid,short,740.745,-1287212.4458132724,1287212.4458132724,-3.070557344295271,7.244999999999999,0.0
718.0,2026,10,30,C,0.006863596496728535,0.7132876616347008,477,0.2103396391606077,35.46,36.13,QQQ,call,2026-10-30,mid,short,740.745,1796418.754077552,1796418.754077552,-3.070557344295271,35.795,0.0
718.0,2026,10,30,P,0.006863596496728535,-0.28671233836529925,379,0.20377404232396648,9.11,9.29,QQQ,put,2026-10-30,mid,short,740.745,-1427343.2029253503,1427343.2029253503,-3.070557344295271,9.2,0.0
718.0,2026,11,30,C,0.005268727053340601,0.6809748645001779,373,0.21269453585153258,43.43,44.03,QQQ,call,2026-11-30,mid,short,740.745,1078330.7496108175,1078330.7496108175,-3.070557344295271,43.730000000000004,0.0
718.0,2026,11,30,P,0.005268727053340601,-0.31902513549982214,54,0.2080850156378352,14.66,14.85,QQQ,put,2026-11-30,mid,short,740.745,-156112.22648521222,156112.22648521222,-3.070557344295271,14.754999999999999,0.0
719.0,2026,9,21,C,0.009890432505586084,0.9068133212815709,3340,0.0,20.68,24.29,QQQ,call,2026-09-21,mid,short,740.745,18125884.478058845,18125884.478058845,-2.9355581205408074,22.485,0.0
719.0,2026,9,21,P,0.009890432505586084,-0.09318667871842916,7029,3.636659697169233,0.0,0.01,QQQ,put,2026-09-21,mid,short,740.745,-38145761.07672924,38145761.07672924,-2.9355581205408074,0.005,0.0
719.0,2026,9,22,C,0.004191818588885804,0.9818975097368026,902,0.2919623779680591,21.93,23.27,QQQ,call,2026-09-22,mid,short,740.745,2074657.804682704,2074657.804682704,-2.9355581205408074,22.6,205.0
719.0,2026,9,22,P,0.004191818588885804,-0.018102490263197442,1218,0.2676056472278722,0.06,0.08,QQQ,put,2026-09-22,mid,short,740.745,-2801478.0555471545,2801478.0555471545,-2.9355581205408074,0.07,0.0
719.0,2026,9,23,C,0.0069056876637225125,0.9583028602657008,550,0.2161638885879517,22.04,22.92,QQQ,call,2026-09-23,mid,short,740.745,2084044.9347859698,2084044.9347859698,-2.9355581205408074,22.48,0.0
719.0,2026,9,23,P,0.0069056876637225125,-0.04169713973429926,360,0.2333079958478652,0.21,0.23,QQQ,put,2026-09-23,mid,short,740.745,-1364102.139132635,1364102.139132635,-2.9355581205408074,0.22,0.0
719.0,2026,9,24,C,0.008766672869668337,0.9309866758758263,549,0.2178547353472067,22.38,24.93,QQQ,call,2026-09-24,mid,short,740.745,2640855.283399839,2640855.283399839,-2.9355581205408074,23.655,0.0
719.0,2026,9,24,P,0.008766672869668337,-0.06901332412417371,125,0.2238876360978079,0.45,0.48,QQQ,put,2026-09-24,mid,short,740.745,-601287.632832386,601287.632832386,-2.9355581205408074,0.46499999999999997,0.0
719.0,2026,9,25,C,0.00965440302352878,0.9095670409286292,2510,0.2399020125402625,23.08,23.61,QQQ,call,2026-09-25,mid,short,740.745,13296477.511221783,13296477.511221783,-2.9355581205408074,23.345,0.0
719.0,2026,9,25,P,0.00965440302352878,-0.09043295907137082,674,0.2164937433234735,0.7,0.73,QQQ,put,2026-09-25,mid,short,740.745,-3570448.542853977,3570448.542853977,-2.9355581205408074,0.715,0.0
719.0,2026,9,28,C,0.010175054887704562,0.8853451099528078,301,0.15827568542998052,22.89,25.73,QQQ,call,2026-09-28,mid,short,740.745,1680508.5005502484,1680508.5005502484,-2.9355581205408074,24.310000000000002,0.0
719.0,2026,9,28,P,0.010175054887704562,-0.11465489004719222,206,0.18429988732044808,1.05,1.1,QQQ,put,2026-09-28,mid,short,740.745,-1150115.4522038244,1150115.4522038244,-2.9355581205408074,1.0750000000000002,0.0
719.0,2026,9,29,C,0.0103831019644872,0.8676450972579864,54,0.1848717351386925,23.69,26.24,QQQ,call,2026-09-29,mid,short,740.745,307651.00357046176,307651.00357046176,-2.9355581205408074,24.965,0.0
719.0,2026,9,29,P,0.0103831019644872,-0.13235490274201353,66,0.18724834288862421,1.37,1.41,QQQ,put,2026-09-29,mid,short,740.745,-376017.89325278654,376017.89325278654,-2.9355581205408074,1.3900000000000001,0.0
719.0,2026,9,30,C,0.010447356589848904,0.8479053681158248,760,0.1918549937844318,24.21,26.51,QQQ,call,2026-09-30,mid,short,740.745,4356698.117116203,4356698.117116203,-2.9355581205408074,25.36,0.0
719.0,2026,9,30,P,0.010447356589848904,-0.15209463188417519,460,0.19273085893811753,1.78,1.83,QQQ,put,2026-09-30,mid,short,740.745,-2636948.8603598066,2636948.8603598066,-2.9355581205408074,1.8050000000000002,0.0
719.0,2026,10,1,C,0.010381438654424587,0.8323196545321849,47,0.19632688451158944,24.7,27.14,QQQ,call,2026-10-01,mid,short,740.745,267727.4227389193,267727.4227389193,-2.9355581205408074,25.92,0.0
719.0,2026,10,1,P,0.010381438654424587,-0.1676803454678151,45,0.19608250038930983,2.16,2.22,QQQ,put,2026-10-01,mid,short,740.745,-256334.76645215676,256334.76645215676,-2.9355581205408074,2.1900000000000004,0.0
719.0,2026,10,2,C,0.0102321706931185,0.8166720643891336,641,0.21132933917397304,25.58,26.11,QQQ,call,2026-10-02,mid,short,740.745,3598846.0032658847,3598846.0032658847,-2.9355581205408074,25.845,0.0
719.0,2026,10,2,P,0.0102321706931185,-0.18332793561086635,418,0.20069571203719253,2.6,2.67,QQQ,put,2026-10-02,mid,short,740.745,-2346829.374984618,2346829.374984618,-2.9355581205408074,2.635,0.0
719.0,2026,10,9,C,0.009357274560634132,0.7752667899941414,622,0.1996110767513245,27.65,29.91,QQQ,call,2026-10-09,mid,short,740.745,3193575.697937884,3193575.697937884,-2.9355581205408074,28.78,0.0
719.0,2026,10,9,P,0.009357274560634132,-0.22473321000585852,314,0.1937989140553241,4.2,4.29,QQQ,put,2026-10-09,mid,short,740.745,-1612190.9471905073,1612190.9471905073,-2.9355581205408074,4.245,0.0
719.0,2026,10,16,C,0.00848050647374465,0.7467243415591673,3280,0.2010747604538387,29.99,30.47,QQQ,call,2026-10-16,mid,short,740.745,15262760.559399895,15262760.559399895,-2.9355581205408074,30.229999999999997,0.0
719.0,2026,10,16,P,0.00848050647374465,-0.25327565844083266,3431,0.19405834112226059,5.84,5.91,QQQ,put,2026-10-16,mid,short,740.745,-15965405.938811295,15965405.938811295,-2.9355581205408074,5.875,0.0
719.0,2026,10,23,C,0.007730158292231658,0.726415511969348,124,0.19969099430622128,31.97,32.55,QQQ,call,2026-10-23,mid,short,740.745,525953.7182299818,525953.7182299818,-2.9355581205408074,32.26,0.0
719.0,2026,10,23,P,0.007730158292231658,-0.27358448803065205,128,0.19548067305272276,7.4,7.52,QQQ,put,2026-10-23,mid,short,740.745,-542919.9672051427,542919.9672051427,-2.9355581205408074,7.46,0.0
719.0,2026,10,30,C,0.006973854103008625,0.7071567006890024,370,0.20936655713243144,34.7,35.36,QQQ,call,2026-10-30,mid,short,740.745,1415833.0271318033,1415833.0271318033,-2.9355581205408074,35.03,0.0
719.0,2026,10,30,P,0.006973854103008625,-0.2928432993109976,788,0.2023169485802863,9.3,9.52,QQQ,put,2026-10-30,mid,short,740.745,-3015341.690215841,3015341.690215841,-2.9355581205408074,9.41,0.0
719.0,2026,11,30,C,0.00532279019957137,0.6760221160019924,464,0.21198361595876583,42.71,43.3,QQQ,call,2026-11-30,mid,short,740.745,1355173.1440830056,1355173.1440830056,-2.9355581205408074,43.004999999999995,0.0
719.0,2026,11,30,P,0.00532279019957137,-0.3239778839980077,12,0.20695434202317445,14.88,15.15,QQQ,put,2026-11-30,mid,short,740.745,-35047.581312491515,35047.581312491515,-2.9355581205408074,15.015,0.0
720.0,2026,9,22,C,0.004657660940587703,0.980224738534495,2007,0.5650926168704431,19.33,22.75,QQQ,call,2026-09-22,mid,short,740.745,5129236.219046324,5129236.219046324,-2.800558896786344,21.04,868.0
720.0,2026,9,22,P,0.004657660940587703,-0.019775261465504977,1383,0.2628055753083343,0.07,0.08,QQQ,put,2026-09-22,mid,short,740.745,-3534496.1090887226,3534496.1090887226,-2.800558896786344,0.07500000000000001,0.0
720.0,2026,9,23,C,0.007611235868538037,0.9541921775433767,10460,0.210328712575838,21.05,21.94,QQQ,call,2026-09-23,mid,short,740.745,43684193.549027555,43684193.549027555,-2.800558896786344,21.495,0.0
720.0,2026,9,23,P,0.007611235868538037,-0.045807822456623265,454,0.22847420488506215,0.23,0.25,QQQ,put,2026-09-23,mid,short,740.745,-1896044.347156645,1896044.347156645,-2.800558896786344,0.24,0.0
720.0,2026,9,24,C,0.009487187134077948,0.9253983530639109,1095,0.21896555717399746,21.46,23.87,QQQ,call,2026-09-24,mid,short,740.745,5700186.216495368,5700186.216495368,-2.800558896786344,22.665,0.0
720.0,2026,9,24,P,0.009487187134077948,-0.07460164693608906,235,0.22021820348659513,0.49,0.51,QQQ,put,2026-09-24,mid,short,740.745,-1223327.6355035722,1223327.6355035722,-2.800558896786344,0.5,0.0
720.0,2026,9,25,C,0.01035671948796387,0.9025688997812387,5889,0.23652755660305694,22.15,22.59,QQQ,call,2026-09-25,mid,short,740.745,33465801.075406294,33465801.075406294,-2.800558896786344,22.369999999999997,0.0
720.0,2026,9,25,P,0.01035671948796387,-0.09743110021876135,2860,0.21364970518308796,0.76,0.78,QQQ,put,2026-09-25,mid,short,740.745,-16252706.924038377,16252706.924038377,-2.800558896786344,0.77,0.0
720.0,2026,9,28,C,0.01079992299119845,0.8775215214599156,1508,0.1733486883587165,22.25,23.05,QQQ,call,2026-09-28,mid,short,740.745,8936335.343500819,8936335.343500819,-2.800558896786344,22.65,0.0
720.0,2026,9,28,P,0.01079992299119845,-0.12247847854008441,500,0.18221255234284864,1.13,1.17,QQQ,put,2026-09-28,mid,short,740.745,-2962975.9096488124,2962975.9096488124,-2.800558896786344,1.15,0.0
720.0,2026,9,29,C,0.010950182453142493,0.8591429595888113,796,0.1840266428201423,22.81,25.22,QQQ,call,2026-09-29,mid,short,740.745,4782686.12947039,4782686.12947039,-2.800558896786344,24.015,0.0
720.0,2026,9,29,P,0.010950182453142493,-0.14085704041118877,361,0.18509582842205505,1.46,1.51,QQQ,put,2026-09-29,mid,short,740.745,-2169032.2773100636,2169032.2773100636,-2.800558896786344,1.4849999999999999,0.0
720.0,2026,9,30,C,0.010944450650475931,0.8392363172918562,38006,0.1906721900971674,23.34,23.91,QQQ,call,2026-09-30,mid,short,740.745,228235706.40101075,228235706.40101075,-2.800558896786344,23.625,0.0
720.0,2026,9,30,P,0.010944450650475931,-0.1607636827081438,3963,0.19084162382959413,1.89,1.94,QQQ,put,2026-09-30,mid,short,740.745,-23798823.987454765,23798823.987454765,-2.800558896786344,1.915,0.0
720.0,2026,10,1,C,0.010825136888890679,0.8236913946295616,344,0.18960128156338657,23.67,26.2,QQQ,call,2026-10-01,mid,short,740.745,2043286.646992069,2043286.646992069,-2.800558896786344,24.935000000000002,0.0
720.0,2026,10,1,P,0.010825136888890679,-0.17630860537043838,220,0.19418855377886562,2.28,2.34,QQQ,put,2026-10-01,mid,short,740.745,-1306753.0881926024,1306753.0881926024,-2.800558896786344,2.3099999999999996,0.0
720.0,2026,10,2,C,0.010621371246223373,0.8078174604010806,2373,0.20883695312521047,24.7,25.25,QQQ,call,2026-10-02,mid,short,740.745,13829796.33472264,13829796.33472264,-2.800558896786344,24.975,0.0
720.0,2026,10,2,P,0.010621371246223373,-0.19218253959891943,1573,0.19936448910169893,2.75,2.8,QQQ,put,2026-10-02,mid,short,740.745,-9167412.403926974,9167412.403926974,-2.800558896786344,2.775,0.0
720.0,2026,10,5,C,0.01035866708825633,0.7976170801662499,0,0.14849994077017953,23.52,27.44,QQQ,call,2026-10-05,mid,short,740.745,0.0,0.0,-2.800558896786344,25.48,0.0
720.0,2026,10,5,P,0.01035866708825633,-0.20238291983375012,0,0.1868916958024715,3.11,3.17,QQQ,put,2026-10-05,mid,short,740.745,-0.0,0.0,-2.800558896786344,3.1399999999999997,0.0
720.0,2026,10,9,C,0.009618378930939446,0.7670685712667851,1376,0.19862907443972586,26.85,27.4,QQQ,call,2026-10-09,mid,short,740.745,7262025.575110265,7262025.575110265,-2.800558896786344,27.125,0.0
720.0,2026,10,9,P,0.009618378930939446,-0.23293142873321487,497,0.19257909979731952,4.38,4.45,QQQ,put,2026-10-09,mid,short,740.745,-2622984.528219333,2622984.528219333,-2.800558896786344,4.415,0.0
720.0,2026,10,16,C,0.008658260036745746,0.7388300823925256,19750,0.19835486080832002,29.1,29.62,QQQ,call,2026-10-16,mid,short,740.745,93828588.33398797,93828588.33398797,-2.800558896786344,29.36,0.0
720.0,2026,10,16,P,0.008658260036745746,-0.2611699176074745,8509,0.19305849079682227,6.05,6.13,QQQ,put,2026-10-16,mid,short,740.745,-40424681.42450144,40424681.42450144,-2.800558896786344,6.09,0.0
720.0,2026,10,23,C,0.007865097246176725,0.7192055218257344,726,0.19816639393594299,31.16,31.77,QQQ,call,2026-10-23,mid,short,740.745,3133128.2670013714,3133128.2670013714,-2.800558896786344,31.465,0.0
720.0,2026,10,23,P,0.007865097246176725,-0.2807944781742656,510,0.19459427443785812,7.63,7.75,QQQ,put,2026-10-23,mid,short,740.745,-2200957.87351336,2200957.87351336,-2.800558896786344,7.6899999999999995,0.0
720.0,2026,10,30,C,0.00708620935651178,0.7009503587066976,1737,0.20809125310167206,33.92,34.34,QQQ,call,2026-10-30,mid,short,740.745,6753847.573795841,6753847.573795841,-2.800558896786344,34.13,0.0
720.0,2026,10,30,P,0.00708620935651178,-0.2990496412933024,1321,0.20139741434444583,9.54,9.7,QQQ,put,2026-10-30,mid,short,740.745,-5136345.794464195,5136345.794464195,-2.800558896786344,9.62,0.0
720.0,2026,11,20,C,0.0056905094403724606,0.6744239659853681,11606,0.21342680452418913,39.89,40.58,QQQ,call,2026-11-20,mid,short,740.745,36238580.01303203,36238580.01303203,-2.800558896786344,40.235,0.0
720.0,2026,11,20,P,0.0056905094403724606,-0.3255760340146318,6522,0.2098898855867436,14.04,14.21,QQQ,put,2026-11-20,mid,short,740.745,-20364295.95424736,20364295.95424736,-2.800558896786344,14.125,0.0
720.0,2026,11,30,C,0.0053690969363715205,0.6707961023043743,417,0.21114961465806084,41.98,42.68,QQQ,call,2026-11-30,mid,short,740.745,1228498.8587354221,1228498.8587354221,-2.800558896786344,42.33,0.0
720.0,2026,11,30,P,0.0053690969363715205,-0.3292038976956258,176,0.20672799949940382,15.21,15.43,QQQ,put,2026-11-30,mid,short,740.745,-518503.1154374922,518503.1154374922,-2.800558896786344,15.32,0.0
720.0,2026,12,18,C,0.004708580006854585,0.6609643502147927,14694,0.2176920655184154,46.76,47.44,QQQ,call,2026-12-18,mid,short,740.745,37963605.0938639,37963605.0938639,-2.800558896786344,47.099999999999994,0.0
720.0,2026,12,18,P,0.004708580006854585,-0.3390356497852073,13239,0.21310398316181325,18.49,18.64,QQQ,put,2026-12-18,mid,short,740.745,-34204448.60743596,34204448.60743596,-2.800558896786344,18.564999999999998,0.0
720.0,2026,12,31,C,0.0044091740083024925,0.6581337469917374,2021,0.21315552005136051,48.81,51.22,QQQ,call,2026-12-31,mid,short,740.745,4889461.260297213,4889461.260297213,-2.800558896786344,50.015,0.0
720.0,2026,12,31,P,0.0044091740083024925,-0.34186625300826257,2376,0.21290123639386366,20.1,20.32,QQQ,put,2026-12-31,mid,short,740.745,-5748322.590037693,5748322.590037693,-2.800558896786344,20.21,0.0
720.0,2027,1,15,C,0.004091031792314846,0.6550683554262566,4854,0.21851258206986307,52.54,53.35,QQQ,call,2027-01-15,mid,short,740.745,10896074.999198077,10896074.999198077,-2.800558896786344,52.945,0.0
720.0,2027,1,15,P,0.004091031792314846,-0.34493164457374337,8152,0.21476592755066112,22.12,22.38,QQQ,put,2027-01-15,mid,short,740.745,-18299300.245872006,18299300.245872006,-2.800558896786344,22.25,0.0
720.0,2027,2,19,C,0.0035528000112230833,0.6518355045625785,1228,0.22055608050066222,59.29,61.83,QQQ,call,2027-02-19,mid,short,740.745,2393903.2025064207,2393903.2025064207,-2.800558896786344,60.56,0.0
720.0,2027,2,19,P,0.0035528000112230833,-0.3481644954374214,438,0.2174047506442023,26.17,26.51,QQQ,put,2027-02-19,mid,short,740.745,-853851.4679949608,853851.4679949608,-2.800558896786344,26.340000000000003,0.0
720.0,2027,3,19,C,0.0032155249415001096,0.6505043661928839,5381,0.22557884029358724,64.99,67.59,QQQ,call,2027-03-19,mid,short,740.745,9494067.869569728,9494067.869569728,-2.800558896786344,66.28999999999999,0.0
720.0,2027,3,19,P,0.0032155249415001096,-0.3494956338071161,7108,0.22090098676280165,29.36,29.76,QQQ,put,2027-03-19,mid,short,740.745,-12541132.580728792,12541132.580728792,-2.800558896786344,29.560000000000002,0.0
720.0,2027,3,31,C,0.0030736021600532627,0.6497101525365203,514,0.22000316666181988,65.86,69.44,QQQ,call,2027-03-31,mid,short,740.745,866858.5340916205,866858.5340916205,-2.800558896786344,67.65,0.0
720.0,2027,3,31,P,0.0030736021600532627,-0.3502898474634797,626,0.2174231951653126,29.69,32.68,QQQ,put,2027-03-31,mid,short,740.745,-1055745.996773063,1055745.996773063,-2.800558896786344,31.185000000000002,0.0
720.0,2027,6,17,C,0.0025081427691162517,0.651881267831665,4765,0.23648955962055798,81.38,83.83,QQQ,call,2027-06-17,mid,short,740.745,6557716.178429338,6557716.178429338,-2.800558896786344,82.60499999999999,0.0
720.0,2027,6,17,P,0.0025081427691162517,-0.34811873216833494,4735,0.22921953214855603,38.01,39.21,QQQ,put,2027-06-17,mid,short,740.745,-6516429.402909322,6516429.402909322,-2.800558896786344,38.61,0.0
720.0,2027,6,30,C,0.002427324419228338,0.6522270768384861,142,0.23308894093075658,82.46,86.0,QQQ,call,2027-06-30,mid,short,740.745,189127.0405281737,189127.0405281737,-2.800558896786344,84.22999999999999,0.0
720.0,2027,6,30,P,0.002427324419228338,-0.3477729231615139,1312,0.22816148550166332,38.62,41.34,QQQ,put,2027-06-30,mid,short,740.745,-1747427.304034957,1747427.304034957,-2.800558896786344,39.980000000000004,0.0
720.0,2027,9,17,C,0.0020980272825811028,0.6575151489602375,6072,0.24004449060269062,95.13,98.67,QQQ,call,2027-09-17,mid,short,740.745,6990051.117312887,6990051.117312887,-2.800558896786344,96.9,0.0
720.0,2027,9,17,P,0.0020980272825811028,-0.3424848510397625,985,0.23392246152486865,44.8,46.86,QQQ,put,2027-09-17,mid,short,740.745,-1133926.2764415666,1133926.2764415666,-2.800558896786344,45.83,0.0
720.0,2027,12,17,C,0.0018269828342448353,0.6642167585285123,1110,0.24273672158597442,107.52,112.5,QQQ,call,2027-12-17,mid,short,740.745,1112743.0823125904,1112743.0823125904,-2.800558896786344,110.00999999999999,0.0
720.0,2027,12,17,P,0.0018269828342448353,-0.33578324147148775,1621,0.23699080096050948,50.25,53.33,QQQ,put,2027-12-17,mid,short,740.745,-1625005.8886745123,1625005.8886745123,-2.800558896786344,51.79,0.0
720.0,2028,1,21,C,0.0017571523263451793,0.6673277735123695,433,0.2419385549176451,111.51,116.0,QQQ,call,2028-01-21,mid,short,740.745,417479.1259657762,417479.1259657762,-2.800558896786344,113.755,0.0
720.0,2028,1,21,P,0.0017571523263451793,-0.33267222648763045,7042,0.23439435351303597,51.0,55.5,QQQ,put,2028-01-21,mid,short,740.745,-6789579.688339483,6789579.688339483,-2.800558896786344,53.25,0.0
720.0,2028,6,16,C,0.001491319185939191,0.6786732375851457,449,0.24870279389335284,130.5,135.5,QQQ,call,2028-06-16,mid,short,740.745,367412.9025708928,367412.9025708928,-2.800558896786344,133.0,0.0
720.0,2028,6,16,P,0.001491319185939191,-0.32132676241485425,212,0.23889441228363387,58.0,63.0,QQQ,put,2028-06-16,mid,short,740.745,-173477.80700451956,173477.80700451956,-2.800558896786344,60.5,0.0
720.0,2028,12,15,C,0.0012652130860797777,0.6920275382238013,414,0.2527301234617177,151.0,156.0,QQQ,call,2028-12-15,mid,short,740.745,287409.73461390886,287409.73461390886,-2.800558896786344,153.5,0.0
720.0,2028,12,15,P,0.0012652130860797777,-0.3079724617761988,785,0.2446118416141347,65.5,70.5,QQQ,put,2028-12-15,mid,short,740.745,-544967.7335070494,544967.7335070494,-2.800558896786344,68.0,0.0
720.0,2029,1,19,C,0.0012335352291049275,0.6946213611773668,16,0.25280639953143297,154.5,159.5,QQQ,call,2029-01-19,mid,short,740.745,10829.514752709758,10829.514752709758,-2.800558896786344,157.0,0.0
720.0,2029,1,19,P,0.0012335352291049275,-0.30537863882263316,0,0.24487896168539583,66.5,71.5,QQQ,put,2029-01-19,mid,short,740.745,-0.0,0.0,-2.800558896786344,69.0,0.0
721.0,2026,9,21,C,0.011199257814191062,0.8982077458287943,7006,9.465812959303882,19.25,21.79,QQQ,call,2026-09-21,mid,short,740.745,43052347.084674664,43052347.084674664,-2.6655596730318805,20.52,0.0
721.0,2026,9,21,P,0.011199257814191062,-0.1017922541712057,1961,3.331230998426427,0.0,0.01,QQQ,put,2026-09-21,mid,short,740.745,-12050478.537403228,12050478.537403228,-2.6655596730318805,0.005,0.0
721.0,2026,9,22,C,0.005175493813825875,0.9784445477221457,1744,0.268949452538787,19.93,21.75,QQQ,call,2026-09-22,mid,short,740.745,4952628.2640958475,4952628.2640958475,-2.6655596730318805,20.84,334.0
721.0,2026,9,22,P,0.005175493813825875,-0.021555452277854246,357,0.2518720162569727,0.07,0.09,QQQ,put,2026-09-22,mid,short,740.745,-1013812.0930517301,1013812.0930517301,-2.6655596730318805,0.08,0.0
721.0,2026,9,23,C,0.008429397531444498,0.9492352207157508,565,0.43963904801057196,19.88,22.58,QQQ,call,2026-09-23,mid,short,740.745,2613258.916561902,2613258.916561902,-2.6655596730318805,21.229999999999997,0.0
721.0,2026,9,23,P,0.008429397531444498,-0.05076477928424917,210,0.22497619660745324,0.26,0.27,QQQ,put,2026-09-23,mid,short,740.745,-971299.7742973441,971299.7742973441,-2.6655596730318805,0.265,0.0
721.0,2026,9,24,C,0.010325017917754266,0.9181642203374454,429,0.21592316211605164,20.51,22.75,QQQ,call,2026-09-24,mid,short,740.745,2430443.69017225,2430443.69017225,-2.6655596730318805,21.630000000000003,0.0
721.0,2026,9,24,P,0.010325017917754266,-0.08183577966255458,453,0.2161239893822579,0.53,0.57,QQQ,put,2026-09-24,mid,short,740.745,-2566412.5679441243,2566412.5679441243,-2.6655596730318805,0.55,0.0
721.0,2026,9,25,C,0.011130110763628165,0.8942153391117098,1796,0.23280523295419095,21.22,21.73,QQQ,call,2026-09-25,mid,short,740.745,10968399.897637753,10968399.897637753,-2.6655596730318805,21.475,0.0
721.0,2026,9,25,P,0.011130110763628165,-0.10578466088829025,829,0.21040160980832848,0.82,0.86,QQQ,put,2026-09-25,mid,short,740.745,-5062808.193286024,5062808.193286024,-2.6655596730318805,0.84,0.0
721.0,2026,9,28,C,0.011462333807976618,0.8688880667096944,196,0.15835723801473806,21.08,22.14,QQQ,call,2026-09-28,mid,short,740.745,1232726.0699797524,1232726.0699797524,-2.6655596730318805,21.61,0.0
721.0,2026,9,28,P,0.011462333807976618,-0.13111193329030554,136,0.1798242997473584,1.21,1.26,QQQ,put,2026-09-28,mid,short,740.745,-855360.9465165632,855360.9465165632,-2.6655596730318805,1.2349999999999999,0.0
721.0,2026,9,29,C,0.01154043558399886,0.8504456409119672,138,0.18202051087999085,21.91,24.33,QQQ,call,2026-09-29,mid,short,740.745,873853.7313118075,873853.7313118075,-2.6655596730318805,23.119999999999997,0.0
721.0,2026,9,29,P,0.01154043558399886,-0.14955435908803288,55,0.18308001745397603,1.56,1.6,QQQ,put,2026-09-29,mid,short,740.745,-348275.0378416624,348275.0378416624,-2.6655596730318805,1.58,0.0
721.0,2026,9,30,C,0.01145793504133528,0.8299620031991746,25230,0.1891931034452177,22.47,23.09,QQQ,call,2026-09-30,mid,short,740.745,158621138.8559723,158621138.8559723,-2.6655596730318805,22.78,0.0
721.0,2026,9,30,P,0.01145793504133528,-0.17003799680082546,416,0.18904898357052127,2.01,2.06,QQQ,put,2026-09-30,mid,short,740.745,-2615394.1246169033,2615394.1246169033,-2.6655596730318805,2.035,0.0
721.0,2026,10,1,C,0.011280954782329747,0.8145176595018762,39,0.19315591047592093,22.97,23.7,QQQ,call,2026-10-01,mid,short,740.745,241405.9237495891,241405.9237495891,-2.6655596730318805,23.335,0.0
721.0,2026,10,1,P,0.011280954782329747,-0.1854823404981239,6,0.19238260487873443,2.41,2.47,QQQ,put,2026-10-01,mid,short,740.745,-37139.37288455217,37139.37288455217,-2.6655596730318805,2.4400000000000004,0.0
721.0,2026,10,2,C,0.011019999290226908,0.7986497243260429,550,0.20564143755012326,23.8,24.39,QQQ,call,2026-10-02,mid,short,740.745,3325689.608406421,3325689.608406421,-2.6655596730318805,24.095,0.0
721.0,2026,10,2,P,0.011019999290226908,-0.20135027567395714,473,0.19752840394965981,2.89,2.95,QQQ,put,2026-10-02,mid,short,740.745,-2860093.0632295217,2860093.0632295217,-2.6655596730318805,2.92,0.0
721.0,2026,10,9,C,0.009875559485280867,0.758324822902627,522,0.1969172231254157,26.02,26.57,QQQ,call,2026-10-09,mid,short,740.745,2828587.837843973,2828587.837843973,-2.6655596730318805,26.295,0.0
721.0,2026,10,9,P,0.009875559485280867,-0.24167517709737296,66,0.19121320294764846,4.56,4.65,QQQ,put,2026-10-09,mid,short,740.745,-357637.54271590465,357637.54271590465,-2.6655596730318805,4.605,0.0
721.0,2026,10,16,C,0.008846110786878695,0.7310826585165431,2086,0.19851761730513265,28.4,29.01,QQQ,call,2026-10-16,mid,short,740.745,10125212.242189698,10125212.242189698,-2.6655596730318805,28.705,0.0
721.0,2026,10,16,P,0.008846110786878695,-0.26891734148345686,817,0.19163477760830758,6.24,6.34,QQQ,put,2026-10-16,mid,short,740.745,-3965627.2300426573,3965627.2300426573,-2.6655596730318805,6.29,0.0
721.0,2026,10,23,C,0.008006144389641845,0.7120438900502869,314,0.1975013284328128,30.42,30.99,QQQ,call,2026-10-23,mid,short,740.745,1379400.9594612056,1379400.9594612056,-2.6655596730318805,30.705,0.0
721.0,2026,10,23,P,0.008006144389641845,-0.2879561099497131,229,0.19335197790242045,7.84,7.98,QQQ,put,2026-10-23,mid,short,740.745,-1005996.24113572,1005996.24113572,-2.6655596730318805,7.91,0.0
721.0,2026,10,30,C,0.007176353051191328,0.693983340642673,472,0.20734015575725806,33.19,33.85,QQQ,call,2026-10-30,mid,short,740.745,1858588.5286796484,1858588.5286796484,-2.6655596730318805,33.519999999999996,0.0
721.0,2026,10,30,P,0.007176353051191328,-0.3060166593573271,204,0.20064425239654046,9.8,10.01,QQQ,put,2026-10-30,mid,short,740.745,-803288.2623954414,803288.2623954414,-2.6655596730318805,9.905000000000001,0.0
721.0,2026,11,30,C,0.005424269789282143,0.6657726188473538,386,0.21044758080914797,41.27,41.86,QQQ,call,2026-11-30,mid,short,740.745,1148857.1835751587,1148857.1835751587,-2.6655596730318805,41.565,0.0
721.0,2026,11,30,P,0.005424269789282143,-0.33422738115264616,53,0.2056092379224499,15.44,15.72,QQQ,put,2026-11-30,mid,short,740.745,-157744.6391955529,157744.6391955529,-2.6655596730318805,15.58,0.0
722.0,2026,9,21,C,0.011594106910037235,0.9045889870493287,5491,9.18885848776162,18.0,20.81,QQQ,call,2026-09-21,mid,short,740.745,34932221.21941911,34932221.21941911,-2.530560449277417,19.405,0.0
722.0,2026,9,21,P,0.011594106910037235,-0.09541101295067131,2087,3.1778596183230516,0.0,0.01,QQQ,put,2026-09-21,mid,short,740.745,-13276915.98705658,13276915.98705658,-2.530560449277417,0.005,0.0
722.0,2026,9,22,C,0.0059090609104521215,0.9755256971037096,2540,0.26132233216751927,18.94,20.33,QQQ,call,2026-09-22,mid,short,740.745,8235493.726591944,8235493.726591944,-2.530560449277417,19.634999999999998,647.0
722.0,2026,9,22,P,0.0059090609104521215,-0.024474302896290368,702,0.24593228927041888,0.08,0.1,QQQ,put,2026-09-22,mid,short,740.745,-2276108.8960895846,2276108.8960895846,-2.530560449277417,0.09,0.0
722.0,2026,9,23,C,0.009461079822132883,0.9421349964467431,601,0.20801474775853537,19.12,21.61,QQQ,call,2026-09-23,mid,short,740.745,3119985.933356955,3119985.933356955,-2.530560449277417,20.365000000000002,0.0
722.0,2026,9,23,P,0.009461079822132883,-0.05786500355325688,169,0.2207940888044688,0.29,0.32,QQQ,put,2026-09-23,mid,short,740.745,-877333.8148707577,877333.8148707577,-2.530560449277417,0.305,0.0
722.0,2026,9,24,C,0.01123023740983325,0.9102404126450354,917,0.21235682315213772,19.56,21.81,QQQ,call,2026-09-24,mid,short,740.745,5650615.162483499,5650615.162483499,-2.530560449277417,20.685,0.0
722.0,2026,9,24,P,0.01123023740983325,-0.08975958735496456,241,0.2135085543613645,0.59,0.62,QQQ,put,2026-09-24,mid,short,740.745,-1485058.0743277243,1485058.0743277243,-2.530560449277417,0.605,0.0
722.0,2026,9,25,C,0.01194119222235864,0.885637868515256,2100,0.22875039689542193,20.29,20.79,QQQ,call,2026-09-25,mid,short,740.745,13759556.679053172,13759556.679053172,-2.530560449277417,20.54,0.0
722.0,2026,9,25,P,0.01194119222235864,-0.11436213148474395,792,0.20745099404994582,0.89,0.93,QQQ,put,2026-09-25,mid,short,740.745,-5189318.518957197,5189318.518957197,-2.530560449277417,0.91,0.0
722.0,2026,9,28,C,0.012157798786657025,0.8597398498402176,347,0.17498708686382083,20.54,21.27,QQQ,call,2026-09-28,mid,short,740.745,2314844.8256820464,2314844.8256820464,-2.530560449277417,20.905,0.0
722.0,2026,9,28,P,0.012157798786657025,-0.14026015015978244,180,0.17759298081623384,1.3,1.35,QQQ,put,2026-09-28,mid,short,740.745,-1200784.0594316088,1200784.0594316088,-2.530560449277417,1.3250000000000002,0.0
722.0,2026,9,29,C,0.012156623993525916,0.8407886357945332,91,0.1801166292482399,21.02,23.44,QQQ,call,2026-09-29,mid,short,740.745,607004.392512726,607004.392512726,-2.530560449277417,22.23,0.0
722.0,2026,9,29,P,0.012156623993525916,-0.1592113642054668,9,0.1811656428440223,1.67,1.71,QQQ,put,2026-09-29,mid,short,740.745,-60033.40145730258,60033.40145730258,-2.530560449277417,1.69,0.0
722.0,2026,9,30,C,0.011986262173913399,0.8200900196071523,1109,0.18776252271597452,21.61,22.16,QQQ,call,2026-09-30,mid,short,740.745,7293781.957807454,7293781.957807454,-2.530560449277417,21.884999999999998,0.0
722.0,2026,9,30,P,0.011986262173913399,-0.17990998039284772,206,0.18732741089820193,2.14,2.19,QQQ,put,2026-09-30,mid,short,740.745,-1354841.373587318,1354841.373587318,-2.530560449277417,2.165,0.0
722.0,2026,10,1,C,0.011747640038604483,0.8048049303062699,41,0.19106472902249239,22.1,24.48,QQQ,call,2026-10-01,mid,short,740.745,264284.65328449203,264284.65328449203,-2.530560449277417,23.29,0.0
722.0,2026,10,1,P,0.011747640038604483,-0.19519506969373018,5,0.19064384228844333,2.55,2.61,QQQ,put,2026-10-01,mid,short,740.745,-32229.835766401466,32229.835766401466,-2.530560449277417,2.58,0.0
722.0,2026,10,2,C,0.011428384906678038,0.7891603733382582,671,0.20546889132744975,23.02,23.55,QQQ,call,2026-10-02,mid,short,740.745,4207700.663795136,4207700.663795136,-2.530560449277417,23.285,0.0
722.0,2026,10,2,P,0.011428384906678038,-0.21083962666174177,160,0.19575796814407084,3.04,3.1,QQQ,put,2026-10-02,mid,short,740.745,-1003326.5368214928,1003326.5368214928,-2.530560449277417,3.0700000000000003,0.0
722.0,2026,10,9,C,0.01013853188027048,0.7494661717663921,341,0.1954558497337881,25.21,25.76,QQQ,call,2026-10-09,mid,short,740.745,1896998.1506388518,1896998.1506388518,-2.530560449277417,25.485,0.0
722.0,2026,10,9,P,0.01013853188027048,-0.2505338282336079,120,0.19008724624519693,4.76,4.83,QQQ,put,2026-10-09,mid,short,740.745,-667565.3316031151,667565.3316031151,-2.530560449277417,4.795,0.0
722.0,2026,10,16,C,0.009025837990890118,0.7228628513426982,1140,0.19594207397361504,27.53,28.1,QQQ,call,2026-10-16,mid,short,740.745,5645856.591874343,5645856.591874343,-2.530560449277417,27.815,0.0
722.0,2026,10,16,P,0.009025837990890118,-0.2771371486573018,894,0.1907279769622331,6.47,6.56,QQQ,put,2026-10-16,mid,short,740.745,-4427540.169417248,4427540.169417248,-2.530560449277417,6.515,0.0
722.0,2026,10,23,C,0.008141631225087364,0.7045700446794474,330,0.1963485476436826,29.65,30.22,QQQ,call,2026-10-23,mid,short,740.745,1474221.7842843125,1474221.7842843125,-2.530560449277417,29.935,0.0
722.0,2026,10,23,P,0.008141631225087364,-0.29542995532055255,87,0.19242545214709889,8.08,8.22,QQQ,put,2026-10-23,mid,short,740.745,-388658.4704022278,388658.4704022278,-2.530560449277417,8.15,0.0
722.0,2026,10,30,C,0.007272284621310184,0.6871111464715769,454,0.20628555508542226,32.44,32.87,QQQ,call,2026-10-30,mid,short,740.745,1811607.7842425192,1811607.7842425192,-2.530560449277417,32.655,0.0
722.0,2026,10,30,P,0.007272284621310184,-0.31288885352842305,246,0.20005116616216026,10.08,10.27,QQQ,put,2026-10-30,mid,short,740.745,-981620.0769243607,981620.0769243607,-2.530560449277417,10.175,0.0
722.0,2026,11,30,C,0.005473351218537297,0.6605368024191057,394,0.2097067344212201,40.56,41.15,QQQ,call,2026-11-30,mid,short,740.745,1183278.5623755094,1183278.5623755094,-2.530560449277417,40.855000000000004,0.0
722.0,2026,11,30,P,0.005473351218537297,-0.33946319758089427,3,0.20504551123776443,15.74,16.01,QQQ,put,2026-11-30,mid,short,740.745,-9009.73524651403,9009.73524651403,-2.530560449277417,15.875,0.0
723.0,2026,9,21,C,0.011470069309881663,0.921625395026711,4747,8.709587843812754,16.69,19.71,QQQ,call,2026-09-21,mid,short,740.745,29876019.299109526,29876019.299109526,-2.395561225522954,18.200000000000003,0.0
723.0,2026,9,21,P,0.011470069309881663,-0.078374604973289,877,3.0239949933583175,0.0,0.01,QQQ,put,2026-09-21,mid,short,740.745,-5519542.642788931,5519542.642788931,-2.395561225522954,0.005,0.0
723.0,2026,9,22,C,0.006863620218381255,0.9714424900367089,795,0.2531886323490977,17.95,19.34,QQQ,call,2026-09-22,mid,short,740.745,2994041.6046317434,2994041.6046317434,-2.395561225522954,18.645,911.0
723.0,2026,9,22,P,0.006863620218381255,-0.028557509963291056,148,0.2434257923714881,0.1,0.11,QQQ,put,2026-09-22,mid,short,740.745,-557381.3301704377,557381.3301704377,-2.395561225522954,0.10500000000000001,0.0
723.0,2026,9,23,C,0.01045897159049415,0.9360851673496786,613,0.20599105321517736,18.16,20.65,QQQ,call,2026-09-23,mid,short,740.745,3517927.745242862,3517927.745242862,-2.395561225522954,19.405,0.0
723.0,2026,9,23,P,0.01045897159049415,-0.06391483265032138,45,0.21600702282967235,0.32,0.35,QQQ,put,2026-09-23,mid,short,740.745,-258249.18195094418,258249.18195094418,-2.395561225522954,0.33499999999999996,0.0
723.0,2026,9,24,C,0.012189472101137461,0.9020562514564326,322,0.2091891140649981,18.62,19.28,QQQ,call,2026-09-24,mid,short,740.745,2153665.379594636,2153665.379594636,-2.395561225522954,18.950000000000003,0.0
723.0,2026,9,24,P,0.012189472101137461,-0.0979437485435674,391,0.20942160849320096,0.64,0.68,QQQ,put,2026-09-24,mid,short,740.745,-2615165.1037934865,2615165.1037934865,-2.395561225522954,0.66,0.0
723.0,2026,9,25,C,0.012803988695128698,0.8764342481160048,2122,0.22494258887181756,19.37,19.84,QQQ,call,2026-09-25,mid,short,740.745,14908299.845101528,14908299.845101528,-2.395561225522954,19.605,0.0
723.0,2026,9,25,P,0.012803988695128698,-0.12356575188399525,636,0.2047123799624175,0.97,1.0,QQQ,put,2026-09-25,mid,short,740.745,-4468274.600134105,4468274.600134105,-2.395561225522954,0.985,0.0
723.0,2026,9,28,C,0.012888653266868185,0.849779860482267,179,0.1664156636370849,19.49,20.32,QQQ,call,2026-09-28,mid,short,740.745,1265896.0033681386,1265896.0033681386,-2.395561225522954,19.905,0.0
723.0,2026,9,28,P,0.012888653266868185,-0.15022013951773305,13,0.17547396467995238,1.4,1.45,QQQ,put,2026-09-28,mid,short,740.745,-91936.58125020002,91936.58125020002,-2.395561225522954,1.4249999999999998,0.0
723.0,2026,9,29,C,0.01279673790501016,0.830671579271703,26,0.1782827623266036,20.14,22.57,QQQ,call,2026-09-29,mid,short,740.745,182561.87202518416,182561.87202518416,-2.395561225522954,21.355,0.0
723.0,2026,9,29,P,0.01279673790501016,-0.169328420728297,63,0.17895836408868815,1.78,1.83,QQQ,put,2026-09-29,mid,short,740.745,-442361.45913794625,442361.45913794625,-2.395561225522954,1.8050000000000002,0.0
723.0,2026,9,30,C,0.012527953922695501,0.809627424019526,1005,0.18572536595453681,20.74,21.29,QQQ,call,2026-09-30,mid,short,740.745,6908498.4826078,6908498.4826078,-2.395561225522954,21.015,0.0
723.0,2026,9,30,P,0.012527953922695501,-0.190372575980474,124,0.1856537731568164,2.28,2.33,QQQ,put,2026-09-30,mid,short,740.745,-852391.8525804649,852391.8525804649,-2.395561225522954,2.3049999999999997,0.0
723.0,2026,10,1,C,0.01222075253358197,0.7943895546627691,19,0.1941719466297987,21.42,23.66,QQQ,call,2026-10-01,mid,short,740.745,127405.74396716758,127405.74396716758,-2.395561225522954,22.54,0.0
723.0,2026,10,1,P,0.01222075253358197,-0.205610445337231,12,0.18895317274920642,2.7,2.77,QQQ,put,2026-10-01,mid,short,740.745,-80466.78566347426,80466.78566347426,-2.395561225522954,2.7350000000000003,0.0
723.0,2026,10,2,C,0.011840006017465867,0.7790459641619013,919,0.20372813979750798,22.19,22.74,QQQ,call,2026-10-02,mid,short,740.745,5970420.116057328,5970420.116057328,-2.395561225522954,22.465,0.0
723.0,2026,10,2,P,0.011840006017465867,-0.22095403583809872,182,0.19403728569574413,3.2,3.27,QQQ,put,2026-10-02,mid,short,740.745,-1182390.0556283284,1182390.0556283284,-2.395561225522954,3.2350000000000003,0.0
723.0,2026,10,9,C,0.010398596105588836,0.7401865478629743,191,0.194040708185976,24.41,24.96,QQQ,call,2026-10-09,mid,short,740.745,1089796.815774749,1089796.815774749,-2.395561225522954,24.685000000000002,0.0
723.0,2026,10,9,P,0.010398596105588836,-0.2598134521370256,278,0.18880665414963016,4.96,5.04,QQQ,put,2026-10-09,mid,short,740.745,-1586196.412488902,1586196.412488902,-2.395561225522954,5.0,0.0
723.0,2026,10,16,C,0.009214066813956978,0.7146928641765682,1790,0.1948043970800098,26.76,27.32,QQQ,call,2026-10-16,mid,short,740.745,9049859.681258526,9049859.681258526,-2.395561225522954,27.04,0.0
723.0,2026,10,16,P,0.009214066813956978,-0.2853071358234318,248,0.18940050196476707,6.68,6.78,QQQ,put,2026-10-16,mid,short,740.745,-1253835.3077944773,1253835.3077944773,-2.395561225522954,6.73,0.0
723.0,2026,10,23,C,0.008279358154634299,0.6970203749182788,726,0.19537285337483662,28.9,29.49,QQQ,call,2026-10-23,mid,short,740.745,3298152.617187636,3298152.617187636,-2.395561225522954,29.195,0.0
723.0,2026,10,23,P,0.008279358154634299,-0.30297962508172116,29,0.1914094159003257,8.32,8.46,QQQ,put,2026-10-23,mid,short,740.745,-131744.38828986423,131744.38828986423,-2.395561225522954,8.39,0.0
723.0,2026,10,30,C,0.007379745455860066,0.6804367217445161,648,0.20527912731559345,31.7,32.35,QQQ,call,2026-10-30,mid,short,740.745,2623939.670462863,2623939.670462863,-2.395561225522954,32.025,0.0
723.0,2026,10,30,P,0.007379745455860066,-0.3195632782554839,411,0.19868704847941196,10.3,10.53,QQQ,put,2026-10-30,mid,short,740.745,-1664258.0317287603,1664258.0317287603,-2.395561225522954,10.415,0.0
723.0,2026,11,30,C,0.005522888201269972,0.6552690288809229,16,0.20901072164544954,39.86,40.68,QQQ,call,2026-11-30,mid,short,740.745,48486.8188941949,48486.8188941949,-2.395561225522954,40.269999999999996,0.0
723.0,2026,11,30,P,0.005522888201269972,-0.3447309711190771,6,0.20435656903704408,16.03,16.31,QQQ,put,2026-11-30,mid,short,740.745,-18182.557085323082,18182.557085323082,-2.395561225522954,16.17,0.0
724.0,2026,9,21,C,0.012176082321016246,0.9214811589066244,4991,8.330373127347968,15.68,18.67,QQQ,call,2026-09-21,mid,short,740.745,33345144.43386022,33345144.43386022,-2.2605620017684904,17.175,0.0
724.0,2026,9,21,P,0.012176082321016246,-0.07851884109337558,782,2.8695891829947784,0.0,0.01,QQQ,put,2026-09-21,mid,short,740.745,-5224584.842171648,5224584.842171648,-2.2605620017684904,0.005,0.0
724.0,2026,9,22,C,0.007902612034463897,0.967166181661499,1052,0.2445848835139159,16.96,18.78,QQQ,call,2026-09-22,mid,short,740.745,4561669.940373816,4561669.940373816,-2.2605620017684904,17.87,764.0
724.0,2026,9,22,P,0.007902612034463897,-0.03283381833850097,53,0.23566456187254517,0.11,0.13,QQQ,put,2026-09-22,mid,short,740.745,-229817.97228119033,229817.97228119033,-2.2605620017684904,0.12,0.0
724.0,2026,9,23,C,0.011627005725791156,0.9284966934124438,598,0.20293515281508728,17.2,18.0,QQQ,call,2026-09-23,mid,short,740.745,3815105.2856907374,3815105.2856907374,-2.2605620017684904,17.6,0.0
724.0,2026,9,23,P,0.011627005725791156,-0.07150330658755623,85,0.2120461852732517,0.36,0.39,QQQ,put,2026-09-23,mid,short,740.745,-542280.8516450045,542280.8516450045,-2.2605620017684904,0.375,0.0
724.0,2026,9,24,C,0.013241186090547542,0.8926789509520345,268,0.2054691415780446,17.68,18.35,QQQ,call,2026-09-24,mid,short,740.745,1947148.7965539638,1947148.7965539638,-2.2605620017684904,18.015,0.0
724.0,2026,9,24,P,0.013241186090547542,-0.10732104904796545,8,0.2065296953336499,0.71,0.74,QQQ,put,2026-09-24,mid,short,740.745,-58123.84467325265,58123.84467325265,-2.2605620017684904,0.725,0.0
724.0,2026,9,25,C,0.013725676442990472,0.8662335145062772,1856,0.22132045828872557,18.46,18.98,QQQ,call,2026-09-25,mid,short,740.745,13978133.574688934,13978133.574688934,-2.2605620017684904,18.72,0.0
724.0,2026,9,25,P,0.013725676442990472,-0.13376648549372278,506,0.20150950109406124,1.05,1.09,QQQ,put,2026-09-25,mid,short,740.745,-3810848.9163753223,3810848.9163753223,-2.2605620017684904,1.07,0.0
724.0,2026,9,28,C,0.013652801461995283,0.8390126685753054,86,0.16729348609784675,18.66,19.43,QQQ,call,2026-09-28,mid,short,740.745,644254.8303929002,644254.8303929002,-2.2605620017684904,19.045,0.0
724.0,2026,9,28,P,0.013652801461995283,-0.1609873314246945,21,0.17342733067617008,1.51,1.56,QQQ,put,2026-09-28,mid,short,740.745,-157318.03997966164,157318.03997966164,-2.2605620017684904,1.5350000000000001,0.0
724.0,2026,9,29,C,0.013457248665796472,0.8196206824528709,102,0.175087238720391,19.23,21.68,QQQ,call,2026-09-29,mid,short,740.745,753171.5496896066,753171.5496896066,-2.2605620017684904,20.455,0.0
724.0,2026,9,29,P,0.013457248665796472,-0.18037931754712913,27,0.17716922389814402,1.91,1.96,QQQ,put,2026-09-29,mid,short,740.745,-199368.93962371937,199368.93962371937,-2.2605620017684904,1.935,0.0
724.0,2026,9,30,C,0.013088634630323514,0.7989567250786762,553,0.18435249866989714,19.9,20.44,QQQ,call,2026-09-30,mid,short,740.745,3971521.639495277,3971521.639495277,-2.2605620017684904,20.17,0.0
724.0,2026,9,30,P,0.013088634630323514,-0.20104327492132382,272,0.18370031437750645,2.42,2.47,QQQ,put,2026-09-30,mid,short,740.745,-1953442.831722812,1953442.831722812,-2.2605620017684904,2.4450000000000003,0.0
724.0,2026,10,1,C,0.012708825119597884,0.7837864222019562,16,0.18734916039343918,20.4,22.67,QQQ,call,2026-10-01,mid,short,740.745,111573.95903654932,111573.95903654932,-2.2605620017684904,21.535,0.0
724.0,2026,10,1,P,0.012708825119597884,-0.21621357779804384,1,0.18729309591995674,2.86,2.92,QQQ,put,2026-10-01,mid,short,740.745,-6973.3724397843325,6973.3724397843325,-2.2605620017684904,2.8899999999999997,0.0
724.0,2026,10,2,C,0.012256409513487096,0.7684697316713957,703,0.20027177165949184,21.3,21.77,QQQ,call,2026-10-02,mid,short,740.745,4727766.790238143,4727766.790238143,-2.2605620017684904,21.535,0.0
724.0,2026,10,2,P,0.012256409513487096,-0.23153026832860438,82,0.1926073846985749,3.38,3.44,QQQ,put,2026-10-02,mid,short,740.745,-551460.7066849612,551460.7066849612,-2.2605620017684904,3.41,0.0
724.0,2026,10,9,C,0.010664607504618574,0.7307816659815838,361,0.193759036283631,23.68,24.17,QQQ,call,2026-10-09,mid,short,740.745,2112465.066344389,2112465.066344389,-2.2605620017684904,23.925,0.0
724.0,2026,10,9,P,0.010664607504618574,-0.2692183340184162,10,0.18755896887584042,5.17,5.24,QQQ,put,2026-10-09,mid,short,740.745,-58517.03784887504,58517.03784887504,-2.2605620017684904,5.205,0.0
724.0,2026,10,16,C,0.009395582867639075,0.7061406205215053,1823,0.1948957399272744,26.08,26.49,QQQ,call,2026-10-16,mid,short,740.745,9398268.61013408,9398268.61013408,-2.2605620017684904,26.284999999999997,0.0
724.0,2026,10,16,P,0.009395582867639075,-0.29385937947849466,454,0.18826637483862915,6.91,7.02,QQQ,put,2026-10-16,mid,short,740.745,-2340545.2270986685,2340545.2270986685,-2.2605620017684904,6.965,0.0
724.0,2026,10,23,C,0.008415083057757188,0.6892825323545326,25,0.1944377164895589,28.16,28.72,QQQ,call,2026-10-23,mid,short,740.745,115434.56558971984,115434.56558971984,-2.2605620017684904,28.439999999999998,0.0
724.0,2026,10,23,P,0.008415083057757188,-0.3107174676454674,36,0.1904340191260297,8.57,8.71,QQQ,put,2026-10-23,mid,short,740.745,-166225.7744491966,166225.7744491966,-2.2605620017684904,8.64,0.0
724.0,2026,10,30,C,0.007480216764439854,0.6734844206977824,160,0.20431823660967277,30.97,31.62,QQQ,call,2026-10-30,mid,short,740.745,656706.9662270473,656706.9662270473,-2.2605620017684904,31.295,0.0
724.0,2026,10,30,P,0.007480216764439854,-0.32651557930221764,205,0.1978324031884706,10.57,10.79,QQQ,put,2026-10-30,mid,short,740.745,-841405.8004784044,841405.8004784044,-2.2605620017684904,10.68,0.0
724.0,2026,11,30,C,0.005566897391143323,0.649833758124382,29,0.1950218674323053,37.57,39.84,QQQ,call,2026-11-30,mid,short,740.745,88582.65070440268,88582.65070440268,-2.2605620017684904,38.705,0.0
724.0,2026,11,30,P,0.005566897391143323,-0.350166241875618,6,0.20412678441987328,16.38,16.61,QQQ,put,2026-11-30,mid,short,740.745,-18327.444973324695,18327.444973324695,-2.2605620017684904,16.494999999999997,0.0
725.0,2026,9,21,C,0.01315491316742545,0.9182829849218495,14501,8.015152363909033,14.68,17.67,QQQ,call,2026-09-21,mid,short,740.745,104670282.34852982,104670282.34852982,-2.125562778014027,16.175,0.0
725.0,2026,9,21,P,0.01315491316742545,-0.08171701507815049,753,2.7145878018059455,0.0,0.01,QQQ,put,2026-09-21,mid,short,740.745,-5435261.196361834,5435261.196361834,-2.125562778014027,0.005,0.0
725.0,2026,9,22,C,0.009180086359763159,0.9616718805160333,4148,0.23851080962860807,15.98,17.79,QQQ,call,2026-09-22,mid,short,740.745,20894066.463668644,20894066.463668644,-2.125562778014027,16.884999999999998,2696.0
725.0,2026,9,22,P,0.009180086359763159,-0.0383281194839667,74,0.23067145144713036,0.13,0.15,QQQ,put,2026-09-22,mid,short,740.745,-372748.5338262969,372748.5338262969,-2.125562778014027,0.14,0.0
725.0,2026,9,23,C,0.012886042457126984,0.9205833279191903,3146,0.20561776775581664,16.29,17.03,QQQ,call,2026-09-23,mid,short,740.745,22244145.830228742,22244145.830228742,-2.125562778014027,16.66,0.0
725.0,2026,9,23,P,0.012886042457126984,-0.0794166720808097,69,0.2073763850044373,0.4,0.43,QQQ,put,2026-09-23,mid,short,740.745,-487872.2384888059,487872.2384888059,-2.125562778014027,0.41500000000000004,0.0
725.0,2026,9,24,C,0.014381709697956097,0.8821105769095401,845,0.20353465649088148,16.77,17.42,QQQ,call,2026-09-24,mid,short,740.745,6668139.615604217,6668139.615604217,-2.125562778014027,17.095,0.0
725.0,2026,9,24,P,0.014381709697956097,-0.11788942309045987,223,0.203026550844751,0.78,0.82,QQQ,put,2026-09-24,mid,short,740.745,-1759757.5553606397,1759757.5553606397,-2.125562778014027,0.8,0.0
725.0,2026,9,25,C,0.014705787550860246,0.8547024379086885,4310,0.21782745202168552,17.56,17.94,QQQ,call,2026-09-25,mid,short,740.745,34777872.8332857,34777872.8332857,-2.125562778014027,17.75,0.0
725.0,2026,9,25,P,0.014705787550860246,-0.14529756209131156,689,0.19901199866434366,1.15,1.19,QQQ,put,2026-09-25,mid,short,740.745,-5559618.186109941,5559618.186109941,-2.125562778014027,1.17,0.0
725.0,2026,9,28,C,0.014448342843025925,0.8274411931523236,1448,0.17480294851982503,18.02,18.63,QQQ,call,2026-09-28,mid,short,740.745,11479528.686528543,11479528.686528543,-2.125562778014027,18.325,0.0
725.0,2026,9,28,P,0.014448342843025925,-0.17255880684767644,51,0.17141756755539672,1.63,1.68,QQQ,put,2026-09-28,mid,short,740.745,-404320.41644541145,404320.41644541145,-2.125562778014027,1.6549999999999998,0.0
725.0,2026,9,29,C,0.01414049914043297,0.8081023182285024,689,0.17471260969691116,18.41,20.84,QQQ,call,2026-09-29,mid,short,740.745,5345907.242976887,5345907.242976887,-2.125562778014027,19.625,0.0
725.0,2026,9,29,P,0.01414049914043297,-0.1918976817714976,14,0.17539476989202754,2.05,2.09,QQQ,put,2026-09-29,mid,short,740.745,-108625.1108877742,108625.1108877742,-2.125562778014027,2.07,0.0
725.0,2026,9,30,C,0.013654566969147502,0.7873144510963932,22359,0.18296940666567243,19.07,19.6,QQQ,call,2026-09-30,mid,short,740.745,167520424.60992375,167520424.60992375,-2.125562778014027,19.335,0.0
725.0,2026,9,30,P,0.013654566969147502,-0.2126855489036068,1406,0.18207183598667015,2.58,2.63,QQQ,put,2026-09-30,mid,short,740.745,-10534179.390918767,10534179.390918767,-2.125562778014027,2.605,0.0
725.0,2026,10,1,C,0.01319663239894189,0.7723342503390127,1241,0.1856723279633618,19.57,20.21,QQQ,call,2026-10-01,mid,short,740.745,8986122.986758647,8986122.986758647,-2.125562778014027,19.89,0.0
725.0,2026,10,1,P,0.01319663239894189,-0.22766574966098727,13,0.18564755271625788,3.03,3.1,QQQ,put,2026-10-01,mid,short,740.745,-94133.43982905913,94133.43982905913,-2.125562778014027,3.065,0.0
725.0,2026,10,2,C,0.012694288599122574,0.7579773485442233,34735,0.19838656637944163,20.48,21.08,QQQ,call,2026-10-02,mid,short,740.745,241943037.18541443,241943037.18541443,-2.125562778014027,20.78,0.0
725.0,2026,10,2,P,0.012694288599122574,-0.2420226514557767,390,0.1906872961699268,3.55,3.6,QQQ,put,2026-10-02,mid,short,740.745,-2716504.5200032135,2716504.5200032135,-2.125562778014027,3.575,0.0
725.0,2026,10,5,C,0.012184871427687963,0.748294836869126,0,0.13959786046212055,19.09,23.39,QQQ,call,2026-10-05,mid,short,740.745,0.0,0.0,-2.125562778014027,21.240000000000002,0.0
725.0,2026,10,5,P,0.012184871427687963,-0.25170516313087404,0,0.17955153407974767,3.97,4.05,QQQ,put,2026-10-05,mid,short,740.745,-0.0,0.0,-2.125562778014027,4.01,0.0
725.0,2026,10,9,C,0.01092293455940169,0.7208793679890553,1351,0.19113959037475198,22.83,23.39,QQQ,call,2026-10-09,mid,short,740.745,8097149.132736552,8097149.132736552,-2.125562778014027,23.11,0.0
725.0,2026,10,9,P,0.01092293455940169,-0.2791206320109447,974,0.1861559050567274,5.38,5.48,QQQ,put,2026-10-09,mid,short,740.745,-5837618.989848558,5837618.989848558,-2.125562778014027,5.43,0.0
725.0,2026,10,16,C,0.009577790536580921,0.6974221684852844,10397,0.19249544902831706,25.24,25.71,QQQ,call,2026-10-16,mid,short,740.745,54640018.31848484,54640018.31848484,-2.125562778014027,25.475,0.0
725.0,2026,10,16,P,0.009577790536580921,-0.3025778315147156,6592,0.18746237772456137,7.17,7.24,QQQ,put,2026-10-16,mid,short,740.745,-34643358.73381284,34643358.73381284,-2.125562778014027,7.205,0.0
725.0,2026,10,23,C,0.008541615161141753,0.6812129958208889,307,0.19392173137274893,27.46,28.0,QQQ,call,2026-10-23,mid,short,740.745,1438851.0346938516,1438851.0346938516,-2.125562778014027,27.73,0.0
725.0,2026,10,23,P,0.008541615161141753,-0.3187870041791111,60,0.18975144291509627,8.85,8.98,QQQ,put,2026-10-23,mid,short,740.745,-281208.6712756713,281208.6712756713,-2.125562778014027,8.915,0.0
725.0,2026,10,30,C,0.007578530409953183,0.6663891553891752,717,0.2023820921325788,30.16,30.63,QQQ,call,2026-10-30,mid,short,740.745,2981546.662764654,2981546.662764654,-2.125562778014027,30.395,0.0
725.0,2026,10,30,P,0.007578530409953183,-0.33361084461082485,542,0.1969040063230125,10.84,11.07,QQQ,put,2026-10-30,mid,short,740.745,-2253833.0421456667,2253833.0421456667,-2.125562778014027,10.955,0.0
725.0,2026,11,20,C,0.005977195216218125,0.6466507309964458,6130,0.20948227765554264,36.34,37.03,QQQ,call,2026-11-20,mid,short,740.745,20104597.003569428,20104597.003569428,-2.125562778014027,36.685,0.0
725.0,2026,11,20,P,0.005977195216218125,-0.35334926900355423,2393,0.20625779414982082,15.48,15.64,QQQ,put,2026-11-20,mid,short,740.745,-7848336.1549007585,7848336.1549007585,-2.125562778014027,15.56,0.0
725.0,2026,11,30,C,0.0056142668330844215,0.644437321489726,150,0.20675682799897838,38.37,38.93,QQQ,call,2026-11-30,mid,short,740.745,462084.88866984565,462084.88866984565,-2.125562778014027,38.65,0.0
725.0,2026,11,30,P,0.0056142668330844215,-0.355562678510274,34,0.2035202111319552,16.69,16.92,QQQ,put,2026-11-30,mid,short,740.745,-104739.24143183169,104739.24143183169,-2.125562778014027,16.805,0.0
725.0,2026,12,18,C,0.004887806382910885,0.637742092877474,19520,0.21434860975885212,43.3,44.11,QQQ,call,2026-12-18,mid,short,740.745,52351757.37303254,52351757.37303254,-2.125562778014027,43.705,0.0
725.0,2026,12,18,P,0.004887806382910885,-0.36225790712252603,23207,0.21036605130570377,20.05,20.18,QQQ,put,2026-12-18,mid,short,740.745,-62240124.65962941,62240124.65962941,-2.125562778014027,20.115000000000002,0.0
725.0,2026,12,31,C,0.004563174107440336,0.6363337751494518,953,0.21034859069411468,45.41,47.82,QQQ,call,2026-12-31,mid,short,740.745,2386148.1122858985,2386148.1122858985,-2.125562778014027,46.614999999999995,0.0
725.0,2026,12,31,P,0.004563174107440336,-0.3636662248505483,950,0.2103395974198561,21.68,21.9,QQQ,put,2026-12-31,mid,short,740.745,-2378636.6281968555,2378636.6281968555,-2.125562778014027,21.79,0.0
725.0,2027,1,15,C,0.004226461234088442,0.6349084378837075,7608,0.21574134181647248,49.16,49.96,QQQ,call,2027-01-15,mid,short,740.745,17643504.445297275,17643504.445297275,-2.125562778014027,49.56,0.0
725.0,2027,1,15,P,0.004226461234088442,-0.3650915621162924,8381,0.2124712788634006,23.74,23.89,QQQ,put,2027-01-15,mid,short,740.745,-19436147.575714573,19436147.575714573,-2.125562778014027,23.814999999999998,0.0
725.0,2027,2,19,C,0.003647390151693659,0.6341289158515777,472,0.21838240474588705,56.01,56.88,QQQ,call,2027-02-19,mid,short,740.745,944629.876373152,944629.876373152,-2.125562778014027,56.445,0.0
725.0,2027,2,19,P,0.003647390151693659,-0.36587108414842234,413,0.2154640250476452,27.84,28.19,QQQ,put,2027-02-19,mid,short,740.745,-826551.1418265081,826551.1418265081,-2.125562778014027,28.015,0.0
725.0,2027,3,19,C,0.0032923617424789626,0.6344422427931931,2044,0.2234587529980326,61.73,64.14,QQQ,call,2027-03-19,mid,short,740.745,3692545.839289227,3692545.839289227,-2.125562778014027,62.935,0.0
725.0,2027,3,19,P,0.0032923617424789626,-0.36555775720680694,4334,0.21924825358956965,31.08,31.45,QQQ,put,2027-03-19,mid,short,740.745,-7829497.880371579,7829497.880371579,-2.125562778014027,31.265,0.0
725.0,2027,3,31,C,0.003124956312146103,0.6339099707842333,922,0.21803009962905884,62.61,66.09,QQQ,call,2027-03-31,mid,short,740.745,1580928.8635422469,1580928.8635422469,-2.125562778014027,64.35,0.0
725.0,2027,3,31,P,0.003124956312146103,-0.3660900292157667,972,0.21878848282524227,32.0,34.38,QQQ,put,2027-03-31,mid,short,740.745,-1666662.5329317397,1666662.5329317397,-2.125562778014027,33.19,0.0
725.0,2027,6,17,C,0.0025558487302266572,0.6393059989081215,2125,0.2334199283826647,77.9,80.7,QQQ,call,2027-06-17,mid,short,740.745,2980104.806839264,2980104.806839264,-2.125562778014027,79.30000000000001,0.0
725.0,2027,6,17,P,0.0025558487302266572,-0.36069400109187855,11492,0.22802544452584753,39.81,40.91,QQQ,put,2027-06-17,mid,short,740.745,-16116406.795386745,16116406.795386745,-2.125562778014027,40.36,0.0
725.0,2027,6,30,C,0.0024582793517023164,0.6397076603476939,129,0.23141123515958348,79.3,82.82,QQQ,call,2027-06-30,mid,short,740.745,174003.66707133158,174003.66707133158,-2.125562778014027,81.06,0.0
725.0,2027,6,30,P,0.0024582793517023164,-0.36029233965230606,106,0.22840338804343618,40.76,43.39,QQQ,put,2027-06-30,mid,short,740.745,-142979.75743845853,142979.75743845853,-2.125562778014027,42.075,0.0
725.0,2027,9,17,C,0.0021340670413293743,0.6470068187618585,626,0.23526380646020628,91.13,95.0,QQQ,call,2027-09-17,mid,short,740.745,733026.7934512964,733026.7934512964,-2.125562778014027,93.065,0.0
725.0,2027,9,17,P,0.0021340670413293743,-0.3529931812381415,4408,0.23269482731173674,46.56,48.55,QQQ,put,2027-09-17,mid,short,740.745,-5161632.756442995,5161632.756442995,-2.125562778014027,47.555,0.0
725.0,2027,12,17,C,0.001854175376304911,0.6550134499545774,928,0.24150322473927782,104.5,109.0,QQQ,call,2027-12-17,mid,short,740.745,944139.6636639033,944139.6636639033,-2.125562778014027,106.75,0.0
725.0,2027,12,17,P,0.001854175376304911,-0.34498655004542256,1326,0.2330524435912654,51.15,56.0,QQQ,put,2027-12-17,mid,short,740.745,-1349061.631485275,1349061.631485275,-2.125562778014027,53.575,0.0
725.0,2028,1,21,C,0.0017825443395005165,0.6584697877810015,223,0.24074423546837206,108.5,113.0,QQQ,call,2028-01-21,mid,short,740.745,218113.55778146308,218113.55778146308,-2.125562778014027,110.75,0.0
725.0,2028,1,21,P,0.0017825443395005165,-0.34153021221899843,1291,0.23279886187432391,52.58,57.5,QQQ,put,2028-01-21,mid,short,740.745,-1262711.2246451518,1262711.2246451518,-2.125562778014027,55.04,0.0
725.0,2028,6,16,C,0.0015114656632710143,0.6711614164446931,169,0.24746485868945822,127.5,132.5,QQQ,call,2028-06-16,mid,short,740.745,140159.4703071404,140159.4703071404,-2.125562778014027,130.0,0.0
725.0,2028,6,16,P,0.0015114656632710143,-0.3288385835553069,383,0.23870153850790546,60.0,64.5,QQQ,put,2028-06-16,mid,short,740.745,-317639.509630975,317639.509630975,-2.125562778014027,62.25,0.0
725.0,2028,12,15,C,0.0012807250527089177,0.6856384231346773,251,0.25271256869821684,148.5,153.0,QQQ,call,2028-12-15,mid,short,740.745,176387.20716237658,176387.20716237658,-2.125562778014027,150.75,0.0
725.0,2028,12,15,P,0.0012807250527089177,-0.3143615768653227,856,0.24448450409475136,67.5,72.0,QQQ,put,2028-12-15,mid,short,740.745,-601543.6228326468,601543.6228326468,-2.125562778014027,69.75,0.0
725.0,2029,1,19,C,0.0012484355062748215,0.6883897547389115,1,0.251513261630068,151.5,156.5,QQQ,call,2029-01-19,mid,short,740.745,685.0205011382277,685.0205011382277,-2.125562778014027,154.0,0.0
725.0,2029,1,19,P,0.0012484355062748215,-0.3116102452610885,1,0.2447704764345301,68.5,73.0,QQQ,put,2029-01-19,mid,short,740.745,-685.0205011382277,685.0205011382277,-2.125562778014027,70.75,0.0
726.0,2026,9,21,C,0.014717359711517691,0.9064135369178914,4134,7.916587914482968,13.68,16.81,QQQ,call,2026-09-21,mid,short,740.745,33383958.6981749,33383958.6981749,-1.9905635542595637,15.245,0.0
726.0,2026,9,21,P,0.014717359711517691,-0.09358646308210859,60,2.5589286709063175,0.0,0.01,QQQ,put,2026-09-21,mid,short,740.745,-484527.7024408549,484527.7024408549,-1.9905635542595637,0.005,0.0
726.0,2026,9,22,C,0.01058206216185684,0.9558891955776628,2172,0.22606807508015858,14.98,16.81,QQQ,call,2026-09-22,mid,short,740.745,12611524.463682665,12611524.463682665,-1.9905635542595637,15.895,1501.0
726.0,2026,9,22,P,0.01058206216185684,-0.04411080442233718,65,0.2245230138394375,0.15,0.17,QQQ,put,2026-09-22,mid,short,740.745,-377416.7081672988,377416.7081672988,-1.9905635542595637,0.16,0.0
726.0,2026,9,23,C,0.014353267528457886,0.9104888204088999,741,0.20041435762330712,15.33,16.09,QQQ,call,2026-09-23,mid,short,740.745,5835881.234737,5835881.234737,-1.9905635542595637,15.71,0.0
726.0,2026,9,23,P,0.014353267528457886,-0.08951117959110007,49,0.20436811086025236,0.46,0.48,QQQ,put,2026-09-23,mid,short,740.745,-385908.47571135365,385908.47571135365,-1.9905635542595637,0.47,0.0
726.0,2026,9,24,C,0.015600845212262644,0.870761985036868,397,0.20433967827525368,15.91,16.5,QQQ,call,2026-09-24,mid,short,740.745,3398412.496642996,3398412.496642996,-1.9905635542595637,16.205,0.0
726.0,2026,9,24,P,0.015600845212262644,-0.129238014963132,36,0.1996761423229328,0.86,0.9,QQQ,put,2026-09-24,mid,short,740.745,-308168.3876049065,308168.3876049065,-1.9905635542595637,0.88,0.0
726.0,2026,9,25,C,0.015736239567184996,0.8428416964695713,2478,0.2139148470005308,16.66,17.19,QQQ,call,2026-09-25,mid,short,740.745,21396351.212286763,21396351.212286763,-1.9905635542595637,16.925,0.0
726.0,2026,9,25,P,0.015736239567184996,-0.1571583035304287,88,0.19598798019594074,1.25,1.29,QQQ,put,2026-09-25,mid,short,740.745,-759838.1382894409,759838.1382894409,-1.9905635542595637,1.27,0.0
726.0,2026,9,28,C,0.015273639495980401,0.8150658128705006,79,0.1660213053430676,16.97,17.72,QQQ,call,2026-09-28,mid,short,740.745,662074.8402325528,662074.8402325528,-1.9905635542595637,17.345,0.0
726.0,2026,9,28,P,0.015273639495980401,-0.18493418712949933,2,0.16941310726177378,1.76,1.81,QQQ,put,2026-09-28,mid,short,740.745,-16761.388360317793,16761.388360317793,-1.9905635542595637,1.7850000000000001,0.0
726.0,2026,9,29,C,0.014843710886459359,0.7958817352836998,71,0.17260387977655092,17.55,19.96,QQQ,call,2026-09-29,mid,short,740.745,578280.1606932225,578280.1606932225,-1.9905635542595637,18.755000000000003,0.0
726.0,2026,9,29,P,0.014843710886459359,-0.20411826471630026,4,0.1732894960462126,2.19,2.24,QQQ,put,2026-09-29,mid,short,740.745,-32579.163982716756,32579.163982716756,-1.9905635542595637,2.215,0.0
726.0,2026,9,30,C,0.014230034045759348,0.7750952961640482,10266,0.1809875096905594,18.23,18.77,QQQ,call,2026-09-30,mid,short,740.745,80157590.94770087,80157590.94770087,-1.9905635542595637,18.5,0.0
726.0,2026,9,30,P,0.014230034045759348,-0.22490470383595182,131,0.18043343781767296,2.75,2.8,QQQ,put,2026-09-30,mid,short,740.745,-1022856.459589793,1022856.459589793,-1.9905635542595637,2.775,0.0
726.0,2026,10,1,C,0.013694668987775983,0.7605264094775502,45,0.18399700157910645,18.75,21.16,QQQ,call,2026-10-01,mid,short,740.745,338143.8636277067,338143.8636277067,-1.9905635542595637,19.955,0.0
726.0,2026,10,1,P,0.013694668987775983,-0.23947359052244974,0,0.18400175804093788,3.21,3.28,QQQ,put,2026-10-01,mid,short,740.745,-0.0,0.0,-1.9905635542595637,3.245,0.0
726.0,2026,10,2,C,0.013104765589276597,0.7460803371119029,717,0.1967613769478252,19.68,20.26,QQQ,call,2026-10-02,mid,short,740.745,5155679.003109271,5155679.003109271,-1.9905635542595637,19.97,0.0
726.0,2026,10,2,P,0.013104765589276597,-0.2539196628880971,30,0.18927483205668996,3.75,3.82,QQQ,put,2026-10-02,mid,short,740.745,-215718.78674097368,215718.78674097368,-1.9905635542595637,3.785,0.0
726.0,2026,10,9,C,0.011183139600840476,0.7107630503181079,159,0.1898222232089953,22.06,22.61,QQQ,call,2026-10-09,mid,short,740.745,975659.6131485242,975659.6131485242,-1.9905635542595637,22.335,0.0
726.0,2026,10,9,P,0.011183139600840476,-0.28923694968189206,112,0.18495605816614047,5.61,5.71,QQQ,put,2026-10-09,mid,short,740.745,-687257.0859914132,687257.0859914132,-1.9905635542595637,5.66,0.0
726.0,2026,10,16,C,0.009748772815765906,0.6882899993666431,2293,0.19262459736440513,24.58,24.97,QQQ,call,2026-10-16,mid,short,740.745,12265675.246943794,12265675.246943794,-1.9905635542595637,24.775,0.0
726.0,2026,10,16,P,0.009748772815765906,-0.3117100006333568,433,0.18638846700933723,7.42,7.52,QQQ,put,2026-10-16,mid,short,740.745,-2316195.979906962,2316195.979906962,-1.9905635542595637,7.47,0.0
726.0,2026,10,23,C,0.00868180686276303,0.6733114602060938,83,0.19242401332019907,26.69,27.25,QQQ,call,2026-10-23,mid,short,740.745,395389.98980400903,395389.98980400903,-1.9905635542595637,26.97,0.0
726.0,2026,10,23,P,0.00868180686276303,-0.3266885397939062,5,0.18846494290885643,9.09,9.24,QQQ,put,2026-10-23,mid,short,740.745,-23818.67408457886,23818.67408457886,-1.9905635542595637,9.165,0.0
726.0,2026,10,30,C,0.007691444260416239,0.6594822823098847,341,0.20241093809583444,29.53,30.17,QQQ,call,2026-10-30,mid,short,740.745,1439129.0287447572,1439129.0287447572,-1.9905635542595637,29.85,0.0
726.0,2026,10,30,P,0.007691444260416239,-0.34051771769011535,1172,0.19601502564422457,11.12,11.27,QQQ,put,2026-10-30,mid,short,740.745,-4946214.726360281,4946214.726360281,-1.9905635542595637,11.195,0.0
726.0,2026,11,30,C,0.00566206927375427,0.6390077086070385,26,0.20693290564447872,37.79,38.36,QQQ,call,2026-11-30,mid,short,740.745,80776.67713645604,80776.67713645604,-1.9905635542595637,38.075,0.0
726.0,2026,11,30,P,0.00566206927375427,-0.3609922913929615,1,0.2028719327393346,17.0,17.23,QQQ,put,2026-11-30,mid,short,740.745,-3106.795274479078,3106.795274479078,-1.9905635542595637,17.115000000000002,0.0
727.0,2026,9,21,C,0.016522844491210067,0.8898800165816813,2452,7.9213076031183425,12.68,16.03,QQQ,call,2026-09-21,mid,short,740.745,22230167.684474923,22230167.684474923,-1.8555643305051002,14.355,0.0
727.0,2026,9,21,P,0.016522844491210067,-0.11011998341831879,164,2.402540074550542,0.0,0.01,QQQ,put,2026-09-21,mid,short,740.745,-1486846.4519795624,1486846.4519795624,-1.8555643305051002,0.005,0.0
727.0,2026,9,22,C,0.012144987582112946,0.9497413990098825,1369,0.21875483832338266,14.0,15.83,QQQ,call,2026-09-22,mid,short,740.745,9123006.422537358,9123006.422537358,-1.8555643305051002,14.915,1663.0
727.0,2026,9,22,P,0.012144987582112946,-0.050258600990117426,5,0.21739597486151863,0.17,0.19,QQQ,put,2026-09-22,mid,short,740.745,-33319.965020224095,33319.965020224095,-1.8555643305051002,0.18,0.0
727.0,2026,9,23,C,0.01595672092506457,0.8994040497750901,470,0.20306528167963808,14.45,15.15,QQQ,call,2026-09-23,mid,short,740.745,4115086.4642550927,4115086.4642550927,-1.8555643305051002,14.8,0.0
727.0,2026,9,23,P,0.01595672092506457,-0.10059595022490989,39,0.2004147716429241,0.52,0.54,QQQ,put,2026-09-23,mid,short,740.745,-341464.6215020183,341464.6215020183,-1.8555643305051002,0.53,0.0
727.0,2026,9,24,C,0.016909940476274313,0.8581864878908747,302,0.19678887281536697,14.94,17.21,QQQ,call,2026-09-24,mid,short,740.745,2802118.382566233,2802118.382566233,-1.8555643305051002,16.075,0.0
727.0,2026,9,24,P,0.016909940476274313,-0.14181351210912527,0,0.1963866413400753,0.95,0.99,QQQ,put,2026-09-24,mid,short,740.745,-0.0,0.0,-1.8555643305051002,0.97,0.0
727.0,2026,9,25,C,0.0168190310656064,0.8293332166941771,1771,0.2105506032560319,15.78,16.15,QQQ,call,2026-09-25,mid,short,740.745,16343948.731396409,16343948.731396409,-1.8555643305051002,15.965,0.0
727.0,2026,9,25,P,0.0168190310656064,-0.17066678330582288,148,0.19349375787388104,1.37,1.41,QQQ,put,2026-09-25,mid,short,740.745,-1365841.0007039343,1365841.0007039343,-1.8555643305051002,1.3900000000000001,0.0
727.0,2026,9,28,C,0.016127363539976746,0.8018835522427531,140,0.16446835703047516,16.12,16.79,QQQ,call,2026-09-28,mid,short,740.745,1238878.9359268553,1238878.9359268553,-1.8555643305051002,16.455,0.0
727.0,2026,9,28,P,0.016127363539976746,-0.19811644775724693,14,0.16738577171090668,1.9,1.95,QQQ,put,2026-09-28,mid,short,740.745,-123887.8935926855,123887.8935926855,-1.8555643305051002,1.9249999999999998,0.0
727.0,2026,9,29,C,0.015559986881375245,0.7827569530200291,81,0.1701772495194859,16.69,19.11,QQQ,call,2026-09-29,mid,short,740.745,691562.9254106148,691562.9254106148,-1.8555643305051002,17.9,0.0
727.0,2026,9,29,P,0.015559986881375245,-0.21724304697997085,10,0.1714894608023296,2.35,2.4,QQQ,put,2026-09-29,mid,short,740.745,-85378.13893958207,85378.13893958207,-1.8555643305051002,2.375,0.0
727.0,2026,9,30,C,0.014819843607644833,0.7624650587089133,5591,0.1795570823263294,17.42,17.95,QQQ,call,2026-09-30,mid,short,740.745,45464306.43465365,45464306.43465365,-1.8555643305051002,17.685000000000002,0.0
727.0,2026,9,30,P,0.014819843607644833,-0.23753494129108668,107,0.17849066881922843,2.92,2.98,QQQ,put,2026-09-30,mid,short,740.745,-870091.3590606223,870091.3590606223,-1.8555643305051002,2.95,0.0
727.0,2026,10,1,C,0.014198155437919925,0.7482017275263364,19,0.1492646415787877,16.71,20.12,QQQ,call,2026-10-01,mid,short,740.745,148020.88100211846,148020.88100211846,-1.8555643305051002,18.415,0.0
727.0,2026,10,1,P,0.014198155437919925,-0.25179827247366365,4,0.18234202574995964,3.4,3.47,QQQ,put,2026-10-01,mid,short,740.745,-31162.29073728809,31162.29073728809,-1.8555643305051002,3.435,0.0
727.0,2026,10,2,C,0.01353059313597348,0.7341399025010255,766,0.19677101282805753,18.96,19.39,QQQ,call,2026-10-02,mid,short,740.745,5686997.823590286,5686997.823590286,-1.8555643305051002,19.175,0.0
727.0,2026,10,2,P,0.01353059313597348,-0.26586009749897455,40,0.18761017194946428,3.95,4.03,QQQ,put,2026-10-02,mid,short,740.745,-296971.16572273034,296971.16572273034,-1.8555643305051002,3.99,0.0
727.0,2026,10,9,C,0.011441296909849706,0.7003456329161714,217,0.18887103395179708,21.32,21.85,QQQ,call,2026-10-09,mid,short,740.745,1362299.0295066726,1362299.0295066726,-1.8555643305051002,21.585,0.0
727.0,2026,10,9,P,0.011441296909849706,-0.29965436708382864,30,0.1837687144002239,5.85,5.95,QQQ,put,2026-10-09,mid,short,740.745,-188336.27136036952,188336.27136036952,-1.8555643305051002,5.9,0.0
727.0,2026,10,16,C,0.009928745966632206,0.6791831165147955,1947,0.191462606155932,23.84,24.26,QQQ,call,2026-10-16,mid,short,740.745,10607127.96008703,10607127.96008703,-1.8555643305051002,24.05,0.0
727.0,2026,10,16,P,0.009928745966632206,-0.3208168834852045,249,0.18534013872831523,7.68,7.77,QQQ,put,2026-10-16,mid,short,740.745,-1356535.625095876,1356535.625095876,-1.8555643305051002,7.725,0.0
727.0,2026,10,23,C,0.008812422469692254,0.6650843777561242,90,0.1913442295471744,25.96,26.51,QQQ,call,2026-10-23,mid,short,740.745,435186.36112800083,435186.36112800083,-1.8555643305051002,26.235,0.0
727.0,2026,10,23,P,0.008812422469692254,-0.33491562224387583,2,0.18759266330708746,9.37,9.51,QQQ,put,2026-10-23,mid,short,740.745,-9670.808025066684,9670.808025066684,-1.8555643305051002,9.44,0.0
727.0,2026,10,30,C,0.007783376978624056,0.6520642963184569,325,0.20146158099464545,28.82,29.23,QQQ,call,2026-10-30,mid,short,740.745,1387998.139098991,1387998.139098991,-1.8555643305051002,29.025,0.0
727.0,2026,10,30,P,0.007783376978624056,-0.3479357036815432,420,0.1953866708234195,11.43,11.56,QQQ,put,2026-10-30,mid,short,740.745,-1793720.6720663882,1793720.6720663882,-1.8555643305051002,11.495000000000001,0.0
727.0,2026,11,30,C,0.005712435534298353,0.6335807238290503,30,0.20632373728681921,37.12,37.92,QQQ,call,2026-11-30,mid,short,740.745,94032.94201639283,94032.94201639283,-1.8555643305051002,37.519999999999996,0.0
727.0,2026,11,30,P,0.005712435534298353,-0.36641927617094977,4,0.20193635850447247,17.28,17.55,QQQ,put,2026-11-30,mid,short,740.745,-12537.725602185712,12537.725602185712,-1.8555643305051002,17.415,0.0
728.0,2026,9,21,C,0.018265277694168875,0.8763261690773226,3410,7.109430624693841,12.16,14.71,QQQ,call,2026-09-21,mid,short,740.745,34175754.84885593,34175754.84885593,-1.7205651067506367,13.435,0.0
728.0,2026,9,21,P,0.018265277694168875,-0.12367383092267736,404,2.245338468363824,0.0,0.01,QQQ,put,2026-09-21,mid,short,740.745,-4048975.0612720815,4048975.0612720815,-1.7205651067506367,0.005,0.0
728.0,2026,9,22,C,0.014127203192542511,0.9412472635985212,1707,0.21721597172980642,13.05,14.88,QQQ,call,2026-09-22,mid,short,740.745,13232051.124570452,13232051.124570452,-1.7205651067506367,13.965,4283.0
728.0,2026,9,22,P,0.014127203192542511,-0.058752736401478815,10,0.21169710890563814,0.2,0.22,QQQ,put,2026-09-22,mid,short,740.745,-77516.40963427328,77516.40963427328,-1.7205651067506367,0.21000000000000002,0.0
728.0,2026,9,23,C,0.017711091151715947,0.8872616840277169,797,0.19026048802111803,13.43,14.21,QQQ,call,2026-09-23,mid,short,740.745,7745350.880323875,7745350.880323875,-1.7205651067506367,13.82,0.0
728.0,2026,9,23,P,0.017711091151715947,-0.1127383159722831,1,0.19562412592060455,0.58,0.61,QQQ,put,2026-09-23,mid,short,740.745,-9718.1315938819,9718.1315938819,-1.7205651067506367,0.595,0.0
728.0,2026,9,24,C,0.0183082451175958,0.8443674178506989,309,0.19406142528491932,14.05,16.32,QQQ,call,2026-09-24,mid,short,740.745,3104149.6844297233,3104149.6844297233,-1.7205651067506367,15.185,0.0
728.0,2026,9,24,P,0.0183082451175958,-0.15563258214930106,0,0.19307926553627608,1.05,1.09,QQQ,put,2026-09-24,mid,short,740.745,-0.0,0.0,-1.7205651067506367,1.07,0.0
728.0,2026,9,25,C,0.017953950132953127,0.8151305331613737,2456,0.20717220097653738,14.91,15.43,QQQ,call,2026-09-25,mid,short,740.745,24195011.588125277,24195011.588125277,-1.7205651067506367,15.17,0.0
728.0,2026,9,25,P,0.017953950132953127,-0.18486946683862623,107,0.19043200269780305,1.49,1.54,QQQ,put,2026-09-25,mid,short,740.745,-1054098.6318930802,1054098.6318930802,-1.7205651067506367,1.5150000000000001,0.0
728.0,2026,9,28,C,0.01700852983074267,0.7878872982530928,110,0.16384707744130023,15.31,15.95,QQQ,call,2026-09-28,mid,short,740.745,1026589.7378511868,1026589.7378511868,-1.7205651067506367,15.629999999999999,0.0
728.0,2026,9,28,P,0.01700852983074267,-0.2121127017469072,2,0.16531018565331101,2.05,2.1,QQQ,put,2026-09-28,mid,short,740.745,-18665.26796093067,18665.26796093067,-1.7205651067506367,2.075,0.0
728.0,2026,9,29,C,0.01628502737036673,0.7687535006643074,270,0.1689503195044381,15.88,18.28,QQQ,call,2026-09-29,mid,short,740.745,2412624.3924029507,2412624.3924029507,-1.7205651067506367,17.080000000000002,0.0
728.0,2026,9,29,P,0.01628502737036673,-0.23124649933569258,2,0.16964059655182825,2.52,2.58,QQQ,put,2026-09-29,mid,short,740.745,-17871.291795577414,17871.291795577414,-1.7205651067506367,2.55,0.0
728.0,2026,9,30,C,0.015405480807625443,0.7489300399423046,1257,0.17834247352763571,16.63,17.15,QQQ,call,2026-09-30,mid,short,740.745,10625466.156243205,10625466.156243205,-1.7205651067506367,16.89,0.0
728.0,2026,9,30,P,0.015405480807625443,-0.25106996005769544,75,0.17706486845568123,3.12,3.17,QQQ,put,2026-09-30,mid,short,740.745,-633977.6942865875,633977.6942865875,-1.7205651067506367,3.145,0.0
728.0,2026,10,1,C,0.014693650316230772,0.7350919818028192,31,0.18109546022639222,17.16,19.55,QQQ,call,2026-10-01,mid,short,740.745,249936.02090784733,249936.02090784733,-1.7205651067506367,18.355,0.0
728.0,2026,10,1,P,0.014693650316230772,-0.26490801819718074,1,0.18090515852086858,3.61,3.68,QQQ,put,2026-10-01,mid,short,740.745,-8062.452287349913,8062.452287349913,-1.7205651067506367,3.645,0.0
728.0,2026,10,2,C,0.01395776267150361,0.721752707909057,958,0.19349540893476191,18.11,18.67,QQQ,call,2026-10-02,mid,short,740.745,7337004.341516547,7337004.341516547,-1.7205651067506367,18.39,0.0
728.0,2026,10,2,P,0.01395776267150361,-0.278247292090943,69,0.18616356356033614,4.17,4.24,QQQ,put,2026-10-02,mid,short,740.745,-528448.1206311502,528448.1206311502,-1.7205651067506367,4.205,0.0
728.0,2026,10,9,C,0.011696871614813191,0.6896322920304558,353,0.1875788678412043,20.57,21.1,QQQ,call,2026-10-09,mid,short,740.745,2265592.956716539,2265592.956716539,-1.7205651067506367,20.835,0.0
728.0,2026,10,9,P,0.011696871614813191,-0.3103677079695442,43,0.18258789743040943,6.1,6.2,QQQ,put,2026-10-09,mid,short,740.745,-275978.7454357257,275978.7454357257,-1.7205651067506367,6.15,0.0
728.0,2026,10,16,C,0.010105929477393132,0.669850542320191,2488,0.1890507895751755,23.02,23.53,QQQ,call,2026-10-16,mid,short,740.745,13796346.607099932,13796346.607099932,-1.7205651067506367,23.275,0.0
728.0,2026,10,16,P,0.010105929477393132,-0.330149457679809,931,0.184313296203298,7.95,8.03,QQQ,put,2026-10-16,mid,short,740.745,-5162539.666885063,5162539.666885063,-1.7205651067506367,7.99,0.0
728.0,2026,10,23,C,0.008940110094847346,0.6566861783476192,39,0.19042107213731094,25.25,25.79,QQQ,call,2026-10-23,mid,short,740.745,191313.19799723005,191313.19799723005,-1.7205651067506367,25.52,0.0
728.0,2026,10,23,P,0.008940110094847346,-0.34331382165238084,17,0.1866241172562586,9.65,9.8,QQQ,put,2026-10-23,mid,short,740.745,-83392.93246033107,83392.93246033107,-1.7205651067506367,9.725000000000001,0.0
728.0,2026,10,30,C,0.007878438007571265,0.6446194619981047,406,0.20055003928079293,28.12,28.55,QQQ,call,2026-10-30,mid,short,740.745,1755107.0593178305,1755107.0593178305,-1.7205651067506367,28.335,0.0
728.0,2026,10,30,P,0.007878438007571265,-0.3553805380018953,175,0.1943458519528366,11.71,11.87,QQQ,put,2026-10-30,mid,short,740.745,-756511.6634990647,756511.6634990647,-1.7205651067506367,11.79,0.0
728.0,2026,11,30,C,0.005756940963436924,0.6280027193485755,39,0.2056730853066874,36.45,36.83,QQQ,call,2026-11-30,mid,short,740.745,123195.21512728964,123195.21512728964,-1.7205651067506367,36.64,0.0
728.0,2026,11,30,P,0.005756940963436924,-0.37199728065142446,3,0.20136934357564462,17.61,17.88,QQQ,put,2026-11-30,mid,short,740.745,-9476.555009791513,9476.555009791513,-1.7205651067506367,17.744999999999997,0.0
729.0,2026,9,21,C,0.01881358054641511,0.901666045120265,3272,6.718439074921909,10.68,13.67,QQQ,call,2026-09-21,mid,short,740.745,33777088.322257504,33777088.322257504,-1.5855658829961734,12.175,0.0
729.0,2026,9,21,P,0.01881358054641511,-0.098333954879735,17,2.087225408830456,0.0,0.01,QQQ,put,2026-09-21,mid,short,740.745,-175492.2070532939,175492.2070532939,-1.5855658829961734,0.005,0.0
729.0,2026,9,22,C,0.0164334334192352,0.9312921861685557,1095,0.20577846102541364,12.06,13.9,QQQ,call,2026-09-22,mid,short,740.745,9873699.057705252,9873699.057705252,-1.5855658829961734,12.98,6519.0
729.0,2026,9,22,P,0.0164334334192352,-0.0687078138314443,4,0.2067455511045216,0.24,0.25,QQQ,put,2026-09-22,mid,short,740.745,-36068.30706011051,36068.30706011051,-1.5855658829961734,0.245,0.0
729.0,2026,9,23,C,0.019635576831592078,0.873974808737338,902,0.1983537911759907,12.64,13.29,QQQ,call,2026-09-23,mid,short,740.745,9718240.86832379,9718240.86832379,-1.5855658829961734,12.965,0.0
729.0,2026,9,23,P,0.019635576831592078,-0.126025191262662,3,0.19096103577039836,0.65,0.68,QQQ,put,2026-09-23,mid,short,740.745,-32322.3088746911,32322.3088746911,-1.5855658829961734,0.665,0.0
729.0,2026,9,24,C,0.01979641286342297,0.8292780529009283,1471,0.19176304337308012,13.18,13.81,QQQ,call,2026-09-24,mid,short,740.745,15978523.022812726,15978523.022812726,-1.5855658829961734,13.495000000000001,0.0
729.0,2026,9,24,P,0.01979641286342297,-0.17072194709907176,1,0.18968610997708127,1.16,1.2,QQQ,put,2026-09-24,mid,short,740.745,-10862.354196337681,10862.354196337681,-1.5855658829961734,1.18,0.0
729.0,2026,9,25,C,0.01913350478814147,0.7996110838996039,6631,0.20461564289141507,14.07,14.56,QQQ,call,2026-09-25,mid,short,740.745,69616312.37776062,69616312.37776062,-1.5855658829961734,14.315000000000001,0.0
729.0,2026,9,25,P,0.01913350478814147,-0.2003889161003961,192,0.18775918604985392,1.63,1.68,QQQ,put,2026-09-25,mid,short,740.745,-2015733.973236321,2015733.973236321,-1.5855658829961734,1.6549999999999998,0.0
729.0,2026,9,28,C,0.017900394655884215,0.7726340869075057,331,0.1630328227867674,14.51,15.11,QQQ,call,2026-09-28,mid,short,740.745,3251083.000903061,3251083.000903061,-1.5855658829961734,14.809999999999999,0.0
729.0,2026,9,28,P,0.017900394655884215,-0.2273659130924943,10,0.16348735524996205,2.22,2.27,QQQ,put,2026-09-28,mid,short,740.745,-98220.0302387632,98220.0302387632,-1.5855658829961734,2.245,0.0
729.0,2026,9,29,C,0.01702266765416465,0.7540751189890351,139,0.1681941221138055,15.1,17.51,QQQ,call,2026-09-29,mid,short,740.745,1298314.41138072,1298314.41138072,-1.5855658829961734,16.305,0.0
729.0,2026,9,29,P,0.01702266765416465,-0.24592488101096494,0,0.16801558729577903,2.71,2.76,QQQ,put,2026-09-29,mid,short,740.745,-0.0,0.0,-1.5855658829961734,2.735,0.0
729.0,2026,9,30,C,0.015988843024645302,0.7346872197341221,493,0.17678491482053316,15.84,16.36,QQQ,call,2026-09-30,mid,short,740.745,4325152.406121414,4325152.406121414,-1.5855658829961734,16.1,0.0
729.0,2026,9,30,P,0.015988843024645302,-0.2653127802658779,241,0.17556918755227052,3.33,3.38,QQQ,put,2026-09-30,mid,short,740.745,-2114323.995690184,2114323.995690184,-1.5855658829961734,3.355,0.0
729.0,2026,10,1,C,0.015197382798030418,0.7216226293558309,279,0.17981935860133946,16.39,18.74,QQQ,call,2026-10-01,mid,short,740.745,2326539.677143145,2326539.677143145,-1.5855658829961734,17.564999999999998,0.0
729.0,2026,10,1,P,0.015197382798030418,-0.2783773706441691,15,0.17917389545265153,3.82,3.9,QQQ,put,2026-10-01,mid,short,740.745,-125082.77834102929,125082.77834102929,-1.5855658829961734,3.86,0.0
729.0,2026,10,2,C,0.014379239649929244,0.7088111769439828,813,0.19183455566408975,17.34,17.91,QQQ,call,2026-10-02,mid,short,740.745,6414516.4743375005,6414516.4743375005,-1.5855658829961734,17.625,0.0
729.0,2026,10,2,P,0.014379239649929244,-0.29118882305601723,16,0.18468234796539243,4.4,4.47,QQQ,put,2026-10-02,mid,short,740.745,-126238.94660442806,126238.94660442806,-1.5855658829961734,4.4350000000000005,0.0
729.0,2026,10,9,C,0.011949342989796137,0.6786278549458095,413,0.1856172761764222,19.79,20.35,QQQ,call,2026-10-09,mid,short,740.745,2707893.228177504,2707893.228177504,-1.5855658829961734,20.07,0.0
729.0,2026,10,9,P,0.011949342989796137,-0.32137214505419054,36,0.18140794796732923,6.36,6.46,QQQ,put,2026-10-09,mid,short,740.745,-236039.1191631723,236039.1191631723,-1.5855658829961734,6.41,0.0
729.0,2026,10,16,C,0.010269932815893619,0.6601440290483439,1605,0.18795117594770577,22.3,22.82,QQQ,call,2026-10-16,mid,short,740.745,9044406.983450856,9044406.983450856,-1.5855658829961734,22.560000000000002,0.0
729.0,2026,10,16,P,0.010269932815893619,-0.3398559709516561,242,0.1831631668211976,8.22,8.34,QQQ,put,2026-10-16,mid,short,740.745,-1363704.9781900977,1363704.9781900977,-1.5855658829961734,8.280000000000001,0.0
729.0,2026,10,23,C,0.009061997294177278,0.6480827038352602,284,0.18928038997230495,24.53,25.1,QQQ,call,2026-10-23,mid,short,740.745,1412146.4077446363,1412146.4077446363,-1.5855658829961734,24.815,0.0
729.0,2026,10,23,P,0.009061997294177278,-0.35191729616473977,4,0.18580578801297273,9.95,10.1,QQQ,put,2026-10-23,mid,short,740.745,-19889.386024572344,19889.386024572344,-1.5855658829961734,10.024999999999999,0.0
729.0,2026,10,30,C,0.007972817252670163,0.637074272681723,510,0.19956436895785842,27.42,27.82,QQQ,call,2026-10-30,mid,short,740.745,2231102.090298714,2231102.090298714,-1.5855658829961734,27.62,0.0
729.0,2026,10,30,P,0.007972817252670163,-0.362925727318277,37,0.1934511091226188,12.01,12.17,QQQ,put,2026-10-30,mid,short,740.745,-161864.2692961812,161864.2692961812,-1.5855658829961734,12.09,0.0
729.0,2026,11,30,C,0.005797490886750777,0.6223240526865943,19,0.20514308272304005,35.8,36.17,QQQ,call,2026-11-30,mid,short,740.745,60440.92927498789,60440.92927498789,-1.5855658829961734,35.985,0.0
729.0,2026,11,30,P,0.005797490886750777,-0.37767594731340576,2,0.20108385634121753,17.98,18.21,QQQ,put,2026-11-30,mid,short,740.745,-6362.203081577673,6362.203081577673,-1.5855658829961734,18.095,0.0
730.0,2026,9,21,C,0.02056110437788129,0.90209334382589,30242,7.2699999817863254,8.97,13.3,QQQ,call,2026-09-21,mid,short,740.745,341188515.4562461,341188515.4562461,-1.45056665924171,11.135000000000002,0.0
730.0,2026,9,21,P,0.02056110437788129,-0.09790665617410993,208,1.9280833482912048,0.0,0.01,QQQ,put,2026-09-21,mid,short,740.745,-2346644.111331895,2346644.111331895,-1.45056665924171,0.005,0.0
730.0,2026,9,22,C,0.019104584212630487,0.91976261363839,3956,0.20115313275289876,11.11,12.0,QQQ,call,2026-09-22,mid,short,740.745,41469741.72379652,41469741.72379652,-1.45056665924171,11.555,11051.0
730.0,2026,9,22,P,0.019104584212630487,-0.08023738636161,156,0.2002832062114687,0.28,0.29,QQQ,put,2026-09-22,mid,short,740.745,-1635308.31873414,1635308.31873414,-1.45056665924171,0.28500000000000003,0.0
730.0,2026,9,23,C,0.02177473193095876,0.8578866878894003,1990,0.18751089365963866,11.65,12.37,QQQ,call,2026-09-23,mid,short,740.745,23776249.57957796,23776249.57957796,-1.45056665924171,12.01,0.0
730.0,2026,9,23,P,0.02177473193095876,-0.14211331211059972,19,0.1871014112213627,0.74,0.77,QQQ,put,2026-09-23,mid,short,740.745,-227009.41809647297,227009.41809647297,-1.45056665924171,0.755,0.0
730.0,2026,9,24,C,0.02136242456576007,0.8121876102344802,2693,0.18919140823429131,12.32,12.94,QQQ,call,2026-09-24,mid,short,740.745,31566348.938876,31566348.938876,-1.45056665924171,12.629999999999999,0.0
730.0,2026,9,24,P,0.02136242456576007,-0.18781238976551984,29,0.18670359315678497,1.29,1.33,QQQ,put,2026-09-24,mid,short,740.745,-339927.2629882674,339927.2629882674,-1.45056665924171,1.31,0.0
730.0,2026,9,25,C,0.02035115349125794,0.7827922270791029,11062,0.20231893268601378,13.25,13.55,QQQ,call,2026-09-25,mid,short,740.745,123526501.43156521,123526501.43156521,-1.45056665924171,13.4,0.0
730.0,2026,9,25,P,0.02035115349125794,-0.21720777292089707,736,0.18537033141690235,1.79,1.83,QQQ,put,2026-09-25,mid,short,740.745,-8218722.206981739,8218722.206981739,-1.45056665924171,1.81,0.0
730.0,2026,9,28,C,0.01881269711727432,0.7565874190437495,1251,0.16233311827252078,13.73,14.28,QQQ,call,2026-09-28,mid,short,740.745,12913555.414735453,12913555.414735453,-1.45056665924171,14.004999999999999,0.0
730.0,2026,9,28,P,0.01881269711727432,-0.2434125809562505,0,0.16154759856500198,2.4,2.45,QQQ,put,2026-09-28,mid,short,740.745,-0.0,0.0,-1.45056665924171,2.425,0.0
730.0,2026,9,29,C,0.017763265243356065,0.7385435707487283,459,0.16615689198841288,14.29,16.66,QQQ,call,2026-09-29,mid,short,740.745,4473762.694302108,4473762.694302108,-1.45056665924171,15.475,0.0
730.0,2026,9,29,P,0.017763265243356065,-0.26145642925127166,1,0.1662894292308599,2.91,2.96,QQQ,put,2026-09-29,mid,short,740.745,-9746.759682575399,9746.759682575399,-1.45056665924171,2.935,0.0
730.0,2026,9,30,C,0.016566905691145807,0.7197601214448281,11538,0.17515083674371978,15.06,15.58,QQQ,call,2026-09-30,mid,short,740.745,104884036.25995919,104884036.25995919,-1.45056665924171,15.32,0.0
730.0,2026,9,30,P,0.016566905691145807,-0.2802398785551718,3210,0.17399257180458905,3.55,3.61,QQQ,put,2026-09-30,mid,short,740.745,-29179906.083764,29179906.083764,-1.45056665924171,3.58,0.0
730.0,2026,10,1,C,0.015687977207086853,0.7074131569935888,717,0.17942116180169512,15.67,16.24,QQQ,call,2026-10-01,mid,short,740.745,6171966.5366635015,6171966.5366635015,-1.45056665924171,15.954999999999998,0.0
730.0,2026,10,1,P,0.015687977207086853,-0.29258684300641125,106,0.17786829101283325,4.06,4.13,QQQ,put,2026-10-01,mid,short,740.745,-912452.5144858174,912452.5144858174,-1.45056665924171,4.095,0.0
730.0,2026,10,2,C,0.014779467721967155,0.6951343222289004,2609,0.19146392512546753,16.64,16.99,QQQ,call,2026-10-02,mid,short,740.745,21157791.34356487,21157791.34356487,-1.45056665924171,16.814999999999998,0.0
730.0,2026,10,2,P,0.014779467721967155,-0.3048656777710997,187,0.1840465336695826,4.68,4.7,QQQ,put,2026-10-02,mid,short,740.745,-1516484.0863344697,1516484.0863344697,-1.45056665924171,4.6899999999999995,0.0
730.0,2026,10,5,C,0.014032298546212707,0.6885549523222938,0,0.1774631415822502,17.2,19.51,QQQ,call,2026-10-05,mid,short,740.745,0.0,0.0,-1.45056665924171,18.355,0.0
730.0,2026,10,5,P,0.014032298546212707,-0.31144504767770614,0,0.1728729217941748,5.1,5.18,QQQ,put,2026-10-05,mid,short,740.745,-0.0,0.0,-1.45056665924171,5.14,0.0
730.0,2026,10,9,C,0.012188850391728658,0.667205145572237,1576,0.18467568891988828,19.08,19.62,QQQ,call,2026-10-09,mid,short,740.745,10540383.609725095,10540383.609725095,-1.45056665924171,19.35,0.0
730.0,2026,10,9,P,0.012188850391728658,-0.3327948544277631,105,0.18039092768188247,6.64,6.74,QQQ,put,2026-10-09,mid,short,740.745,-702246.3699372682,702246.3699372682,-1.45056665924171,6.6899999999999995,0.0
730.0,2026,10,16,C,0.010433178430245075,0.6502907232700721,19509,0.1890909132003334,21.75,21.96,QQQ,call,2026-10-16,mid,short,740.745,111683521.9327724,111683521.9327724,-1.45056665924171,21.855,0.0
730.0,2026,10,16,P,0.010433178430245075,-0.3497092767299279,4966,0.18230874768986013,8.52,8.63,QQQ,put,2026-10-16,mid,short,740.745,-28428949.19873637,28428949.19873637,-1.45056665924171,8.575,0.0
730.0,2026,10,23,C,0.009172259264620565,0.6392136937371217,577,0.18816887461939988,23.82,24.39,QQQ,call,2026-10-23,mid,short,740.745,2903953.0635870495,2903953.0635870495,-1.45056665924171,24.105,0.0
730.0,2026,10,23,P,0.009172259264620565,-0.36078630626287833,63,0.18549715778344833,10.3,10.4,QQQ,put,2026-10-23,mid,short,740.745,-317069.3986238892,317069.3986238892,-1.45056665924171,10.350000000000001,0.0
730.0,2026,10,30,C,0.008051951235519907,0.6292285869162464,2153,0.1986137818662644,26.73,27.06,QQQ,call,2026-10-30,mid,short,740.745,9512236.144271135,9512236.144271135,-1.45056665924171,26.895,0.0
730.0,2026,10,30,P,0.008051951235519907,-0.3707714130837536,904,0.19313526296471664,12.37,12.49,QQQ,put,2026-10-30,mid,short,740.745,-3993990.4665216464,3993990.4665216464,-1.45056665924171,12.43,0.0
730.0,2026,11,20,C,0.006237368852544698,0.6170958940126436,15552,0.20825154443342825,33.23,33.54,QQQ,call,2026-11-20,mid,short,740.745,53226159.63727126,53226159.63727126,-1.45056665924171,33.385,0.0
730.0,2026,11,20,P,0.006237368852544698,-0.38290410598735636,1811,0.20295678390736877,17.09,17.25,QQQ,put,2026-11-20,mid,short,740.745,-6198082.246855598,6198082.246855598,-1.45056665924171,17.17,0.0
730.0,2026,11,30,C,0.005840516640994359,0.6166506765937296,471,0.2043284104768257,35.12,35.51,QQQ,call,2026-11-30,mid,short,740.745,1509418.3666160114,1509418.3666160114,-1.45056665924171,35.315,0.0
730.0,2026,11,30,P,0.005840516640994359,-0.38334932340627037,78,0.20051033646070054,18.32,18.55,QQQ,put,2026-11-30,mid,short,740.745,-249967.37281539038,249967.37281539038,-1.45056665924171,18.435000000000002,0.0
730.0,2026,12,18,C,0.005043459567697005,0.6133390760087007,15793,0.2114686763155195,40.01,40.69,QQQ,call,2026-12-18,mid,short,740.745,43704950.861935385,43704950.861935385,-1.45056665924171,40.349999999999994,0.0
730.0,2026,12,18,P,0.005043459567697005,-0.3866609239912992,5311,0.20769527542173905,21.73,21.98,QQQ,put,2026-12-18,mid,short,740.745,-14697460.522240158,14697460.522240158,-1.45056665924171,21.855,0.0
730.0,2026,12,31,C,0.004705238027922525,0.6136518199737762,1193,0.20772915661607189,42.14,42.94,QQQ,call,2026-12-31,mid,short,740.745,3080062.288620185,3080062.288620185,-1.45056665924171,42.54,0.0
730.0,2026,12,31,P,0.004705238027922525,-0.38634818002622384,3762,0.20788841018815868,23.38,23.61,QQQ,put,2026-12-31,mid,short,740.745,-9712652.413905395,9712652.413905395,-1.45056665924171,23.494999999999997,0.0
730.0,2027,1,15,C,0.004338182634384717,0.6137317585250366,6832,0.2132045613133136,45.91,46.51,QQQ,call,2027-01-15,mid,short,740.745,16262718.574172579,16262718.574172579,-1.45056665924171,46.209999999999994,0.0
730.0,2027,1,15,P,0.004338182634384717,-0.3862682414749634,7483,0.21013593051160448,25.45,25.78,QQQ,put,2027-01-15,mid,short,740.745,-17812342.372736152,17812342.372736152,-1.45056665924171,25.615000000000002,0.0
730.0,2027,2,19,C,0.003734968214741978,0.6159088668577292,759,0.21609004929297657,52.79,53.67,QQQ,call,2027-02-19,mid,short,740.745,1555486.1321003844,1555486.1321003844,-1.45056665924171,53.230000000000004,0.0
730.0,2027,2,19,P,0.003734968214741978,-0.38409113314227084,258,0.21366667453655483,29.62,29.97,QQQ,put,2027-02-19,mid,short,740.745,-528742.3215835298,528742.3215835298,-1.45056665924171,29.795,0.0
730.0,2027,3,19,C,0.0033613360351230433,0.6179302300750433,12072,0.21986045471175897,58.25,59.59,QQQ,call,2027-03-19,mid,short,740.745,22265303.300359983,22265303.300359983,-1.45056665924171,58.92,0.0
730.0,2027,3,19,P,0.0033613360351230433,-0.38206976992495667,3346,0.21781569420164407,32.92,33.28,QQQ,put,2027-03-19,mid,short,740.745,-6171281.050613361,6171281.050613361,-1.45056665924171,33.1,0.0
730.0,2027,3,31,C,0.0032594972453879587,0.6195045330431593,561,0.21609602132902486,59.44,62.99,QQQ,call,2027-03-31,mid,short,740.745,1003346.4929325547,1003346.4929325547,-1.45056665924171,61.215,0.0
730.0,2027,3,31,P,0.0032594972453879587,-0.38049546695684067,478,0.21421444549538365,33.19,34.77,QQQ,put,2027-03-31,mid,short,740.745,-854901.2898783621,854901.2898783621,-1.45056665924171,33.980000000000004,0.0
730.0,2027,6,17,C,0.002597591215917496,0.626432976895321,5811,0.23160155145209746,74.77,76.0,QQQ,call,2027-06-17,mid,short,740.745,8282456.046159135,8282456.046159135,-1.45056665924171,75.38499999999999,0.0
730.0,2027,6,17,P,0.002597591215917496,-0.37356702310467904,8671,0.226788776238982,41.66,42.86,QQQ,put,2027-06-17,mid,short,740.745,-12358832.623687122,12358832.623687122,-1.45056665924171,42.26,0.0
730.0,2027,6,30,C,0.002528126009069607,0.6279151175658277,45,0.22979446190079392,76.21,79.49,QQQ,call,2027-06-30,mid,short,740.745,62423.582286476485,62423.582286476485,-1.45056665924171,77.85,0.0
730.0,2027,6,30,P,0.002528126009069607,-0.3720848824341722,139,0.2256511648414564,42.23,44.27,QQQ,put,2027-06-30,mid,short,740.745,-192819.5097293385,192819.5097293385,-1.45056665924171,43.25,0.0
730.0,2027,9,17,C,0.0021633044521860894,0.6362168658180645,365,0.23685484714760116,88.92,92.47,QQQ,call,2027-09-17,mid,short,740.745,433259.37204085983,433259.37204085983,-1.45056665924171,90.695,0.0
730.0,2027,9,17,P,0.0021633044521860894,-0.3637831341819356,3980,0.23176017722718417,48.45,50.57,QQQ,put,2027-09-17,mid,short,740.745,-4724307.673212663,4724307.673212663,-1.45056665924171,49.510000000000005,0.0
730.0,2027,12,17,C,0.0018787356905323484,0.6456600986071265,1747,0.24020211902721006,101.5,106.0,QQQ,call,2027-12-17,mid,short,740.745,1800926.7468904906,1800926.7468904906,-1.45056665924171,103.75,0.0
730.0,2027,12,17,P,0.0018787356905323484,-0.3543399013928735,3250,0.23516954142505359,53.93,57.03,QQQ,put,2027-12-17,mid,short,740.745,-3350321.652772808,3350321.652772808,-1.45056665924171,55.480000000000004,0.0
730.0,2028,1,21,C,0.0018043340264457448,0.6494464640863962,8229,0.2424852159691371,106.46,110.0,QQQ,call,2028-01-21,mid,short,740.745,8147070.208261746,8147070.208261746,-1.45056665924171,108.22999999999999,0.0
730.0,2028,1,21,P,0.0018043340264457448,-0.3505535359136039,1234,0.2321583974132611,54.5,59.5,QQQ,put,2028-01-21,mid,short,740.745,-1221714.0159187017,1221714.0159187017,-1.45056665924171,57.0,0.0
730.0,2028,6,16,C,0.0015275997907668406,0.6634841207226392,408,0.2461398720347722,124.5,129.5,QQQ,call,2028-06-16,mid,short,740.745,341985.12052219245,341985.12052219245,-1.45056665924171,127.0,0.0
730.0,2028,6,16,P,0.0015275997907668406,-0.3365158792773609,621,0.23839876698323834,62.0,66.5,QQQ,put,2028-06-16,mid,short,740.745,-520521.47020657244,520521.47020657244,-1.45056665924171,64.25,0.0
730.0,2028,12,15,C,0.0012963576822924493,0.679206947728745,2005,0.2513513749456344,145.5,150.5,QQQ,call,2028-12-15,mid,short,740.745,1426187.678381101,1426187.678381101,-1.45056665924171,148.0,0.0
730.0,2028,12,15,P,0.0012963576822924493,-0.320793052271255,511,0.24301086060165344,69.0,74.0,QQQ,put,2028-12-15,mid,short,740.745,-363482.24621084414,363482.24621084414,-1.45056665924171,71.5,0.0
730.0,2029,1,19,C,0.0012634469901357545,0.6821184406267307,2,0.2501619555829355,148.5,153.5,QQQ,call,2029-01-19,mid,short,740.745,1386.5146993886572,1386.5146993886572,-1.45056665924171,151.0,0.0
730.0,2029,1,19,P,0.0012634469901357545,-0.3178815593732693,10,0.24334046492335953,70.0,75.0,QQQ,put,2029-01-19,mid,short,740.745,-6932.573496943286,6932.573496943286,-1.45056665924171,72.5,0.0
731.0,2026,9,21,C,0.024254197647150044,0.8181148134777779,3493,2.6144411772116727,9.87,11.79,QQQ,call,2026-09-21,mid,short,740.745,46486083.21716793,46486083.21716793,-1.3155674354872466,10.829999999999998,0.0
731.0,2026,9,21,P,0.024254197647150044,-0.18188518652222205,17,1.7677697275272246,0.0,0.01,QQQ,put,2026-09-21,mid,short,740.745,-226242.03111704972,226242.03111704972,-1.3155674354872466,0.005,0.0
731.0,2026,9,22,C,0.02232438667831132,0.904773983530621,4795,0.2051118150479959,10.23,10.82,QQQ,call,2026-09-22,mid,short,740.745,58736167.434038065,58736167.434038065,-1.3155674354872466,10.525,10166.0
731.0,2026,9,22,P,0.02232438667831132,-0.09522601646937906,6,0.1940770440427327,0.33,0.35,QQQ,put,2026-09-22,mid,short,740.745,-73496.768426325,73496.768426325,-1.3155674354872466,0.33999999999999997,0.0
731.0,2026,9,23,C,0.024096733281957352,0.8395551477116618,1102,0.1818303022746101,10.73,11.37,QQQ,call,2026-09-23,mid,short,740.745,14570592.842521727,14570592.842521727,-1.3155674354872466,11.05,0.0
731.0,2026,9,23,P,0.024096733281957352,-0.16044485228833819,1,0.18298040505788363,0.84,0.88,QQQ,put,2026-09-23,mid,short,740.745,-13221.953577605924,13221.953577605924,-1.3155674354872466,0.86,0.0
731.0,2026,9,24,C,0.02298709014575815,0.7931632139550968,268,0.1899256731968358,11.54,12.06,QQQ,call,2026-09-24,mid,short,740.745,3380307.821936185,3380307.821936185,-1.3155674354872466,11.8,0.0
731.0,2026,9,24,P,0.02298709014575815,-0.20683678604490321,1,0.18398510942588986,1.44,1.48,QQQ,put,2026-09-24,mid,short,740.745,-12613.088887821585,12613.088887821585,-1.3155674354872466,1.46,0.0
731.0,2026,9,25,C,0.021601016170454894,0.7646854241812623,2004,0.1985938622889967,12.41,12.85,QQQ,call,2026-09-25,mid,short,740.745,23752501.631847188,23752501.631847188,-1.3155674354872466,12.629999999999999,0.0
731.0,2026,9,25,P,0.021601016170454894,-0.2353145758187377,57,0.18233392003853346,1.95,2.01,QQQ,put,2026-09-25,mid,short,740.745,-675595.1062950545,675595.1062950545,-1.3155674354872466,1.98,0.0
731.0,2026,9,28,C,0.01972324928362837,0.7393484808013,711,0.16140857118295682,12.96,13.48,QQQ,call,2026-09-28,mid,short,740.745,7694590.676692007,7694590.676692007,-1.3155674354872466,13.22,0.0
731.0,2026,9,28,P,0.01972324928362837,-0.26065151919869994,0,0.15977459085676382,2.6,2.65,QQQ,put,2026-09-28,mid,short,740.745,-0.0,0.0,-1.3155674354872466,2.625,0.0
731.0,2026,9,29,C,0.018503123711160446,0.7221785323960513,34,0.16484096962155215,13.52,15.59,QQQ,call,2026-09-29,mid,short,740.745,345192.56017647526,345192.56017647526,-1.3155674354872466,14.555,0.0
731.0,2026,9,29,P,0.018503123711160446,-0.27782146760394866,0,0.16444880178742066,3.12,3.18,QQQ,put,2026-09-29,mid,short,740.745,-0.0,0.0,-1.3155674354872466,3.1500000000000004,0.0
731.0,2026,9,30,C,0.0171546999630606,0.7044240508947219,401,0.17417517867366517,14.32,14.82,QQQ,call,2026-09-30,mid,short,740.745,3774548.03528868,3774548.03528868,-1.3155674354872466,14.57,0.0
731.0,2026,9,30,P,0.0171546999630606,-0.295575949105278,75,0.17232430834928147,3.78,3.84,QQQ,put,2026-09-30,mid,short,740.745,-705962.8494928952,705962.8494928952,-1.3155674354872466,3.8099999999999996,0.0
731.0,2026,10,1,C,0.016177365454335135,0.6927287707858476,23,0.17541955832364856,14.81,15.45,QQQ,call,2026-10-01,mid,short,740.745,204161.14369008102,204161.14369008102,-1.3155674354872466,15.129999999999999,0.0
731.0,2026,10,1,P,0.016177365454335135,-0.30727122921415245,0,0.1762486084311137,4.3,4.38,QQQ,put,2026-10-01,mid,short,740.745,-0.0,0.0,-1.3155674354872466,4.34,0.0
731.0,2026,10,2,C,0.01521123132213891,0.6815371995190438,1284,0.18862676524770997,15.84,16.42,QQQ,call,2026-10-02,mid,short,740.745,10716842.593862174,10716842.593862174,-1.3155674354872466,16.130000000000003,0.0
731.0,2026,10,2,P,0.01521123132213891,-0.31846280048095615,65,0.18158046781295528,4.89,4.97,QQQ,put,2026-10-02,mid,short,740.745,-542519.290187727,542519.290187727,-1.3155674354872466,4.93,0.0
731.0,2026,10,9,C,0.01244295521681878,0.6557629823749975,551,0.1833916333177297,18.36,18.9,QQQ,call,2026-10-09,mid,short,740.745,3761946.320702089,3761946.320702089,-1.3155674354872466,18.63,0.0
731.0,2026,10,9,P,0.01244295521681878,-0.3442370176250025,2,0.17919458662540513,6.92,7.0,QQQ,put,2026-10-09,mid,short,740.745,-13654.977570606496,13654.977570606496,-1.3155674354872466,6.96,0.0
731.0,2026,10,16,C,0.010595670286465667,0.640285815533977,2925,0.1858022007829179,20.89,21.46,QQQ,call,2026-10-16,mid,short,740.745,17005592.318680946,17005592.318680946,-1.3155674354872466,21.175,0.0
731.0,2026,10,16,P,0.010595670286465667,-0.359714184466023,820,0.18118587743955206,8.81,8.94,QQQ,put,2026-10-16,mid,short,740.745,-4767379.726946453,4767379.726946453,-1.3155674354872466,8.875,0.0
731.0,2026,10,23,C,0.009303048446415935,0.6305202098751299,94,0.18985754269807847,23.35,23.66,QQQ,call,2026-10-23,mid,short,740.745,479833.5311864917,479833.5311864917,-1.3155674354872466,23.505000000000003,0.0
731.0,2026,10,23,P,0.009303048446415935,-0.36947979012487014,4,0.18399198269037925,10.56,10.72,QQQ,put,2026-10-23,mid,short,740.745,-20418.44813559539,20418.44813559539,-1.3155674354872466,10.64,0.0
731.0,2026,10,30,C,0.008146638380146226,0.6215202152514119,69,0.1979130198290821,26.07,26.38,QQQ,call,2026-10-30,mid,short,740.745,308435.94656034524,308435.94656034524,-1.3155674354872466,26.225,0.0
731.0,2026,10,30,P,0.008146638380146226,-0.3784797847485881,5,0.19186458449900395,12.65,12.82,QQQ,put,2026-10-30,mid,short,740.745,-22350.430910169955,22350.430910169955,-1.3155674354872466,12.735,0.0
731.0,2026,11,30,C,0.005881679545580599,0.6109140091398788,9,0.20371413093674126,34.47,34.85,QQQ,call,2026-11-30,mid,short,740.745,29045.665111554747,29045.665111554747,-1.3155674354872466,34.66,0.0
731.0,2026,11,30,P,0.005881679545580599,-0.38908599086012124,1,0.1999738546066037,18.67,18.9,QQQ,put,2026-11-30,mid,short,740.745,-3227.296123506083,3227.296123506083,-1.3155674354872466,18.785,0.0
732.0,2026,9,21,C,0.02714596530345209,0.8219856259320182,3583,2.3973730899318446,8.87,10.48,QQQ,call,2026-09-21,mid,short,740.745,53369060.203792594,53369060.203792594,-1.1805682117327831,9.675,0.0
732.0,2026,9,21,P,0.02714596530345209,-0.17801437406798185,2,1.6061084233412661,0.0,0.01,QQQ,put,2026-09-21,mid,short,740.745,-29790.153616406686,29790.153616406686,-1.1805682117327831,0.005,0.0
732.0,2026,9,22,C,0.02598440904560774,0.8879491052490668,4235,0.21220056101320386,9.41,9.84,QQQ,call,2026-09-22,mid,short,740.745,60381474.79696497,60381474.79696497,-1.1805682117327831,9.625,11727.0
732.0,2026,9,22,P,0.02598440904560774,-0.11205089475093323,0,0.18776501084866387,0.39,0.41,QQQ,put,2026-09-22,mid,short,740.745,-0.0,0.0,-1.1805682117327831,0.4,0.0
732.0,2026,9,23,C,0.026583961630809148,0.8185090956498707,875,0.18503016733223157,9.95,10.59,QQQ,call,2026-09-23,mid,short,740.745,12763365.66740246,12763365.66740246,-1.1805682117327831,10.27,0.0
732.0,2026,9,23,P,0.026583961630809148,-0.1814909043501293,0,0.17990797880128973,0.97,1.0,QQQ,put,2026-09-23,mid,short,740.745,-0.0,0.0,-1.1805682117327831,0.985,0.0
732.0,2026,9,24,C,0.02468266257724996,0.7728672531323051,4507,0.18750399253476233,10.72,11.2,QQQ,call,2026-09-24,mid,short,740.745,61040350.92130936,61040350.92130936,-1.1805682117327831,10.96,0.0
732.0,2026,9,24,P,0.02468266257724996,-0.22713274686769497,0,0.18091197176639162,1.6,1.64,QQQ,put,2026-09-24,mid,short,740.745,-0.0,0.0,-1.1805682117327831,1.62,0.0
732.0,2026,9,25,C,0.022848645463579835,0.7448380751933907,2320,0.19588549720615264,11.61,12.04,QQQ,call,2026-09-25,mid,short,740.745,29086127.34108027,29086127.34108027,-1.1805682117327831,11.825,0.0
732.0,2026,9,25,P,0.022848645463579835,-0.2551619248066093,85,0.18028982906603147,2.15,2.2,QQQ,put,2026-09-25,mid,short,740.745,-1065655.5275826824,1065655.5275826824,-1.1805682117327831,2.175,0.0
732.0,2026,9,28,C,0.02063595501242469,0.7211469680324283,294,0.16025719060021448,12.2,12.69,QQQ,call,2026-09-28,mid,short,740.745,3328966.004947789,3328966.004947789,-1.1805682117327831,12.445,0.0
732.0,2026,9,28,P,0.02063595501242469,-0.2788530319675717,0,0.15783073272205236,2.81,2.87,QQQ,put,2026-09-28,mid,short,740.745,-0.0,0.0,-1.1805682117327831,2.84,0.0
732.0,2026,9,29,C,0.019238762187026543,0.7049969730660046,46,0.16363181521504905,12.77,13.34,QQQ,call,2026-09-29,mid,short,740.745,485592.99749666813,485592.99749666813,-1.1805682117327831,13.055,0.0
732.0,2026,9,29,P,0.019238762187026543,-0.29500302693399544,0,0.1627452059724526,3.35,3.41,QQQ,put,2026-09-29,mid,short,740.745,-0.0,0.0,-1.1805682117327831,3.38,0.0
732.0,2026,9,30,C,0.017715170753049632,0.6881728530942651,1298,0.17330877035771133,13.6,14.04,QQQ,call,2026-09-30,mid,short,740.745,12617040.36903841,12617040.36903841,-1.1805682117327831,13.82,0.0
732.0,2026,9,30,P,0.017715170753049632,-0.3118271469057349,243,0.17079718117906262,4.03,4.1,QQQ,put,2026-09-30,mid,short,740.745,-2362049.9304132,2362049.9304132,-1.1805682117327831,4.0649999999999995,0.0
732.0,2026,10,1,C,0.016647682838686357,0.6773631709698725,35,0.1743949766733313,14.09,14.75,QQQ,call,2026-10-01,mid,short,740.745,319712.2634104963,319712.2634104963,-1.1805682117327831,14.42,0.0
732.0,2026,10,1,P,0.016647682838686357,-0.32263682903012747,0,0.1750037994113704,4.57,4.64,QQQ,put,2026-10-01,mid,short,740.745,-0.0,0.0,-1.1805682117327831,4.605,0.0
732.0,2026,10,2,C,0.015611921135603042,0.6671293974727144,4473,0.1893934354032044,15.22,15.64,QQQ,call,2026-10-02,mid,short,740.745,38317106.34363703,38317106.34363703,-1.1805682117327831,15.43,0.0
732.0,2026,10,2,P,0.015611921135603042,-0.33287060252728556,82,0.18015683729933635,5.16,5.24,QQQ,put,2026-10-02,mid,short,740.745,-702437.4514147633,702437.4514147633,-1.1805682117327831,5.2,0.0
732.0,2026,10,9,C,0.012662794959446362,0.6436863817626618,486,0.18242362207743565,17.67,18.18,QQQ,call,2026-10-09,mid,short,740.745,3376784.155201882,3376784.155201882,-1.1805682117327831,17.925,0.0
732.0,2026,10,9,P,0.012662794959446362,-0.3563136182373382,10,0.1781469756637775,7.22,7.32,QQQ,put,2026-10-09,mid,short,740.745,-69481.15545682887,69481.15545682887,-1.1805682117327831,7.27,0.0
732.0,2026,10,16,C,0.01075006187049199,0.6300429526403576,1473,0.18665429552143684,20.34,20.61,QQQ,call,2026-10-16,mid,short,740.745,8688627.290222935,8688627.290222935,-1.1805682117327831,20.475,0.0
732.0,2026,10,16,P,0.01075006187049199,-0.3699570473596424,379,0.18034608286444878,9.13,9.25,QQQ,put,2026-10-16,mid,short,740.745,-2235566.6958550517,2235566.6958550517,-1.1805682117327831,9.190000000000001,0.0
732.0,2026,10,23,C,0.009419324519324212,0.6215245706347854,39,0.18901496409096408,22.68,22.98,QQQ,call,2026-10-23,mid,short,740.745,201568.1101963439,201568.1101963439,-1.1805682117327831,22.83,0.0
732.0,2026,10,23,P,0.009419324519324212,-0.37847542936521467,3,0.18311537779710002,10.88,11.04,QQQ,put,2026-10-23,mid,short,740.745,-15505.239245872612,15505.239245872612,-1.1805682117327831,10.96,0.0
732.0,2026,10,30,C,0.008231961547108268,0.6136070250105089,60,0.19702529096607085,25.4,25.71,QQQ,call,2026-10-30,mid,short,740.745,271014.19637656724,271014.19637656724,-1.1805682117327831,25.555,0.0
732.0,2026,10,30,P,0.008231961547108268,-0.3863929749894911,6,0.19105950972036745,12.98,13.15,QQQ,put,2026-10-30,mid,short,740.745,-27101.41963765672,27101.41963765672,-1.1805682117327831,13.065000000000001,0.0
732.0,2026,11,30,C,0.005922040767510057,0.6051316353580598,24,0.20329728226397356,33.85,34.2,QQQ,call,2026-11-30,mid,short,740.745,77986.61887966657,77986.61887966657,-1.1805682117327831,34.025000000000006,0.0
732.0,2026,11,30,P,0.005922040767510057,-0.39486836464194025,0,0.1993934444847984,19.02,19.26,QQQ,put,2026-11-30,mid,short,740.745,-0.0,0.0,-1.1805682117327831,19.14,0.0
733.0,2026,9,21,C,0.030514880214442746,0.8143850838012973,3209,1.9113799600591899,7.81,9.47,QQQ,call,2026-09-21,mid,short,740.745,53730247.85583885,53730247.85583885,-1.0455689879783197,8.64,0.0
733.0,2026,9,21,P,0.030514880214442746,-0.18561491619870274,1,1.4428769127898473,0.0,0.01,QQQ,put,2026-09-21,mid,short,740.745,-16743.611048874685,16743.611048874685,-1.0455689879783197,0.005,0.0
733.0,2026,9,22,C,0.03028649467988153,0.8658659307883304,1210,0.20951582308826436,8.54,9.01,QQQ,call,2026-09-22,mid,short,740.745,20108137.17445364,20108137.17445364,-1.0455689879783197,8.774999999999999,12463.0
733.0,2026,9,22,P,0.03028649467988153,-0.1341340692116696,0,0.18227975339322133,0.47,0.5,QQQ,put,2026-09-22,mid,short,740.745,-0.0,0.0,-1.0455689879783197,0.485,0.0
733.0,2026,9,23,C,0.02924406518707738,0.7956349640692324,2192,0.1903217193617404,9.24,9.73,QQQ,call,2026-09-23,mid,short,740.745,35173513.34792223,35173513.34792223,-1.0455689879783197,9.485,0.0
733.0,2026,9,23,P,0.02924406518707738,-0.2043650359307676,0,0.17557242603906206,1.1,1.14,QQQ,put,2026-09-23,mid,short,740.745,-0.0,0.0,-1.0455689879783197,1.12,0.0
733.0,2026,9,24,C,0.02641838993909443,0.7506570658988825,889,0.18510823470424656,9.92,10.38,QQQ,call,2026-09-24,mid,short,740.745,12886814.12622277,12886814.12622277,-1.0455689879783197,10.15,0.0
733.0,2026,9,24,P,0.02641838993909443,-0.24934293410111755,0,0.1779254801560169,1.78,1.82,QQQ,put,2026-09-24,mid,short,740.745,-0.0,0.0,-1.0455689879783197,1.8,0.0
733.0,2026,9,25,C,0.024126187637441954,0.7239846045671805,1330,0.19291317555576698,10.82,11.24,QQQ,call,2026-09-25,mid,short,740.745,17606693.3162681,17606693.3162681,-1.0455689879783197,11.030000000000001,0.0
733.0,2026,9,25,P,0.024126187637441954,-0.27601539543281944,128,0.17790373669066833,2.36,2.4,QQQ,put,2026-09-25,mid,short,740.745,-1694478.7552498623,1694478.7552498623,-1.0455689879783197,2.38,0.0
733.0,2026,9,28,C,0.021547000702808877,0.7019918202074336,122,0.1622288152142434,11.57,11.93,QQQ,call,2026-09-28,mid,short,740.745,1442394.686568769,1442394.686568769,-1.0455689879783197,11.75,0.0
733.0,2026,9,28,P,0.021547000702808877,-0.2980081797925665,8,0.15598369622086355,3.04,3.1,QQQ,put,2026-09-28,mid,short,740.745,-94583.258135657,94583.258135657,-1.0455689879783197,3.0700000000000003,0.0
733.0,2026,9,29,C,0.019954612660404335,0.6868820157251587,59,0.16224242585160273,12.03,13.68,QQQ,call,2026-09-29,mid,short,740.745,646000.3765198743,646000.3765198743,-1.0455689879783197,12.855,0.0
733.0,2026,9,29,P,0.019954612660404335,-0.31311798427484133,3,0.16114443170865309,3.6,3.66,QQQ,put,2026-09-29,mid,short,740.745,-32847.476772197006,32847.476772197006,-1.0455689879783197,3.63,0.0
733.0,2026,9,30,C,0.018272540034563477,0.6714041089102922,476,0.17300435151757304,12.92,13.33,QQQ,call,2026-09-30,mid,short,740.745,4772471.3748279475,4772471.3748279475,-1.0455689879783197,13.125,0.0
733.0,2026,9,30,P,0.018272540034563477,-0.3285958910897077,146,0.16938456398068022,4.3,4.36,QQQ,put,2026-09-30,mid,short,740.745,-1463825.2536236981,1463825.2536236981,-1.0455689879783197,4.33,0.0
733.0,2026,10,1,C,0.017113384239927462,0.6615448628278038,16,0.17548329102504887,13.48,14.02,QQQ,call,2026-10-01,mid,short,740.745,150242.68680965295,150242.68680965295,-1.0455689879783197,13.75,0.0
733.0,2026,10,1,P,0.017113384239927462,-0.3384551371721962,0,0.17342871158542322,4.84,4.92,QQQ,put,2026-10-01,mid,short,740.745,-0.0,0.0,-1.0455689879783197,4.88,0.0
733.0,2026,10,2,C,0.015983772051337303,0.6520781041886757,336,0.18562834439054682,14.4,14.92,QQQ,call,2026-10-02,mid,short,740.745,2946836.307666449,2946836.307666449,-1.0455689879783197,14.66,0.0
733.0,2026,10,2,P,0.015983772051337303,-0.34792189581132427,74,0.17907805062196253,5.46,5.53,QQQ,put,2026-10-02,mid,short,740.745,-649005.6153789203,649005.6153789203,-1.0455689879783197,5.495,0.0
733.0,2026,10,9,C,0.012902356189412371,0.6316283942737619,532,0.1848102495798448,17.2,17.44,QQQ,call,2026-10-09,mid,short,740.745,3766327.8077418334,3766327.8077418334,-1.0455689879783197,17.32,0.0
733.0,2026,10,9,P,0.012902356189412371,-0.3683716057262381,8,0.17707637457377337,7.53,7.6,QQQ,put,2026-10-09,mid,short,740.745,-56636.50838709524,56636.50838709524,-1.0455689879783197,7.5649999999999995,0.0
733.0,2026,10,16,C,0.01089948424600726,0.619615168221997,2380,0.18599533230096366,19.69,19.9,QQQ,call,2026-10-16,mid,short,740.745,14233783.717552131,14233783.717552131,-1.0455689879783197,19.795,0.0
733.0,2026,10,16,P,0.01089948424600726,-0.38038483177800303,238,0.17937222122467048,9.45,9.58,QQQ,put,2026-10-16,mid,short,740.745,-1423378.3717552132,1423378.3717552132,-1.0455689879783197,9.515,0.0
733.0,2026,10,23,C,0.009534467688229497,0.612408808310083,113,0.18795377788321027,22.0,22.31,QQQ,call,2026-10-23,mid,short,740.745,591169.9527277452,591169.9527277452,-1.0455689879783197,22.155,0.0
733.0,2026,10,23,P,0.009534467688229497,-0.38759119168991696,2,0.18213665339925333,11.2,11.37,QQQ,put,2026-10-23,mid,short,740.745,-10463.185004030887,10463.185004030887,-1.0455689879783197,11.285,0.0
733.0,2026,10,30,C,0.008313971404744398,0.6055794422217038,102,0.19616690847740859,24.74,25.05,QQQ,call,2026-10-30,mid,short,740.745,465314.03873823,465314.03873823,-1.0455689879783197,24.895,0.0
733.0,2026,10,30,P,0.008313971404744398,-0.39442055777829615,10,0.19028080809590114,13.32,13.49,QQQ,put,2026-10-30,mid,short,740.745,-45619.023405708824,45619.023405708824,-1.0455689879783197,13.405000000000001,0.0
733.0,2026,11,30,C,0.005967286027982264,0.5993674296214961,16,0.20243767419812664,33.18,33.56,QQQ,call,2026-11-30,mid,short,740.745,52388.2987278475,52388.2987278475,-1.0455689879783197,33.370000000000005,0.0
733.0,2026,11,30,P,0.005967286027982264,-0.40063257037850386,2,0.19845020191629087,19.33,19.62,QQQ,put,2026-11-30,mid,short,740.745,-6548.537340980937,6548.537340980937,-1.0455689879783197,19.475,0.0
734.0,2026,9,21,C,0.03531248594720366,0.8225112641455681,2359,1.7068086491825636,6.81,8.1,QQQ,call,2026-09-21,mid,short,740.745,45708154.91192462,45708154.91192462,-0.9105697642238564,7.455,0.0
734.0,2026,9,21,P,0.03531248594720366,-0.17748873585443195,0,1.2777861430340367,0.0,0.01,QQQ,put,2026-09-21,mid,short,740.745,-0.0,0.0,-0.9105697642238564,0.005,0.0
734.0,2026,9,22,C,0.035123906984172074,0.841545095085566,679,0.20539648125108237,7.68,8.15,QQQ,call,2026-09-22,mid,short,740.745,13086094.435154479,13086094.435154479,-0.9105697642238564,7.915,10738.0
734.0,2026,9,22,P,0.035123906984172074,-0.158454904914434,0,0.17699829148413718,0.57,0.58,QQQ,put,2026-09-22,mid,short,740.745,-0.0,0.0,-0.9105697642238564,0.575,0.0
734.0,2026,9,23,C,0.03202745677989878,0.7695874344309197,2137,0.1733280705678792,8.19,8.86,QQQ,call,2026-09-23,mid,short,740.745,37554711.78692492,37554711.78692492,-0.9105697642238564,8.524999999999999,0.0
734.0,2026,9,23,P,0.03202745677989878,-0.23041256556908035,0,0.1718774477331399,1.26,1.3,QQQ,put,2026-09-23,mid,short,740.745,-0.0,0.0,-0.9105697642238564,1.28,0.0
734.0,2026,9,24,C,0.02815645424346315,0.7263164635760666,267,0.18133117979598265,9.11,9.57,QQQ,call,2026-09-24,mid,short,740.745,4125025.9191473094,4125025.9191473094,-0.9105697642238564,9.34,0.0
734.0,2026,9,24,P,0.02815645424346315,-0.2736835364239334,0,0.17492793473232393,1.98,2.03,QQQ,put,2026-09-24,mid,short,740.745,-0.0,0.0,-0.9105697642238564,2.005,0.0
734.0,2026,9,25,C,0.025398257222739876,0.7016739941868024,1903,0.19001908779234752,10.05,10.41,QQQ,call,2026-09-25,mid,short,740.745,26520405.6650931,26520405.6650931,-0.9105697642238564,10.23,0.0
734.0,2026,9,25,P,0.025398257222739876,-0.2983260058131975,74,0.17516039641831008,2.58,2.63,QQQ,put,2026-09-25,mid,short,740.745,-1031271.6863987859,1031271.6863987859,-0.9105697642238564,2.605,0.0
734.0,2026,9,28,C,0.02242175572671107,0.6816017761238778,119,0.1572555015394135,10.71,11.16,QQQ,call,2026-09-28,mid,short,740.745,1464043.684905101,1464043.684905101,-0.9105697642238564,10.935,0.0
734.0,2026,9,28,P,0.02242175572671107,-0.31839822387612216,3,0.15446781840904902,3.3,3.35,QQQ,put,2026-09-28,mid,short,740.745,-36908.66432533868,36908.66432533868,-0.9105697642238564,3.325,0.0
734.0,2026,9,29,C,0.020644502169351032,0.6678839769849262,65,0.15991201578313938,11.27,11.85,QQQ,call,2026-09-29,mid,short,740.745,736300.725825819,736300.725825819,-0.9105697642238564,11.559999999999999,0.0
734.0,2026,9,29,P,0.020644502169351032,-0.3321160230150738,1,0.1596160791301943,3.87,3.93,QQQ,put,2026-09-29,mid,short,740.745,-11327.703474243368,11327.703474243368,-0.9105697642238564,3.9000000000000004,0.0
734.0,2026,9,30,C,0.01879314108376565,0.6538186550393562,593,0.16995964077886383,12.14,12.6,QQQ,call,2026-09-30,mid,short,740.745,6114930.492656851,6114930.492656851,-0.9105697642238564,12.370000000000001,0.0
734.0,2026,9,30,P,0.01879314108376565,-0.3461813449606438,129,0.16806279150732184,4.59,4.65,QQQ,put,2026-09-30,mid,short,740.745,-1330229.3989084887,1330229.3989084887,-0.9105697642238564,4.62,0.0
734.0,2026,10,1,C,0.017564244727188056,0.6451825018824021,13,0.17286648325084314,12.72,13.3,QQQ,call,2026-10-01,mid,short,740.745,125288.23446671099,125288.23446671099,-0.9105697642238564,13.010000000000002,0.0
734.0,2026,10,1,P,0.017564244727188056,-0.3548174981175979,0,0.17196657370706062,5.13,5.21,QQQ,put,2026-10-01,mid,short,740.745,-0.0,0.0,-0.9105697642238564,5.17,0.0
734.0,2026,10,2,C,0.016364777352915243,0.6367998921974563,416,0.18639447642949883,13.81,14.06,QQQ,call,2026-10-02,mid,short,740.745,3735432.465367725,3735432.465367725,-0.9105697642238564,13.935,0.0
734.0,2026,10,2,P,0.016364777352915243,-0.3632001078025437,26,0.1774880554975098,5.75,5.83,QQQ,put,2026-10-02,mid,short,740.745,-233464.52908548282,233464.52908548282,-0.9105697642238564,5.79,0.0
734.0,2026,10,9,C,0.013114932636905231,0.6191047158466162,742,0.1836029058093215,16.52,16.75,QQQ,call,2026-10-09,mid,short,740.745,5339584.0475312015,5339584.0475312015,-0.9105697642238564,16.634999999999998,0.0
734.0,2026,10,9,P,0.013114932636905231,-0.3808952841533838,16,0.17597861500117593,7.85,7.93,QQQ,put,2026-10-09,mid,short,740.745,-115139.27865296388,115139.27865296388,-0.9105697642238564,7.89,0.0
734.0,2026,10,16,C,0.011047497716556156,0.6090407524294094,3861,0.1847998243040073,19.01,19.23,QQQ,call,2026-10-16,mid,short,740.745,23404597.64636677,23404597.64636677,-0.9105697642238564,19.12,0.0
734.0,2026,10,16,P,0.011047497716556156,-0.39095924757059064,76,0.17839923502551133,9.78,9.91,QQQ,put,2026-10-16,mid,short,740.745,-460696.5607676444,460696.5607676444,-0.9105697642238564,9.844999999999999,0.0
734.0,2026,10,23,C,0.009627754546171841,0.6029884451778322,63,0.18714873599252996,21.35,21.65,QQQ,call,2026-10-23,mid,short,740.745,332815.09560331894,332815.09560331894,-0.9105697642238564,21.5,0.0
734.0,2026,10,23,P,0.009627754546171841,-0.3970115548221678,1,0.1815290824246334,11.56,11.74,QQQ,put,2026-10-23,mid,short,740.745,-5282.779295290776,5282.779295290776,-0.9105697642238564,11.65,0.0
734.0,2026,10,30,C,0.008392505321436193,0.5974426927288234,76,0.19533613893070256,24.09,24.39,QQQ,call,2026-10-30,mid,short,740.745,349979.5552811468,349979.5552811468,-0.9105697642238564,24.240000000000002,0.0
734.0,2026,10,30,P,0.008392505321436193,-0.40255730727117656,13,0.18952676521180473,13.67,13.84,QQQ,put,2026-10-30,mid,short,740.745,-59864.923929669836,59864.923929669836,-0.9105697642238564,13.754999999999999,0.0
734.0,2026,11,30,C,0.006007203017828053,0.5935012382063054,3,0.20177496452143714,32.54,32.92,QQQ,call,2026-11-30,mid,short,740.745,9888.513746273864,9888.513746273864,-0.9105697642238564,32.730000000000004,0.0
734.0,2026,11,30,P,0.006007203017828053,-0.40649876179369454,5,0.19786282778102493,19.69,19.98,QQQ,put,2026-11-30,mid,short,740.745,-16480.85624378977,16480.85624378977,-0.9105697642238564,19.835,0.0
735.0,2026,9,21,C,0.03991018288633637,0.7877518625034348,10301,1.337247881041982,5.78,7.47,QQQ,call,2026-09-21,mid,short,740.745,225579984.4970499,225579984.4970499,-0.7755705404693929,6.625,0.0
735.0,2026,9,21,P,0.03991018288633637,-0.21224813749656518,55,1.1104471781298078,0.0,0.01,QQQ,put,2026-09-21,mid,short,740.745,-1204436.379704664,1204436.379704664,-0.7755705404693929,0.005,0.0
735.0,2026,9,22,C,0.040513871263512406,0.8097672181152797,1014,0.19815833091222607,6.81,7.32,QQQ,call,2026-09-22,mid,short,740.745,22541310.230349865,22541310.230349865,-0.7755705404693929,7.0649999999999995,29474.0
735.0,2026,9,22,P,0.040513871263512406,-0.19023278188472026,22,0.1724087217792921,0.7,0.71,QQQ,put,2026-09-22,mid,short,740.745,-489061.9576604507,489061.9576604507,-0.7755705404693929,0.705,0.0
735.0,2026,9,23,C,0.03489335817943992,0.7404471362255174,2867,0.1776834916774856,7.52,8.04,QQQ,call,2026-09-23,mid,short,740.745,54891856.4363389,54891856.4363389,-0.7755705404693929,7.779999999999999,0.0
735.0,2026,9,23,P,0.03489335817943992,-0.2595528637744826,1,0.1691010055776582,1.46,1.47,QQQ,put,2026-09-23,mid,short,740.745,-19146.095722476075,19146.095722476075,-0.7755705404693929,1.4649999999999999,0.0
735.0,2026,9,24,C,0.029872013217505326,0.6999454052857507,1344,0.17668275735828745,8.3,8.78,QQQ,call,2026-09-24,mid,short,740.745,22029326.456785098,22029326.456785098,-0.7755705404693929,8.54,0.0
735.0,2026,9,24,P,0.029872013217505326,-0.30005459471424933,70,0.1722625326866766,2.21,2.26,QQQ,put,2026-09-24,mid,short,740.745,-1147360.7529575573,1147360.7529575573,-0.7755705404693929,2.235,0.0
735.0,2026,9,25,C,0.0265669589631225,0.677281644535267,3815,0.18856423484510978,9.34,9.56,QQQ,call,2026-09-25,mid,short,740.745,55612682.58248035,55612682.58248035,-0.7755705404693929,9.45,0.0
735.0,2026,9,25,P,0.0265669589631225,-0.32271835546473304,200,0.17347992562242337,2.85,2.89,QQQ,put,2026-09-25,mid,short,740.745,-2915474.840497004,2915474.840497004,-0.7755705404693929,2.87,0.0
735.0,2026,9,28,C,0.02326546646152913,0.6601979326990008,594,0.15592137019590147,10.0,10.43,QQQ,call,2026-09-28,mid,short,740.745,7582905.901238197,7582905.901238197,-0.7755705404693929,10.215,0.0
735.0,2026,9,28,P,0.02326546646152913,-0.3398020673009991,162,0.15269406126222285,3.57,3.63,QQQ,put,2026-09-28,mid,short,740.745,-2068065.2457922355,2068065.2457922355,-0.7755705404693929,3.5999999999999996,0.0
735.0,2026,9,29,C,0.021316858132736687,0.648154376794335,331,0.16012026256641085,10.63,11.1,QQQ,call,2026-09-29,mid,short,740.745,3871583.6404881263,3871583.6404881263,-0.7755705404693929,10.865,0.0
735.0,2026,9,29,P,0.021316858132736687,-0.351845623205665,0,0.15788720457860317,4.15,4.22,QQQ,put,2026-09-29,mid,short,740.745,-0.0,0.0,-0.7755705404693929,4.1850000000000005,0.0
735.0,2026,9,30,C,0.01930582032450726,0.6357468655158505,13491,0.17230563462867926,11.61,11.86,QQQ,call,2026-09-30,mid,short,740.745,142912382.57173756,142912382.57173756,-0.7755705404693929,11.735,0.0
735.0,2026,9,30,P,0.01930582032450726,-0.3642531344841496,585,0.16635290539845973,4.88,4.96,QQQ,put,2026-09-30,mid,short,740.745,-6197001.245605699,6197001.245605699,-0.7755705404693929,4.92,0.0
735.0,2026,10,1,C,0.017967567897202046,0.6280793518253536,844,0.17684429713715988,12.28,12.52,QQQ,call,2026-10-01,mid,short,740.745,8320878.847162643,8320878.847162643,-0.7755705404693929,12.399999999999999,0.0
735.0,2026,10,1,P,0.017967567897202046,-0.3719206481746464,0,0.17081400753212178,5.45,5.53,QQQ,put,2026-10-01,mid,short,740.745,-0.0,0.0,-0.7755705404693929,5.49,0.0
735.0,2026,10,2,C,0.016712605472625368,0.6209324854123901,1308,0.18579522653738242,13.17,13.37,QQQ,call,2026-10-02,mid,short,740.745,11994699.231785048,11994699.231785048,-0.7755705404693929,13.27,0.0
735.0,2026,10,2,P,0.016712605472625368,-0.3790675145876099,94,0.17621643361904452,6.07,6.15,QQQ,put,2026-10-02,mid,short,740.745,-862004.3790426564,862004.3790426564,-0.7755705404693929,6.11,0.0
735.0,2026,10,5,C,0.015684433349277264,0.6180494776645642,0,0.1406963907763034,12.0,15.63,QQQ,call,2026-10-05,mid,short,740.745,0.0,0.0,-0.7755705404693929,13.815000000000001,0.0
735.0,2026,10,5,P,0.015684433349277264,-0.38195052233543586,0,0.166782754274277,6.56,6.65,QQQ,put,2026-10-05,mid,short,740.745,-0.0,0.0,-0.7755705404693929,6.605,0.0
735.0,2026,10,9,C,0.013303567957818572,0.6062221479284322,1091,0.18237289991005762,15.85,16.08,QQQ,call,2026-10-09,mid,short,740.745,7963983.295295102,7963983.295295102,-0.7755705404693929,15.965,0.0
735.0,2026,10,9,P,0.013303567957818572,-0.3937778520715678,436,0.1750076604249919,8.19,8.29,QQQ,put,2026-10-09,mid,short,740.745,-3182673.4342334224,3182673.4342334224,-0.7755705404693929,8.239999999999998,0.0
735.0,2026,10,16,C,0.01117423687574029,0.5981672279561394,11207,0.1840089651111094,18.37,18.57,QQQ,call,2026-10-16,mid,short,740.745,68713916.49481344,68713916.49481344,-0.7755705404693929,18.47,0.0
735.0,2026,10,16,P,0.01117423687574029,-0.4018327720438606,1016,0.17782437505492507,10.15,10.26,QQQ,put,2026-10-16,mid,short,740.745,-6229440.4531748425,6229440.4531748425,-0.7755705404693929,10.205,0.0
735.0,2026,10,23,C,0.00973101158446061,0.5935739767420352,650,0.18624112476247334,20.7,21.0,QQQ,call,2026-10-23,mid,short,740.745,3470633.892685935,3470633.892685935,-0.7755705404693929,20.85,0.0
735.0,2026,10,23,P,0.00973101158446061,-0.4064260232579649,11,0.18069595934620566,11.91,12.09,QQQ,put,2026-10-23,mid,short,740.745,-58733.80433776198,58733.80433776198,-0.7755705404693929,12.0,0.0
735.0,2026,10,30,C,0.008446912763398585,0.5890423708283421,971,0.1944252541426458,23.44,23.75,QQQ,call,2026-10-30,mid,short,740.745,4500437.100676311,4500437.100676311,-0.7755705404693929,23.595,0.0
735.0,2026,10,30,P,0.008446912763398585,-0.4109576291716579,150,0.18900817890866195,14.05,14.27,QQQ,put,2026-10-30,mid,short,740.745,-695227.1525246617,695227.1525246617,-0.7755705404693929,14.16,0.0
735.0,2026,11,20,C,0.006474070707359418,0.5860687293460933,1894,0.20471174119215374,30.0,30.29,QQQ,call,2026-11-20,mid,short,740.745,6728137.685529889,6728137.685529889,-0.7755705404693929,30.145,0.0
735.0,2026,11,20,P,0.006474070707359418,-0.41393127065390667,456,0.19997483258360613,18.88,18.96,QQQ,put,2026-11-20,mid,short,740.745,-1619868.4184802691,1619868.4184802691,-0.7755705404693929,18.92,0.0
735.0,2026,11,30,C,0.0060369309333340015,0.5875052922968899,33,0.20114831339286046,31.91,32.29,QQQ,call,2026-11-30,mid,short,740.745,109311.94064301669,109311.94064301669,-0.7755705404693929,32.1,0.0
735.0,2026,11,30,P,0.0060369309333340015,-0.41249470770311014,19,0.19778527160507536,20.12,20.36,QQQ,put,2026-11-30,mid,short,740.745,-62937.1779459793,62937.1779459793,-0.7755705404693929,20.240000000000002,0.0
735.0,2026,12,18,C,0.005196831683153715,0.5882361144709116,13248,0.2081416494709207,36.77,37.47,QQQ,call,2026-12-18,mid,short,740.745,37776909.67813294,37776909.67813294,-0.7755705404693929,37.120000000000005,0.0
735.0,2026,12,18,P,0.005196831683153715,-0.4117638855290884,4332,0.20526339673738164,23.56,23.72,QQQ,put,2026-12-18,mid,short,740.745,-12352775.719027167,12352775.719027167,-0.7755705404693929,23.64,0.0
735.0,2026,12,31,C,0.004834344386992068,0.5901826726214079,7904,0.20664318085823263,39.21,39.74,QQQ,call,2026-12-31,mid,short,740.745,20966308.619268063,20966308.619268063,-0.7755705404693929,39.475,0.0
735.0,2026,12,31,P,0.004834344386992068,-0.4098173273785921,6382,0.20538105697877643,25.18,25.46,QQQ,put,2026-12-31,mid,short,740.745,-16929020.952450503,16929020.952450503,-0.7755705404693929,25.32,0.0
735.0,2027,1,15,C,0.004452938547251892,0.5921344028253148,2434,0.21068258917133956,42.76,43.57,QQQ,call,2027-01-15,mid,short,740.745,5947093.040643252,5947093.040643252,-0.7755705404693929,43.165,0.0
735.0,2027,1,15,P,0.004452938547251892,-0.4078655971746852,2010,0.208171331909344,27.32,27.51,QQQ,put,2027-01-15,mid,short,740.745,-4911116.274319203,4911116.274319203,-0.7755705404693929,27.415,0.0
735.0,2027,2,19,C,0.00381479846898766,0.5972288712410637,790,0.21394060519819266,49.68,52.19,QQQ,call,2027-02-19,mid,short,740.745,1653621.645017274,1653621.645017274,-0.7755705404693929,50.935,0.0
735.0,2027,2,19,P,0.00381479846898766,-0.4027711287589363,209,0.2119395807909934,31.5,31.86,QQQ,put,2027-02-19,mid,short,740.745,-437477.11874507635,437477.11874507635,-0.7755705404693929,31.68,0.0
735.0,2027,3,19,C,0.003427460968999848,0.601116670849919,4546,0.217871769088735,55.16,58.0,QQQ,call,2027-03-19,mid,short,740.745,8549474.211149774,8549474.211149774,-0.7755705404693929,56.58,0.0
735.0,2027,3,19,P,0.003427460968999848,-0.39888332915008096,4570,0.21613695775123087,34.79,35.19,QQQ,put,2027-03-19,mid,short,740.745,-8594610.01868774,8594610.01868774,-0.7755705404693929,34.989999999999995,0.0
735.0,2027,3,31,C,0.003322198008806587,0.603201442501927,791,0.21409301495331315,56.33,59.93,QQQ,call,2027-03-31,mid,short,740.745,1441914.3184785084,1441914.3184785084,-0.7755705404693929,58.129999999999995,0.0
735.0,2027,3,31,P,0.003322198008806587,-0.396798557498073,340,0.212784321696905,35.09,36.65,QQQ,put,2027-03-31,mid,short,740.745,-619786.1798769821,619786.1798769821,-0.7755705404693929,35.870000000000005,0.0
735.0,2027,6,17,C,0.002638717583572215,0.6134125409519344,1881,0.2312346213924321,72.05,74.54,QQQ,call,2027-06-17,mid,short,740.745,2723448.4797162404,2723448.4797162404,-0.7755705404693929,73.295,0.0
735.0,2027,6,17,P,0.002638717583572215,-0.38658745904806563,1545,0.22546640450109579,43.55,44.82,QQQ,put,2027-06-17,mid,short,740.745,-2236963.264838699,2236963.264838699,-0.7755705404693929,44.185,0.0
735.0,2027,6,30,C,0.0025454525684664303,0.6149356837615002,793,0.22815206055744697,73.17,76.79,QQQ,call,2027-06-30,mid,short,740.745,1107581.3992402279,1107581.3992402279,-0.7755705404693929,74.98,0.0
735.0,2027,6,30,P,0.0025454525684664303,-0.3850643162384998,124,0.22426130517845472,44.09,47.27,QQQ,put,2027-06-30,mid,short,740.745,-173190.5340552185,173190.5340552185,-0.7755705404693929,45.68000000000001,0.0
735.0,2027,9,17,C,0.002192958475047012,0.6253541495996814,384,0.23531549832409493,85.9,89.63,QQQ,call,2027-09-17,mid,short,740.745,462060.76189328963,462060.76189328963,-0.7755705404693929,87.765,0.0
735.0,2027,9,17,P,0.002192958475047012,-0.3746458504003186,1419,0.23074945936123217,50.37,52.55,QQQ,put,2027-09-17,mid,short,740.745,-1707458.9091837967,1707458.9091837967,-0.7755705404693929,51.459999999999994,0.0
735.0,2027,12,17,C,0.0019068890121620196,0.6362951053955102,931,0.23876914733215326,98.5,103.5,QQQ,call,2027-12-17,mid,short,740.745,974120.2120651553,974120.2120651553,-0.7755705404693929,101.0,0.0
735.0,2027,12,17,P,0.0019068890121620196,-0.36370489460448985,432,0.23155652671720103,55.0,59.5,QQQ,put,2027-12-17,mid,short,740.745,-452008.5194545081,452008.5194545081,-0.7755705404693929,57.25,0.0
735.0,2028,1,21,C,0.0018253424935080304,0.6403580614752459,201,0.23805110888413308,102.5,107.0,QQQ,call,2028-01-21,mid,short,740.745,201315.80822300044,201315.80822300044,-0.7755705404693929,104.75,0.0
735.0,2028,1,21,P,0.0018253424935080304,-0.3596419385247541,436,0.2316306649678342,56.5,61.5,QQQ,put,2028-01-21,mid,short,740.745,-436685.03674242884,436685.03674242884,-0.7755705404693929,59.0,0.0
735.0,2028,6,16,C,0.001543798557222198,0.6557811713959121,207,0.24472917451738802,121.5,126.5,QQQ,call,2028-06-16,mid,short,740.745,175347.03778766867,175347.03778766867,-0.7755705404693929,124.0,0.0
735.0,2028,6,16,P,0.001543798557222198,-0.34421882860408787,6282,0.2379892553460131,64.0,68.5,QQQ,put,2028-06-16,mid,short,740.745,-5321401.407643162,5321401.407643162,-0.7755705404693929,66.25,0.0
735.0,2028,12,15,C,0.0013089351107959087,0.672660782153391,66,0.24992994160855428,142.5,147.5,QQQ,call,2028-12-15,mid,short,740.745,47402.31045110307,47402.31045110307,-0.7755705404693929,145.0,0.0
735.0,2028,12,15,P,0.0013089351107959087,-0.32733921784660897,453,0.24272882832321047,71.0,76.0,QQQ,put,2028-12-15,mid,short,740.745,-325352.2217325711,325352.2217325711,-0.7755705404693929,73.5,0.0
735.0,2029,1,19,C,0.0012755327148001045,0.6757366186382999,1,0.24998264402289044,146.0,150.5,QQQ,call,2029-01-19,mid,short,740.745,699.8888249484208,699.8888249484208,-0.7755705404693929,148.25,0.0
735.0,2029,1,19,P,0.0012755327148001045,-0.3242633813617001,0,0.24308354821813022,72.0,77.0,QQQ,put,2029-01-19,mid,short,740.745,-0.0,0.0,-0.7755705404693929,74.5,0.0
736.0,2026,9,21,C,0.04525843985797076,0.754849204528892,1841,1.9117003302245783,5.05,6.47,QQQ,call,2026-09-21,mid,short,740.745,45718379.13324468,45718379.13324468,-0.6405713167149295,5.76,0.0
736.0,2026,9,21,P,0.04525843985797076,-0.24515079547110796,2,0.9403118801692769,0.0,0.01,QQQ,put,2026-09-21,mid,short,740.745,-49666.89748315554,49666.89748315554,-0.6405713167149295,0.005,0.0
736.0,2026,9,22,C,0.046381117426627906,0.7734133723300732,1432,0.1945709578142308,6.01,6.18,QQQ,call,2026-09-22,mid,short,740.745,36443634.546704456,36443634.546704456,-0.6405713167149295,6.095,18075.0
736.0,2026,9,22,P,0.046381117426627906,-0.2265866276699268,2,0.1661516081770447,0.84,0.87,QQQ,put,2026-09-22,mid,short,740.745,-50898.93093115147,50898.93093115147,-0.6405713167149295,0.855,0.0
736.0,2026,9,23,C,0.037678408537030264,0.7073744386338296,536,0.17709554201015337,6.8,7.18,QQQ,call,2026-09-23,mid,short,740.745,11081404.23935592,11081404.23935592,-0.6405713167149295,6.99,0.0
736.0,2026,9,23,P,0.037678408537030264,-0.2926255613661703,0,0.16532093837935047,1.67,1.71,QQQ,put,2026-09-23,mid,short,740.745,-0.0,0.0,-0.6405713167149295,1.69,0.0
736.0,2026,9,24,C,0.03154221943500801,0.671631189137551,1038,0.18058807804373042,7.72,7.99,QQQ,call,2026-09-24,mid,short,740.745,17964993.302658003,17964993.302658003,-0.6405713167149295,7.855,0.0
736.0,2026,9,24,P,0.03154221943500801,-0.328368810862449,0,0.16980192090812257,2.47,2.51,QQQ,put,2026-09-24,mid,short,740.745,-0.0,0.0,-0.6405713167149295,2.49,0.0
736.0,2026,9,25,C,0.02776437524662874,0.652095267581702,1809,0.18493692913997303,8.59,8.83,QQQ,call,2026-09-25,mid,short,740.745,27559030.133877877,27559030.133877877,-0.6405713167149295,8.71,0.0
736.0,2026,9,25,P,0.02776437524662874,-0.347904732418298,120,0.17061508031209482,3.11,3.17,QQQ,put,2026-09-25,mid,short,740.745,-1828128.0354147842,1828128.0354147842,-0.6405713167149295,3.1399999999999997,0.0
736.0,2026,9,28,C,0.024071174959433762,0.6378235500551395,63,0.15793560931437436,9.44,9.68,QQQ,call,2026-09-28,mid,short,740.745,832099.5676602051,832099.5676602051,-0.6405713167149295,9.559999999999999,0.0
736.0,2026,9,28,P,0.024071174959433762,-0.36217644994486053,0,0.15091237899093504,3.86,3.93,QQQ,put,2026-09-28,mid,short,740.745,-0.0,0.0,-0.6405713167149295,3.895,0.0
736.0,2026,9,29,C,0.02193859344467788,0.6275207339812416,79,0.16244751036297828,10.1,10.34,QQQ,call,2026-09-29,mid,short,740.745,950984.2597525374,950984.2597525374,-0.6405713167149295,10.219999999999999,0.0
736.0,2026,9,29,P,0.02193859344467788,-0.3724792660187583,0,0.15643007827049804,4.46,4.53,QQQ,put,2026-09-29,mid,short,740.745,-0.0,0.0,-0.6405713167149295,4.495,0.0
736.0,2026,9,30,C,0.019785517968031005,0.6170246553106151,529,0.1709976044980052,10.94,11.18,QQQ,call,2026-09-30,mid,short,740.745,5743022.974284231,5743022.974284231,-0.6405713167149295,11.059999999999999,0.0
736.0,2026,9,30,P,0.019785517968031005,-0.3829753446893848,129,0.16493424898372333,5.2,5.28,QQQ,put,2026-09-30,mid,short,740.745,-1400472.5211392546,1400472.5211392546,-0.6405713167149295,5.24,0.0
736.0,2026,10,1,C,0.018370405715491398,0.6106463094741079,18,0.17544478808962,11.61,11.85,QQQ,call,2026-10-01,mid,short,740.745,181438.19235322965,181438.19235322965,-0.6405713167149295,11.73,0.0
736.0,2026,10,1,P,0.018370405715491398,-0.3893536905258921,0,0.16930659696846606,5.77,5.86,QQQ,put,2026-10-01,mid,short,740.745,-0.0,0.0,-0.6405713167149295,5.8149999999999995,0.0
736.0,2026,10,2,C,0.01705089002039734,0.6047016624483978,529,0.1834742663625274,12.46,12.71,QQQ,call,2026-10-02,mid,short,740.745,4949259.012443267,4949259.012443267,-0.6405713167149295,12.585,0.0
736.0,2026,10,2,P,0.01705089002039734,-0.39529833755160215,51,0.1748362606106517,6.4,6.48,QQQ,put,2026-10-02,mid,short,740.745,-477149.7346589917,477149.7346589917,-0.6405713167149295,6.44,0.0
736.0,2026,10,9,C,0.013506799369824903,0.5932733424032774,154,0.18080320104900818,15.17,15.43,QQQ,call,2026-10-09,mid,short,740.745,1141328.4079909413,1141328.4079909413,-0.6405713167149295,15.3,0.0
736.0,2026,10,9,P,0.013506799369824903,-0.4067266575967225,1,0.17368524088815662,8.52,8.64,QQQ,put,2026-10-09,mid,short,740.745,-7411.223428512606,7411.223428512606,-0.6405713167149295,8.58,0.0
736.0,2026,10,16,C,0.011314819298138441,0.5872737977589215,1580,0.18268576740681475,17.7,17.93,QQQ,call,2026-10-16,mid,short,740.745,9809393.734933583,9809393.734933583,-0.6405713167149295,17.814999999999998,0.0
736.0,2026,10,16,P,0.011314819298138441,-0.4127262022410785,108,0.17657678682903782,10.48,10.62,QQQ,put,2026-10-16,mid,short,740.745,-670515.5211220424,670515.5211220424,-0.6405713167149295,10.55,0.0
736.0,2026,10,23,C,0.009838783075495645,0.5840871104499799,80,0.18534770822428176,20.06,20.36,QQQ,call,2026-10-23,mid,short,740.745,431885.7052104827,431885.7052104827,-0.6405713167149295,20.21,0.0
736.0,2026,10,23,P,0.009838783075495645,-0.41591288955002015,4,0.1797564910862064,12.26,12.43,QQQ,put,2026-10-23,mid,short,740.745,-21594.285260524135,21594.285260524135,-0.6405713167149295,12.344999999999999,0.0
736.0,2026,10,30,C,0.008538522539293967,0.5808628719967781,127,0.19364536801731802,22.81,23.12,QQQ,call,2026-10-30,mid,short,740.745,595009.5105834595,595009.5105834595,-0.6405713167149295,22.965,0.0
736.0,2026,10,30,P,0.008538522539293967,-0.41913712800322184,2,0.18808630774409144,14.4,14.57,QQQ,put,2026-10-30,mid,short,740.745,-9370.228513125348,9370.228513125348,-0.6405713167149295,14.485,0.0
736.0,2026,11,30,C,0.006080941477747601,0.5816021949630537,41,0.20063579715649907,31.3,31.67,QQQ,call,2026-11-30,mid,short,740.745,136801.90274886228,136801.90274886228,-0.6405713167149295,31.485,0.0
736.0,2026,11,30,P,0.006080941477747601,-0.41839780503694635,2,0.19671269801636884,20.43,20.74,QQQ,put,2026-11-30,mid,short,740.745,-6673.263548724989,6673.263548724989,-0.6405713167149295,20.585,0.0
737.0,2026,9,21,C,0.06224913577439464,0.7966105713400807,493,1.8859500618394698,4.2,4.33,QQQ,call,2026-09-21,mid,short,740.745,16839054.518116042,16839054.518116042,-0.5055720929604661,4.265000000000001,0.0
737.0,2026,9,21,P,0.06224913577439464,-0.2033894286599193,1,0.7665568702740856,0.0,0.01,QQQ,put,2026-09-21,mid,short,740.745,-34156.29719698994,34156.29719698994,-0.5055720929604661,0.005,0.0
737.0,2026,9,22,C,0.052470336916630826,0.7300663575862494,1071,0.18830663284756183,5.21,5.41,QQQ,call,2026-09-22,mid,short,740.745,30834774.809588052,30834774.809588052,-0.5055720929604661,5.3100000000000005,19360.0
737.0,2026,9,22,P,0.052470336916630826,-0.2699336424137507,0,0.16133559821835416,1.03,1.06,QQQ,put,2026-09-22,mid,short,740.745,-0.0,0.0,-0.5055720929604661,1.045,0.0
737.0,2026,9,23,C,0.04043179545931506,0.671532178119296,1148,0.1767431117577376,6.12,6.39,QQQ,call,2026-09-23,mid,short,740.745,25468441.684165686,25468441.684165686,-0.5055720929604661,6.255,0.0
737.0,2026,9,23,P,0.04043179545931506,-0.32846782188070406,0,0.1620376576181567,1.92,1.96,QQQ,put,2026-09-23,mid,short,740.745,-0.0,0.0,-0.5055720929604661,1.94,0.0
737.0,2026,9,24,C,0.033111623662790586,0.641288912012087,417,0.179853840074384,7.06,7.26,QQQ,call,2026-09-24,mid,short,740.745,7576244.639029609,7576244.639029609,-0.5055720929604661,7.16,0.0
737.0,2026,9,24,P,0.033111623662790586,-0.358711087987913,0,0.1670405860526155,2.75,2.8,QQQ,put,2026-09-24,mid,short,740.745,-0.0,0.0,-0.5055720929604661,2.775,0.0
737.0,2026,9,25,C,0.028922907585011697,0.6255663396975685,1289,0.18295661026544524,7.91,8.11,QQQ,call,2026-09-25,mid,short,740.745,20456546.84062183,20456546.84062183,-0.5055720929604661,8.01,0.0
737.0,2026,9,25,P,0.028922907585011697,-0.3744336603024315,22,0.1683095390028404,3.41,3.45,QQQ,put,2026-09-25,mid,short,740.745,-349141.9941766333,349141.9941766333,-0.5055720929604661,3.43,0.0
737.0,2026,9,28,C,0.02481284860808268,0.6144289276446739,147,0.15621870380631564,8.76,9.0,QQQ,call,2026-09-28,mid,short,740.745,2001388.5825126593,2001388.5825126593,-0.5055720929604661,8.879999999999999,0.0
737.0,2026,9,28,P,0.02481284860808268,-0.3855710723553261,0,0.14934873975657062,4.18,4.25,QQQ,put,2026-09-28,mid,short,740.745,-0.0,0.0,-0.5055720929604661,4.215,0.0
737.0,2026,9,29,C,0.022501828367176385,0.6060726972511221,261,0.16087125260073237,9.43,9.67,QQQ,call,2026-09-29,mid,short,740.745,3222521.1211330895,3222521.1211330895,-0.5055720929604661,9.55,0.0
737.0,2026,9,29,P,0.022501828367176385,-0.3939273027488779,0,0.15497136227328168,4.79,4.87,QQQ,put,2026-09-29,mid,short,740.745,-0.0,0.0,-0.5055720929604661,4.83,0.0
737.0,2026,9,30,C,0.020202412908818527,0.5975823065199022,410,0.16973813986793826,10.29,10.52,QQQ,call,2026-09-30,mid,short,740.745,4544902.35789647,4544902.35789647,-0.5055720929604661,10.405,0.0
737.0,2026,9,30,P,0.020202412908818527,-0.4024176934800978,201,0.16399988029032492,5.56,5.62,QQQ,put,2026-09-30,mid,short,740.745,-2228110.6681394894,2228110.6681394894,-0.5055720929604661,5.59,0.0
737.0,2026,10,1,C,0.018729254622020575,0.592635505229723,11,0.17411993067271753,10.96,11.2,QQQ,call,2026-10-01,mid,short,740.745,113044.81212606179,113044.81212606179,-0.5055720929604661,11.08,0.0
737.0,2026,10,1,P,0.018729254622020575,-0.407364494770277,0,0.16807643117015364,6.12,6.21,QQQ,put,2026-10-01,mid,short,740.745,-0.0,0.0,-0.5055720929604661,6.165,0.0
737.0,2026,10,2,C,0.017340981056847636,0.5879256926825152,477,0.18286564895558885,11.85,12.06,QQQ,call,2026-10-02,mid,short,740.745,4538679.335166744,4538679.335166744,-0.5055720929604661,11.955,0.0
737.0,2026,10,2,P,0.017340981056847636,-0.41207430731748484,205,0.17374089687443267,6.76,6.84,QQQ,put,2026-10-02,mid,short,740.745,-1950585.4585098173,1950585.4585098173,-0.5055720929604661,6.8,0.0
737.0,2026,10,9,C,0.013690536863033011,0.5800209444064255,172,0.1801389397953291,14.56,14.8,QQQ,call,2026-10-09,mid,short,740.745,1292071.0125659523,1292071.0125659523,-0.5055720929604661,14.68,0.0
737.0,2026,10,9,P,0.013690536863033011,-0.41997905559357446,3,0.1729480983113308,8.9,8.98,QQQ,put,2026-10-09,mid,short,740.745,-22536.12231219684,22536.12231219684,-0.5055720929604661,8.940000000000001,0.0
737.0,2026,10,16,C,0.011437127109040891,0.5761357426964892,965,0.182021263059561,17.09,17.29,QQQ,call,2026-10-16,mid,short,740.745,6055942.15863235,6055942.15863235,-0.5055720929604661,17.189999999999998,0.0
737.0,2026,10,16,P,0.011437127109040891,-0.42386425730351085,117,0.17572018498322595,10.85,10.99,QQQ,put,2026-10-16,mid,short,740.745,-734243.7643108653,734243.7643108653,-0.5055720929604661,10.92,0.0
737.0,2026,10,23,C,0.00992008922163071,0.5743361726819927,24,0.18458275088863974,19.44,19.73,QQQ,call,2026-10-23,mid,short,740.745,130636.42209691841,130636.42209691841,-0.5055720929604661,19.585,0.0
737.0,2026,10,23,P,0.00992008922163071,-0.4256638273180074,0,0.17905947215931653,12.64,12.83,QQQ,put,2026-10-23,mid,short,740.745,-0.0,0.0,-0.5055720929604661,12.735,0.0
737.0,2026,10,30,C,0.008603357053950239,0.5724172472461639,50,0.19309884481842984,22.21,22.49,QQQ,call,2026-10-30,mid,short,740.745,236034.4579654543,236034.4579654543,-0.5055720929604661,22.35,0.0
737.0,2026,10,30,P,0.008603357053950239,-0.42758275275383606,0,0.18750223734714955,14.79,14.95,QQQ,put,2026-10-30,mid,short,740.745,-0.0,0.0,-0.5055720929604661,14.87,0.0
737.0,2026,11,30,C,0.0061074885162485685,0.5755285357183242,13,0.20000003012505924,30.68,31.05,QQQ,call,2026-11-30,mid,short,740.745,43565.57683587909,43565.57683587909,-0.5055720929604661,30.865000000000002,0.0
737.0,2026,11,30,P,0.0061074885162485685,-0.42447146428167576,0,0.19677830737848342,20.89,21.12,QQQ,put,2026-11-30,mid,short,740.745,-0.0,0.0,-0.5055720929604661,21.005000000000003,0.0
738.0,2026,9,21,C,0.06479474720808089,0.6961058691496478,586,1.2324860577494516,2.99,4.6,QQQ,call,2026-09-21,mid,short,740.745,20834106.18216308,20834106.18216308,-0.3705728692060027,3.795,0.0
738.0,2026,9,21,P,0.06479474720808089,-0.30389413085035216,2,0.5878234574772739,0.0,0.01,QQQ,put,2026-09-21,mid,short,740.745,-71106.16444424259,71106.16444424259,-0.3705728692060027,0.005,0.0
738.0,2026,9,22,C,0.05835712769425535,0.679300469070662,1307,0.1822881925246056,4.45,4.64,QQQ,call,2026-09-22,mid,short,740.745,41851107.289833374,41851107.289833374,-0.3705728692060027,4.545,37460.0
738.0,2026,9,22,P,0.05835712769425535,-0.320699530929338,0,0.15711269753484655,1.27,1.3,QQQ,put,2026-09-22,mid,short,740.745,-0.0,0.0,-0.3705728692060027,1.2850000000000001,0.0
738.0,2026,9,23,C,0.04295515264934822,0.6322958971015462,453,0.17602668678137007,5.47,5.66,QQQ,call,2026-09-23,mid,short,740.745,10677041.385824868,10677041.385824868,-0.3705728692060027,5.5649999999999995,0.0
738.0,2026,9,23,P,0.04295515264934822,-0.3677041028984538,2,0.15900901304345103,2.21,2.25,QQQ,put,2026-09-23,mid,short,740.745,-47139.25556655571,47139.25556655571,-0.3705728692060027,2.23,0.0
738.0,2026,9,24,C,0.034512924255869805,0.6089525693568065,695,0.17717269580081307,6.38,6.57,QQQ,call,2026-09-24,mid,short,740.745,13161458.54769256,13161458.54769256,-0.3705728692060027,6.475,0.0
738.0,2026,9,24,P,0.034512924255869805,-0.3910474306431935,0,0.16469618408098266,3.07,3.12,QQQ,put,2026-09-24,mid,short,740.745,-0.0,0.0,-0.3705728692060027,3.0949999999999998,0.0
738.0,2026,9,25,C,0.029892273184012788,0.5972448163500332,2071,0.18214533147342957,7.29,7.42,QQQ,call,2026-09-25,mid,short,740.745,33968510.12096657,33968510.12096657,-0.3705728692060027,7.355,0.0
738.0,2026,9,25,P,0.029892273184012788,-0.40275518364996676,27,0.16613526153336983,3.74,3.79,QQQ,put,2026-09-25,mid,short,740.745,-442853.5843872995,442853.5843872995,-0.3705728692060027,3.765,0.0
738.0,2026,9,28,C,0.02550124278001209,0.5901727125953172,127,0.1547057428187386,8.11,8.34,QQQ,call,2026-09-28,mid,short,740.745,1777061.7710472941,1777061.7710472941,-0.3705728692060027,8.225,0.0
738.0,2026,9,28,P,0.02550124278001209,-0.40982728740468277,0,0.14771236022854087,4.52,4.59,QQQ,put,2026-09-28,mid,short,740.745,-0.0,0.0,-0.3705728692060027,4.555,0.0
738.0,2026,9,29,C,0.02301608807914633,0.5839565682276412,230,0.1595254671626031,8.79,9.03,QQQ,call,2026-09-29,mid,short,740.745,2904670.0334330034,2904670.0334330034,-0.3705728692060027,8.91,0.0
738.0,2026,9,29,P,0.02301608807914633,-0.4160434317723588,0,0.15372475429088892,5.15,5.22,QQQ,put,2026-09-29,mid,short,740.745,-0.0,0.0,-0.3705728692060027,5.1850000000000005,0.0
738.0,2026,9,30,C,0.020589908119243966,0.577677376845197,687,0.16829300776271475,9.65,9.88,QQQ,call,2026-09-30,mid,short,740.745,7761552.564585668,7761552.564585668,-0.3705728692060027,9.765,0.0
738.0,2026,9,30,P,0.020589908119243966,-0.42232262315480296,8,0.162639324997276,5.92,5.99,QQQ,put,2026-09-30,mid,short,740.745,-90381.98037363224,90381.98037363224,-0.3705728692060027,5.955,0.0
738.0,2026,10,1,C,0.019062767648004762,0.5742025547019165,0,0.1728562848357837,10.33,10.57,QQQ,call,2026-10-01,mid,short,740.745,0.0,0.0,-0.3705728692060027,10.45,0.0
738.0,2026,10,1,P,0.019062767648004762,-0.42579744529808344,0,0.16689419822043952,6.49,6.57,QQQ,put,2026-10-01,mid,short,740.745,-0.0,0.0,-0.3705728692060027,6.53,0.0
738.0,2026,10,2,C,0.01762758204725262,0.5708715401092113,579,0.18074965888723743,11.18,11.43,QQQ,call,2026-10-02,mid,short,740.745,5600267.423293157,5600267.423293157,-0.3705728692060027,11.305,0.0
738.0,2026,10,2,P,0.01762758204725262,-0.4291284598907888,7,0.17231853709013684,7.12,7.21,QQQ,put,2026-10-02,mid,short,740.745,-67706.16919352693,67706.16919352693,-0.3705728692060027,7.165,0.0
738.0,2026,10,9,C,0.013859504912821183,0.5665232388027464,520,0.17896856323065805,13.93,14.15,QQQ,call,2026-10-09,mid,short,740.745,3954472.117829725,3954472.117829725,-0.3705728692060027,14.04,0.0
738.0,2026,10,9,P,0.013859504912821183,-0.4334767611972537,2,0.17185232313885088,9.27,9.36,QQQ,put,2026-10-09,mid,short,740.745,-15209.508145498941,15209.508145498941,-0.3705728692060027,9.315,0.0
738.0,2026,10,16,C,0.01154433773915787,0.5648110510183378,992,0.1809548945262742,16.46,16.67,QQQ,call,2026-10-16,mid,short,740.745,6283739.223828899,6283739.223828899,-0.3705728692060027,16.565,0.0
738.0,2026,10,16,P,0.01154433773915787,-0.43518894898166216,80,0.1749830792060977,11.24,11.38,QQQ,put,2026-10-16,mid,short,740.745,-506753.1632120079,506753.1632120079,-0.3705728692060027,11.31,0.0
738.0,2026,10,23,C,0.009995874351919969,0.5644881161857709,39,0.18371139739187267,18.82,19.11,QQQ,call,2026-10-23,mid,short,740.745,213905.9439711466,213905.9439711466,-0.3705728692060027,18.965,0.0
738.0,2026,10,23,P,0.009995874351919969,-0.4355118838142291,1,0.17848394664944198,13.04,13.23,QQQ,put,2026-10-23,mid,short,740.745,-5484.767794131965,5484.767794131965,-0.3705728692060027,13.135,0.0
738.0,2026,10,30,C,0.008652169244180411,0.5638338993369376,89,0.19204825895221153,21.57,21.88,QQQ,call,2026-10-30,mid,short,740.745,422525.05802619347,422525.05802619347,-0.3705728692060027,21.725,0.0
738.0,2026,10,30,P,0.008652169244180411,-0.43616610066306244,1,0.18672641675008755,15.17,15.41,QQQ,put,2026-10-30,mid,short,740.745,-4747.472562092062,4747.472562092062,-0.3705728692060027,15.29,0.0
738.0,2026,11,30,C,0.006149776369129331,0.5695280767985863,5,0.19939853116906817,30.07,30.44,QQQ,call,2026-11-30,mid,short,740.745,16872.008482197263,16872.008482197263,-0.3705728692060027,30.255000000000003,0.0
738.0,2026,11,30,P,0.006149776369129331,-0.4304719232014137,0,0.19569665579453835,21.21,21.51,QQQ,put,2026-11-30,mid,short,740.745,-0.0,0.0,-0.3705728692060027,21.36,0.0
739.0,2026,9,21,C,0.11473486407629846,0.7276239193552101,346,1.227114592563279,2.2,2.26,QQQ,call,2026-09-21,mid,short,740.745,21782562.14087021,21782562.14087021,-0.23557364545153925,2.23,0.0
739.0,2026,9,21,P,0.11473486407629846,-0.27237608064478985,30,0.40149516723418416,0.0,0.01,QQQ,put,2026-09-21,mid,short,740.745,-1888661.457300885,1888661.457300885,-0.23557364545153925,0.005,0.0
739.0,2026,9,22,C,0.06346703683580625,0.621388796480952,374,0.17808010156419984,3.76,3.91,QQQ,call,2026-09-22,mid,short,740.745,13024386.693608647,13024386.693608647,-0.23557364545153925,3.835,36292.0
739.0,2026,9,22,P,0.06346703683580625,-0.378611203519048,0,0.15353945740688954,1.57,1.6,QQQ,put,2026-09-22,mid,short,740.745,-0.0,0.0,-0.23557364545153925,1.585,0.0
739.0,2026,9,23,C,0.045098846019602505,0.5899125466266891,398,0.17303473172475675,4.81,4.97,QQQ,call,2026-09-23,mid,short,740.745,9848859.881379137,9848859.881379137,-0.23557364545153925,4.89,0.0
739.0,2026,9,23,P,0.045098846019602505,-0.4100874533733109,0,0.15603926447136124,2.54,2.59,QQQ,put,2026-09-23,mid,short,740.745,-0.0,0.0,-0.23557364545153925,2.565,0.0
739.0,2026,9,24,C,0.0357904971809197,0.5750313184386732,149,0.17450363183095852,5.73,5.91,QQQ,call,2026-09-24,mid,short,740.745,2926115.4497395162,2926115.4497395162,-0.23557364545153925,5.82,0.0
739.0,2026,9,24,P,0.0357904971809197,-0.42496868156132683,0,0.16189696304976434,3.41,3.47,QQQ,put,2026-09-24,mid,short,740.745,-0.0,0.0,-0.23557364545153925,3.4400000000000004,0.0
739.0,2026,9,25,C,0.03072641790103974,0.567707991130088,2087,0.1781612065932253,6.6,6.78,QQQ,call,2026-09-25,mid,short,740.745,35186157.262542084,35186157.262542084,-0.23557364545153925,6.6899999999999995,0.0
739.0,2026,9,25,P,0.03072641790103974,-0.432292008869912,21,0.16403355037244424,4.1,4.16,QQQ,put,2026-09-25,mid,short,740.745,-354053.33134325995,354053.33134325995,-0.23557364545153925,4.13,0.0
739.0,2026,9,28,C,0.02604449756769024,0.5648924055509911,159,0.1531169904801044,7.48,7.71,QQQ,call,2026-09-28,mid,short,740.745,2272220.9798427788,2272220.9798427788,-0.23557364545153925,7.595000000000001,0.0
739.0,2026,9,28,P,0.02604449756769024,-0.4351075944490089,0,0.14647504904676628,4.9,4.97,QQQ,put,2026-09-28,mid,short,740.745,-0.0,0.0,-0.23557364545153925,4.9350000000000005,0.0
739.0,2026,9,29,C,0.023476824467880235,0.5612130277403259,83,0.15815325314987222,8.17,8.4,QQQ,call,2026-09-29,mid,short,740.745,1069190.035406002,1069190.035406002,-0.23557364545153925,8.285,0.0
739.0,2026,9,29,P,0.023476824467880235,-0.4387869722596741,0,0.15220130204609722,5.52,5.6,QQQ,put,2026-09-29,mid,short,740.745,-0.0,0.0,-0.23557364545153925,5.56,0.0
739.0,2026,9,30,C,0.020918454781284092,0.5572536392004117,274,0.16708974703013263,9.04,9.27,QQQ,call,2026-09-30,mid,short,740.745,3144978.065466315,3144978.065466315,-0.23557364545153925,9.155,0.0
739.0,2026,9,30,P,0.020918454781284092,-0.44274636079958835,23,0.16150610258315598,6.31,6.38,QQQ,put,2026-09-30,mid,short,740.745,-263994.5091449827,263994.5091449827,-0.23557364545153925,6.345,0.0
739.0,2026,10,1,C,0.019357378715234887,0.5553318439818257,3,0.17164191289329986,9.72,9.95,QQQ,call,2026-10-01,mid,short,740.745,31864.36432218949,31864.36432218949,-0.23557364545153925,9.835,0.0
739.0,2026,10,1,P,0.019357378715234887,-0.44466815601817433,0,0.1655414253139145,6.87,6.96,QQQ,put,2026-10-01,mid,short,740.745,-0.0,0.0,-0.23557364545153925,6.915,0.0
739.0,2026,10,2,C,0.01787063348011218,0.5534028839608232,336,0.17950896781710696,10.57,10.81,QQQ,call,2026-10-02,mid,short,740.745,3294706.118871871,3294706.118871871,-0.23557364545153925,10.690000000000001,0.0
739.0,2026,10,2,P,0.01787063348011218,-0.44659711603917684,7,0.17115786694753804,7.51,7.6,QQQ,put,2026-10-02,mid,short,740.745,-68639.71080983065,68639.71080983065,-0.23557364545153925,7.555,0.0
739.0,2026,10,9,C,0.014006666559187258,0.5527819873885735,306,0.17791128759453562,13.32,13.56,QQQ,call,2026-10-09,mid,short,740.745,2351763.652517218,2351763.652517218,-0.23557364545153925,13.440000000000001,0.0
739.0,2026,10,9,P,0.014006666559187258,-0.4472180126114265,17,0.17101511412508888,9.67,9.75,QQQ,put,2026-10-09,mid,short,740.745,-130653.53625095656,130653.53625095656,-0.23557364545153925,9.71,0.0
739.0,2026,10,16,C,0.011644325831015543,0.5533553618352289,1664,0.1798810299607909,15.84,16.1,QQQ,call,2026-10-16,mid,short,740.745,10631759.127171244,10631759.127171244,-0.23557364545153925,15.97,0.0
739.0,2026,10,16,P,0.011644325831015543,-0.446644638164771,30,0.17423098095624498,11.64,11.78,QQQ,put,2026-10-16,mid,short,740.745,-191678.34964852003,191678.34964852003,-0.23557364545153925,11.71,0.0
739.0,2026,10,23,C,0.010085247542517157,0.5546133104725456,27,0.18296398493282467,18.22,18.51,QQQ,call,2026-10-23,mid,short,740.745,149412.79293625685,149412.79293625685,-0.23557364545153925,18.365000000000002,0.0
739.0,2026,10,23,P,0.010085247542517157,-0.4453866895274544,0,0.17756554335818536,13.42,13.61,QQQ,put,2026-10-23,mid,short,740.745,-0.0,0.0,-0.23557364545153925,13.515,0.0
739.0,2026,10,30,C,0.008727737530233273,0.5553080287142489,164,0.1914380818830764,20.98,21.27,QQQ,call,2026-10-30,mid,short,740.745,785385.6875273322,785385.6875273322,-0.23557364545153925,21.125,0.0
739.0,2026,10,30,P,0.008727737530233273,-0.4446919712857511,0,0.18607343165495824,15.57,15.74,QQQ,put,2026-10-30,mid,short,740.745,-0.0,0.0,-0.23557364545153925,15.655000000000001,0.0
739.0,2026,11,30,C,0.006180302892986367,0.5634193838302677,13,0.19914351980454298,29.51,29.84,QQQ,call,2026-11-30,mid,short,740.745,44084.9720530928,44084.9720530928,-0.23557364545153925,29.675,0.0
739.0,2026,11,30,P,0.006180302892986367,-0.43658061616973226,0,0.19519810629428702,21.61,21.92,QQQ,put,2026-11-30,mid,short,740.745,-0.0,0.0,-0.23557364545153925,21.765,0.0
740.0,2026,9,21,C,0.26259083642578696,0.9319214211476101,626,0.846005271547318,1.2,1.28,QQQ,call,2026-09-21,mid,short,740.745,90196847.18760437,90196847.18760437,-0.10057442169707584,1.24,0.0
740.0,2026,9,21,P,0.26259083642578696,-0.06807857885238994,14,0.20065112343494892,0.01,0.02,QQQ,put,2026-09-21,mid,short,740.745,-2017181.8859847619,2017181.8859847619,-0.10057442169707584,0.015,0.0
740.0,2026,9,22,C,0.06799056009652948,0.5581581148223658,1652,0.17705497728846203,3.17,3.26,QQQ,call,2026-09-22,mid,short,740.745,61630560.75053006,61630560.75053006,-0.10057442169707584,3.215,62340.0
740.0,2026,9,22,P,0.06799056009652948,-0.44184188517763423,0,0.14874372264178937,1.91,1.94,QQQ,put,2026-09-22,mid,short,740.745,-0.0,0.0,-0.10057442169707584,1.9249999999999998,0.0
740.0,2026,9,23,C,0.04677035227241989,0.5449129748383433,1675,0.17010862726243484,4.19,4.33,QQQ,call,2026-09-23,mid,short,740.745,42985591.754625015,42985591.754625015,-0.10057442169707584,4.26,0.0
740.0,2026,9,23,P,0.04677035227241989,-0.45508702516165667,2,0.15342443845580428,2.92,2.97,QQQ,put,2026-09-23,mid,short,740.745,-51326.07970701496,51326.07970701496,-0.10057442169707584,2.9450000000000003,0.0
740.0,2026,9,24,C,0.03671300423572579,0.5393312307172713,1112,0.17215128872483573,5.12,5.28,QQQ,call,2026-09-24,mid,short,740.745,22400729.87510289,22400729.87510289,-0.10057442169707584,5.2,0.0
740.0,2026,9,24,P,0.03671300423572579,-0.46066876928272865,0,0.16008595094409553,3.81,3.86,QQQ,put,2026-09-24,mid,short,740.745,-0.0,0.0,-0.10057442169707584,3.835,0.0
740.0,2026,9,25,C,0.03147068998043877,0.5371680734795159,4288,0.1759325881455507,5.99,6.16,QQQ,call,2026-09-25,mid,short,740.745,74045470.7946488,74045470.7946488,-0.10057442169707584,6.075,0.0
740.0,2026,9,25,P,0.03147068998043877,-0.46283192652048416,115,0.16227807065947833,4.5,4.53,QQQ,put,2026-09-25,mid,short,740.745,-1985827.691554247,1985827.691554247,-0.10057442169707584,4.515000000000001,0.0
740.0,2026,9,28,C,0.02653768884191034,0.5389943489977096,555,0.15265932805821855,6.92,7.0,QQQ,call,2026-09-28,mid,short,740.745,8081529.045018509,8081529.045018509,-0.10057442169707584,6.96,0.0
740.0,2026,9,28,P,0.02653768884191034,-0.46100565100229035,6,0.14486382487738717,5.29,5.37,QQQ,put,2026-09-28,mid,short,740.745,-87367.88156776766,87367.88156776766,-0.10057442169707584,5.33,0.0
740.0,2026,9,29,C,0.023861663173988364,0.5378576509129996,826,0.15788677468954251,7.62,7.71,QQQ,call,2026-09-29,mid,short,740.745,10814793.110729512,10814793.110729512,-0.10057442169707584,7.665,0.0
740.0,2026,9,29,P,0.023861663173988364,-0.46214234908700036,76,0.15084974201812656,5.92,6.0,QQQ,put,2026-09-29,mid,short,740.745,-995065.7099460566,995065.7099460566,-0.10057442169707584,5.96,0.0
740.0,2026,9,30,C,0.021226266422210927,0.5364499283108906,13224,0.16719280845478177,8.51,8.57,QQQ,call,2026-09-30,mid,short,740.745,154018861.5540687,154018861.5540687,-0.10057442169707584,8.54,0.0
740.0,2026,9,30,P,0.021226266422210927,-0.4635500716891095,495,0.16014965002686815,6.71,6.78,QQQ,put,2026-09-30,mid,short,740.745,-5765225.080857835,5765225.080857835,-0.10057442169707584,6.745,0.0
740.0,2026,10,1,C,0.019586183113559516,0.5360370495600731,177,0.17190292603756022,9.2,9.3,QQQ,call,2026-10-01,mid,short,740.745,1902219.0830674246,1902219.0830674246,-0.10057442169707584,9.25,0.0
740.0,2026,10,1,P,0.019586183113559516,-0.46396295043992686,1,0.16462676888436503,7.29,7.37,QQQ,put,2026-10-01,mid,short,740.745,-10747.000469307486,10747.000469307486,-0.10057442169707584,7.33,0.0
740.0,2026,10,2,C,0.01807749002942658,0.5356069704989641,1681,0.17970618778876063,10.05,10.13,QQQ,call,2026-10-02,mid,short,740.745,16674134.543467378,16674134.543467378,-0.10057442169707584,10.09,0.0
740.0,2026,10,2,P,0.01807749002942658,-0.46439302950103584,97,0.170245239908326,7.93,8.0,QQQ,put,2026-10-02,mid,short,740.745,-962160.0539656966,962160.0539656966,-0.10057442169707584,7.965,0.0
740.0,2026,10,5,C,0.016859036936727613,0.5381569052554461,0,0.1669758626834138,10.62,10.73,QQQ,call,2026-10-05,mid,short,740.745,0.0,0.0,-0.10057442169707584,10.675,0.0
740.0,2026,10,5,P,0.016859036936727613,-0.4618430947445539,0,0.16158613840148786,8.43,8.52,QQQ,put,2026-10-05,mid,short,740.745,-0.0,0.0,-0.10057442169707584,8.475,0.0
740.0,2026,10,9,C,0.014118321775419829,0.538813042897623,1485,0.1777269050287652,12.78,12.9,QQQ,call,2026-10-09,mid,short,740.745,11503950.037219064,11503950.037219064,-0.10057442169707584,12.84,0.0
740.0,2026,10,9,P,0.014118321775419829,-0.46118695710237706,183,0.16996953614531773,10.07,10.2,QQQ,put,2026-10-09,mid,short,740.745,-1417658.4894350767,1417658.4894350767,-0.10057442169707584,10.135,0.0
740.0,2026,10,16,C,0.011776107424914582,0.5418527840298186,27003,0.1797070179553032,15.3,15.44,QQQ,call,2026-10-16,mid,short,740.745,174482241.80692083,174482241.80692083,-0.10057442169707584,15.370000000000001,0.0
740.0,2026,10,16,P,0.011776107424914582,-0.4581472159701813,6816,0.17346195552676497,12.05,12.1,QQQ,put,2026-10-16,mid,short,740.745,-44042179.022922345,44042179.022922345,-0.10057442169707584,12.075,0.0
740.0,2026,10,23,C,0.010152980716594184,0.5445771641312631,2350,0.1821077739808918,17.62,17.91,QQQ,call,2026-10-23,mid,short,740.745,13091785.497442551,13091785.497442551,-0.10057442169707584,17.765,0.0
740.0,2026,10,23,P,0.010152980716594184,-0.45542283586873694,21,0.17699637241363597,13.84,14.02,QQQ,put,2026-10-23,mid,short,740.745,-116990.42359416751,116990.42359416751,-0.10057442169707584,13.93,0.0
740.0,2026,10,30,C,0.008789645901047784,0.5466476013300975,2246,0.19074222424189566,20.39,20.67,QQQ,call,2026-10-30,mid,short,740.745,10832247.858529493,10832247.858529493,-0.10057442169707584,20.53,0.0
740.0,2026,10,30,P,0.008789645901047784,-0.4533523986699025,626,0.18533262522722674,15.97,16.13,QQQ,put,2026-10-30,mid,short,740.745,-3019139.4298483813,3019139.4298483813,-0.10057442169707584,16.05,0.0
740.0,2026,11,20,C,0.0066506857950819455,0.5535586721092243,6285,0.2018742689679941,27.0,27.24,QQQ,call,2026-11-20,mid,short,740.745,22935550.572518293,22935550.572518293,-0.10057442169707584,27.119999999999997,0.0
740.0,2026,11,20,P,0.0066506857950819455,-0.4464413278907757,766,0.1969757300073396,20.82,21.03,QQQ,put,2026-11-20,mid,short,740.745,-2795327.2455925234,2795327.2455925234,-0.10057442169707584,20.925,0.0
740.0,2026,11,30,C,0.006202438038857827,0.5572486158523244,392,0.19845172600429853,28.9,29.24,QQQ,call,2026-11-30,mid,short,740.745,1334092.5497411983,1334092.5497411983,-0.10057442169707584,29.07,0.0
740.0,2026,11,30,P,0.006202438038857827,-0.44275138414767556,27,0.19527775434001704,22.09,22.32,QQQ,put,2026-11-30,mid,short,740.745,-91889.0276607458,91889.0276607458,-0.10057442169707584,22.205,0.0
740.0,2026,12,18,C,0.005321698523428564,0.5622056334410326,12510,0.20602240243097694,33.82,34.35,QQQ,call,2026-12-18,mid,short,740.745,36529609.951413184,36529609.951413184,-0.10057442169707584,34.085,0.0
740.0,2026,12,18,P,0.005321698523428564,-0.4377943665589674,7873,0.2030266387139559,25.54,25.69,QQQ,put,2026-12-18,mid,short,740.745,-22989417.997400165,22989417.997400165,-0.10057442169707584,25.615000000000002,0.0
740.0,2026,12,31,C,0.004940329406750293,0.5659624867077222,41696,0.20433221389901585,36.21,36.7,QQQ,call,2026-12-31,mid,short,740.745,113028446.56152688,113028446.56152688,-0.10057442169707584,36.455,0.0
740.0,2026,12,31,P,0.004940329406750293,-0.4340375132922778,3319,0.2035748876963952,27.2,27.44,QQQ,put,2026-12-31,mid,short,740.745,-8997060.009058606,8997060.009058606,-0.10057442169707584,27.32,0.0
740.0,2027,1,15,C,0.004546130342455098,0.5698412614620967,7765,0.2086401711452239,39.79,40.13,QQQ,call,2027-01-15,mid,short,740.745,19369606.62189587,19369606.62189587,-0.10057442169707584,39.96,0.0
740.0,2027,1,15,P,0.004546130342455098,-0.4301587385379034,3681,0.2063601598341595,29.32,29.49,QQQ,put,2027-01-15,mid,short,740.745,-9182166.384442845,9182166.384442845,-0.10057442169707584,29.405,0.0
740.0,2027,2,19,C,0.0038847391749424736,0.5781340517420039,822,0.21341683115395574,46.96,47.38,QQQ,call,2027-02-19,mid,short,740.745,1752149.423510404,1752149.423510404,-0.10057442169707584,47.17,0.0
740.0,2027,2,19,P,0.0038847391749424736,-0.421865948257996,402,0.21037597421141654,33.5,33.87,QQQ,put,2027-02-19,mid,short,740.745,-856890.5939795406,856890.5939795406,-0.10057442169707584,33.685,0.0
740.0,2027,3,19,C,0.003484263863928125,0.5839539092715766,4573,0.21895796036844611,52.77,53.22,QQQ,call,2027-03-19,mid,short,740.745,8742782.927826937,8742782.927826937,-0.10057442169707584,52.995000000000005,0.0
740.0,2027,3,19,P,0.003484263863928125,-0.4160460907284233,10442,0.21495379167704612,36.84,37.19,QQQ,put,2027-03-19,mid,short,740.745,-19963293.09695361,19963293.09695361,-0.10057442169707584,37.015,0.0
740.0,2027,3,31,C,0.0033764585181203883,0.5865708970488759,2013,0.21244530593092723,53.37,56.89,QQQ,call,2027-03-31,mid,short,740.745,3729431.6381495344,3729431.6381495344,-0.10057442169707584,55.129999999999995,0.0
740.0,2027,3,31,P,0.0033764585181203883,-0.41342910295112417,1376,0.21135906430541224,37.07,38.71,QQQ,put,2027-03-31,mid,short,740.745,-2549278.6557842824,2549278.6557842824,-0.10057442169707584,37.89,0.0
740.0,2027,6,17,C,0.002676391434924513,0.6002070271295095,10111,0.2282450447271931,68.75,71.56,QQQ,call,2027-06-17,mid,short,740.745,14848452.675360844,14848452.675360844,-0.10057442169707584,70.155,0.0
740.0,2027,6,17,P,0.002676391434924513,-0.3997929728704906,14033,0.22438318472909777,45.56,46.83,QQQ,put,2027-06-17,mid,short,740.745,-20608083.907955565,20608083.907955565,-0.10057442169707584,46.195,0.0
740.0,2027,6,30,C,0.0025987694028266873,0.6023516394369978,825,0.2265205167505,70.19,73.84,QQQ,call,2027-06-30,mid,short,740.745,1176411.200673587,1176411.200673587,-0.10057442169707584,72.015,0.0
740.0,2027,6,30,P,0.0025987694028266873,-0.39764836056300223,65,0.2234312522764205,46.15,48.43,QQQ,put,2027-06-30,mid,short,740.745,-92686.9430833735,92686.9430833735,-0.10057442169707584,47.29,0.0
740.0,2027,9,17,C,0.0022210926134037107,0.6143785989682262,691,0.23378457453788876,82.93,86.99,QQQ,call,2027-09-17,mid,short,740.745,842135.882482941,842135.882482941,-0.10057442169707584,84.96000000000001,0.0
740.0,2027,9,17,P,0.0022210926134037107,-0.3856214010317737,930,0.22991178551299596,52.39,54.54,QQQ,put,2027-09-17,mid,short,740.745,-1133410.087856925,1133410.087856925,-0.10057442169707584,53.465,0.0
740.0,2027,12,17,C,0.001929551638546536,0.6267494824255253,1458,0.23720611377374776,95.5,100.5,QQQ,call,2027-12-17,mid,short,740.745,1543659.0627633403,1543659.0627633403,-0.10057442169707584,98.0,0.0
740.0,2027,12,17,P,0.001929551638546536,-0.3732505175744747,1618,0.23082997722340648,57.0,61.5,QQQ,put,2027-12-17,mid,short,740.745,-1713059.2342600026,1713059.2342600026,-0.10057442169707584,59.25,0.0
740.0,2028,1,21,C,0.0018464870716385798,0.631219661124342,186,0.23652390752724708,99.5,104.0,QQQ,call,2028-01-21,mid,short,740.745,188450.23043729895,188450.23043729895,-0.10057442169707584,101.75,0.0
740.0,2028,1,21,P,0.0018464870716385798,-0.368780338875658,1627,0.2309641223258068,58.5,63.5,QQQ,put,2028-01-21,mid,short,740.745,-1648432.929685405,1648432.929685405,-0.10057442169707584,61.0,0.0
740.0,2028,6,16,C,0.0015600754819986534,0.6480461848616752,484,0.244613796582208,119.0,123.5,QQQ,call,2028-06-16,mid,short,740.745,414312.87610010745,414312.87610010745,-0.10057442169707584,121.25,0.0
740.0,2028,6,16,P,0.0015600754819986534,-0.3519538151383248,294,0.2374758160896321,66.0,70.5,QQQ,put,2028-06-16,mid,short,740.745,-251669.39168064375,251669.39168064375,-0.10057442169707584,68.25,0.0
740.0,2028,12,15,C,0.0013215551015377262,0.6660952377590523,204,0.24968968398065225,140.0,144.5,QQQ,call,2028-12-15,mid,short,740.745,147928.85656563946,147928.85656563946,-0.10057442169707584,142.25,0.0
740.0,2028,12,15,P,0.0013215551015377262,-0.33390476224094773,446,0.24236691620080375,73.0,78.0,QQQ,put,2028-12-15,mid,short,740.745,-323413.08837389806,323413.08837389806,-0.10057442169707584,75.5,0.0
740.0,2029,1,19,C,0.001287656252959267,0.6693373165221349,0,0.24850782746261457,143.0,148.0,QQQ,call,2029-01-19,mid,short,740.745,0.0,0.0,-0.10057442169707584,145.5,0.0
740.0,2029,1,19,P,0.001287656252959267,-0.3306626834778651,2,0.24274991318800895,74.0,79.0,QQQ,put,2029-01-19,mid,short,740.745,-1413.0820971728385,1413.0820971728385,-0.10057442169707584,76.5,0.0
741.0,2026,9,21,C,0.3517917601350618,0.4091081088108096,168,0.4665089978377153,0.31,0.34,QQQ,call,2026-09-21,mid,short,740.745,32428913.781248283,32428913.781248283,0.03442480205738756,0.325,0.0
741.0,2026,9,21,P,0.3517917601350618,-0.5908918911891904,0,0.0,0.12,0.13,QQQ,put,2026-09-21,mid,short,740.745,-0.0,0.0,0.03442480205738756,0.125,0.0
741.0,2026,9,22,C,0.058592537142785346,0.4916493412051002,393,0.1749233587361534,2.62,2.64,QQQ,call,2026-09-22,mid,short,740.745,12634914.626528168,12634914.626528168,0.03442480205738756,2.63,37298.0
741.0,2026,9,22,P,0.058592537142785346,-0.5083506587948998,0,0.14428345160282444,2.32,2.38,QQQ,put,2026-09-22,mid,short,740.745,-0.0,0.0,0.03442480205738756,2.3499999999999996,0.0
741.0,2026,9,23,C,0.04271542202783322,0.4985594605846321,905,0.1689562429482675,3.65,3.71,QQQ,call,2026-09-23,mid,short,740.745,21211468.585581306,21211468.585581306,0.03442480205738756,3.6799999999999997,0.0
741.0,2026,9,23,P,0.04271542202783322,-0.5014405394153679,0,0.15146542718905356,3.36,3.39,QQQ,put,2026-09-23,mid,short,740.745,-0.0,0.0,0.03442480205738756,3.375,0.0
741.0,2026,9,24,C,0.03436855735851182,0.502733078510002,172,0.1715381060191405,4.59,4.66,QQQ,call,2026-09-24,mid,short,740.745,3243599.367278976,3243599.367278976,0.03442480205738756,4.625,0.0
741.0,2026,9,24,P,0.03436855735851182,-0.49726692148999796,0,0.15767420368715157,4.23,4.29,QQQ,put,2026-09-24,mid,short,740.745,-0.0,0.0,0.03442480205738756,4.26,0.0
741.0,2026,9,25,C,0.029037813108158984,0.505724758583474,778,0.17666833679354135,5.5,5.53,QQQ,call,2026-09-25,mid,short,740.745,12395982.661294099,12395982.661294099,0.03442480205738756,5.515000000000001,0.0
741.0,2026,9,25,P,0.029037813108158984,-0.494275241416526,5,0.16017290924284802,4.92,4.98,QQQ,put,2026-09-25,mid,short,740.745,-79665.69833736568,79665.69833736568,0.03442480205738756,4.95,0.0
741.0,2026,9,28,C,0.025540447807199097,0.5122075824832537,49,0.15109715919092226,6.34,6.43,QQQ,call,2026-09-28,mid,short,740.745,686692.0903355129,686692.0903355129,0.03442480205738756,6.385,0.0
741.0,2026,9,28,P,0.025540447807199097,-0.4877924175167463,0,0.14359730336090354,5.72,5.79,QQQ,put,2026-09-28,mid,short,740.745,-0.0,0.0,0.03442480205738756,5.755,0.0
741.0,2026,9,29,C,0.02305884379678366,0.51375470703933,128,0.1566400694057605,7.05,7.14,QQQ,call,2026-09-29,mid,short,740.745,1619514.9238430522,1619514.9238430522,0.03442480205738756,7.095,0.0
741.0,2026,9,29,P,0.02305884379678366,-0.48624529296067,0,0.1496497430167885,6.35,6.43,QQQ,put,2026-09-29,mid,short,740.745,-0.0,0.0,0.03442480205738756,6.39,0.0
741.0,2026,9,30,C,0.020567689099697167,0.5150057320907122,607,0.165990892229506,7.94,8.0,QQQ,call,2026-09-30,mid,short,740.745,6850332.431650322,6850332.431650322,0.03442480205738756,7.970000000000001,0.0
741.0,2026,9,30,P,0.020567689099697167,-0.48499426790928785,7,0.15877700626446709,7.13,7.22,QQQ,put,2026-09-30,mid,short,740.745,-78998.89130403998,78998.89130403998,0.03442480205738756,7.175,0.0
741.0,2026,10,1,C,0.018937682629221138,0.5162171921544487,3,0.17075222002715967,8.63,8.72,QQQ,call,2026-10-01,mid,short,740.745,31173.498622547322,31173.498622547322,0.03442480205738756,8.675,0.0
741.0,2026,10,1,P,0.018937682629221138,-0.4837828078455512,0,0.16331679246690692,7.71,7.8,QQQ,put,2026-10-01,mid,short,740.745,-0.0,0.0,0.03442480205738756,7.755,0.0
741.0,2026,10,2,C,0.017289022133665802,0.5172431871264391,196,0.17859019676135307,9.48,9.55,QQQ,call,2026-10-02,mid,short,740.745,1859362.0344397388,1859362.0344397388,0.03442480205738756,9.515,0.0
741.0,2026,10,2,P,0.017289022133665802,-0.48275681287356087,0,0.16898524452945266,8.35,8.43,QQQ,put,2026-10-02,mid,short,740.745,-0.0,0.0,0.03442480205738756,8.39,0.0
741.0,2026,10,9,C,0.013638683363470752,0.5243292100072106,216,0.17657261183458756,12.19,12.31,QQQ,call,2026-10-09,mid,short,740.745,1616455.1358554503,1616455.1358554503,0.03442480205738756,12.25,0.0
741.0,2026,10,9,P,0.013638683363470752,-0.4756707899927894,14,0.169172016878416,10.5,10.59,QQQ,put,2026-10-09,mid,short,740.745,-104770.24028692734,104770.24028692734,0.03442480205738756,10.545,0.0
741.0,2026,10,16,C,0.011427578928566951,0.5296817251197383,878,0.17886742086878826,14.72,14.83,QQQ,call,2026-10-16,mid,short,740.745,5505366.081688864,5505366.081688864,0.03442480205738756,14.775,0.0
741.0,2026,10,16,P,0.011427578928566951,-0.4703182748802616,8,0.17254442695149022,12.46,12.62,QQQ,put,2026-10-16,mid,short,740.745,-50162.788899215164,50162.788899215164,0.03442480205738756,12.54,0.0
741.0,2026,10,23,C,0.009913718245766636,0.5340655102662655,52,0.18148629773401184,17.05,17.28,QQQ,call,2026-10-23,mid,short,740.745,282863.8009330152,282863.8009330152,0.03442480205738756,17.165,0.0
741.0,2026,10,23,P,0.009913718245766636,-0.46593448973373447,0,0.17619838276588412,14.25,14.44,QQQ,put,2026-10-23,mid,short,740.745,-0.0,0.0,0.03442480205738756,14.344999999999999,0.0
741.0,2026,10,30,C,0.008569477142207252,0.5374816896079453,119,0.19006442453216243,19.81,20.07,QQQ,call,2026-10-30,mid,short,740.745,559549.798236405,559549.798236405,0.03442480205738756,19.939999999999998,0.0
741.0,2026,10,30,P,0.008569477142207252,-0.46251831039205477,3,0.18481565409546638,16.4,16.63,QQQ,put,2026-10-30,mid,short,740.745,-14106.297434531218,14106.297434531218,0.03442480205738756,16.515,0.0
741.0,2026,11,30,C,0.006125569091961249,0.5507967103694075,8,0.19763725267975638,28.28,28.65,QQQ,call,2026-11-30,mid,short,740.745,26888.952696662094,26888.952696662094,0.03442480205738756,28.465,0.0
741.0,2026,11,30,P,0.006125569091961249,-0.44920328963059253,0,0.19484107892789349,22.51,22.74,QQQ,put,2026-11-30,mid,short,740.745,-0.0,0.0,0.03442480205738756,22.625,0.0
742.0,2026,9,21,C,0.1697865778207989,0.08413788106544817,59,0.38339810517374673,0.03,0.04,QQQ,call,2026-09-21,mid,short,740.745,5496583.424939032,5496583.424939032,0.16942402581185098,0.035,0.0
742.0,2026,9,21,P,0.1697865778207989,-0.9158621189345518,6,0.0,0.76,0.89,QQQ,put,2026-09-21,mid,short,740.745,-558974.5855870203,558974.5855870203,0.16942402581185098,0.825,0.0
742.0,2026,9,22,C,0.058771875382726206,0.4321932592677414,460,0.17220968212281967,2.12,2.13,QQQ,call,2026-09-22,mid,short,740.745,14834224.18664948,14834224.18664948,0.16942402581185098,2.125,35949.0
742.0,2026,9,22,P,0.058771875382726206,-0.5678067407322587,0,0.14168889139957153,2.83,2.87,QQQ,put,2026-09-22,mid,short,740.745,-0.0,0.0,0.16942402581185098,2.85,0.0
742.0,2026,9,23,C,0.04300378757124233,0.45533762298843755,563,0.16674513165287264,3.13,3.19,QQQ,call,2026-09-23,mid,short,740.745,13284724.736039806,13284724.736039806,0.16942402581185098,3.16,0.0
742.0,2026,9,23,P,0.04300378757124233,-0.5446623770115624,0,0.14821549990009558,3.82,3.87,QQQ,put,2026-09-23,mid,short,740.745,-0.0,0.0,0.16942402581185098,3.8449999999999998,0.0
742.0,2026,9,24,C,0.03464027769273448,0.46801199002322097,113,0.1696305309744983,4.06,4.13,QQQ,call,2026-09-24,mid,short,740.745,2147816.9516868456,2147816.9516868456,0.16942402581185098,4.095,0.0
742.0,2026,9,24,P,0.03464027769273448,-0.5319880099767791,5,0.15535405439419098,4.69,4.75,QQQ,put,2026-09-24,mid,short,740.745,-95036.14830472767,95036.14830472767,0.16942402581185098,4.720000000000001,0.0
742.0,2026,9,25,C,0.029427159447081692,0.4762651979887278,508,0.17354639376132489,4.92,4.98,QQQ,call,2026-09-25,mid,short,740.745,8202561.817875028,8202561.817875028,0.16942402581185098,4.95,0.0
742.0,2026,9,25,P,0.029427159447081692,-0.5237348020112722,10,0.15832902330380824,5.38,5.44,QQQ,put,2026-09-25,mid,short,740.745,-161467.7523203746,161467.7523203746,0.16942402581185098,5.41,0.0
742.0,2026,9,28,C,0.02576265461100257,0.4864946795309679,425,0.1498907338754838,5.8,5.88,QQQ,call,2026-09-28,mid,short,740.745,6007821.193422503,6007821.193422503,0.16942402581185098,5.84,0.0
742.0,2026,9,28,P,0.02576265461100257,-0.5135053204690321,0,0.14216393181409714,6.17,6.25,QQQ,put,2026-09-28,mid,short,740.745,-0.0,0.0,0.16942402581185098,6.21,0.0
742.0,2026,9,29,C,0.023243099790802205,0.490566762967373,54,0.1555540899465823,6.51,6.59,QQQ,call,2026-09-29,mid,short,740.745,688692.3581398007,688692.3581398007,0.16942402581185098,6.55,0.0
742.0,2026,9,29,P,0.023243099790802205,-0.509433237032627,0,0.14858585392714588,6.81,6.89,QQQ,put,2026-09-29,mid,short,740.745,-0.0,0.0,0.16942402581185098,6.85,0.0
742.0,2026,9,30,C,0.020730855236672115,0.49433136207850525,993,0.16478007599975894,7.39,7.45,QQQ,call,2026-09-30,mid,short,740.745,11295460.075005434,11295460.075005434,0.16942402581185098,7.42,0.0
742.0,2026,9,30,P,0.020730855236672115,-0.5056686379214947,25,0.15802284026404137,7.6,7.67,QQQ,put,2026-09-30,mid,short,740.745,-284377.1418682133,284377.1418682133,0.16942402581185098,7.635,0.0
742.0,2026,10,1,C,0.019078122795008905,0.4971950438405719,40,0.16962593671038959,8.08,8.17,QQQ,call,2026-10-01,mid,short,740.745,418729.0467830303,418729.0467830303,0.16942402581185098,8.125,0.0
742.0,2026,10,1,P,0.019078122795008905,-0.5028049561594281,0,0.1622189152791249,8.16,8.26,QQQ,put,2026-10-01,mid,short,740.745,-0.0,0.0,0.16942402581185098,8.21,0.0
742.0,2026,10,2,C,0.017408177578478304,0.4998870836338525,400,0.17753023134967036,8.93,9.0,QQQ,call,2026-10-02,mid,short,740.745,3820768.7842186033,3820768.7842186033,0.16942402581185098,8.965,0.0
742.0,2026,10,2,P,0.017408177578478304,-0.5001129163661475,1,0.16776296913747582,8.79,8.89,QQQ,put,2026-10-02,mid,short,740.745,-9551.92196054651,9551.92196054651,0.16942402581185098,8.84,0.0
742.0,2026,10,9,C,0.013729013455848815,0.5106673495015905,301,0.17567164051099113,11.63,11.75,QQQ,call,2026-10-09,mid,short,740.745,2267479.052580082,2267479.052580082,0.16942402581185098,11.690000000000001,0.0
742.0,2026,10,9,P,0.013729013455848815,-0.4893326504984095,1,0.16831254269149634,10.94,11.03,QQQ,put,2026-10-09,mid,short,740.745,-7533.152998604924,7533.152998604924,0.16942402581185098,10.985,0.0
742.0,2026,10,16,C,0.011506319566958351,0.5182528770819363,1172,0.17788302681680734,14.14,14.26,QQQ,call,2026-10-16,mid,short,740.745,7399485.111163881,7399485.111163881,0.16942402581185098,14.2,0.0
742.0,2026,10,16,P,0.011506319566958351,-0.4817471229180636,392,0.17173607853741038,12.89,13.05,QQQ,put,2026-10-16,mid,short,740.745,-2474913.108853448,2474913.108853448,0.16942402581185098,12.97,0.0
742.0,2026,10,23,C,0.009975013231833729,0.5241637463002176,35,0.1807532384645161,16.48,16.7,QQQ,call,2026-10-23,mid,short,740.745,191566.24311031515,191566.24311031515,0.16942402581185098,16.59,0.0
742.0,2026,10,23,P,0.009975013231833729,-0.4758362536997825,0,0.17551528166088132,14.68,14.87,QQQ,put,2026-10-23,mid,short,740.745,-0.0,0.0,0.16942402581185098,14.774999999999999,0.0
742.0,2026,10,30,C,0.008621736346533914,0.5289301825154136,86,0.1890922824116066,19.21,19.5,QQQ,call,2026-10-30,mid,short,740.745,406846.5584217712,406846.5584217712,0.16942402581185098,19.355,0.0
742.0,2026,10,30,P,0.008621736346533914,-0.47106981748458643,1,0.18410502518216992,16.82,16.99,QQQ,put,2026-10-30,mid,short,740.745,-4730.773935136875,4730.773935136875,0.16942402581185098,16.905,0.0
742.0,2026,11,30,C,0.006153922899833094,0.5446992138975715,118,0.19708902790694205,27.7,28.07,QQQ,call,2026-11-30,mid,short,740.745,398447.8754884439,398447.8754884439,0.16942402581185098,27.884999999999998,0.0
742.0,2026,11,30,P,0.006153922899833094,-0.4553007861024286,1,0.19427981135215475,22.92,23.17,QQQ,put,2026-11-30,mid,short,740.745,-3376.676910919016,3376.676910919016,0.16942402581185098,23.045,0.0
743.0,2026,9,21,C,0.08664828801010074,0.28303428910516065,121,0.496108946614681,0.0,0.01,QQQ,call,2026-09-21,mid,short,740.745,5752846.870047517,5752846.870047517,0.3044232495663144,0.005,0.0
743.0,2026,9,21,P,0.08664828801010074,-0.7169657108948393,0,3.989895796302499,1.0,4.88,QQQ,put,2026-09-21,mid,short,740.745,-0.0,0.0,0.3044232495663144,2.94,0.0
743.0,2026,9,22,C,0.05758175096099947,0.3722425163103827,263,0.168083973499073,1.66,1.7,QQQ,call,2026-09-22,mid,short,740.745,8309560.8555551935,8309560.8555551935,0.3044232495663144,1.68,30766.0
743.0,2026,9,22,P,0.05758175096099947,-0.6277574836896174,0,0.13673815032873313,3.38,3.44,QQQ,put,2026-09-22,mid,short,740.745,-0.0,0.0,0.3044232495663144,3.41,0.0
743.0,2026,9,23,C,0.04281379600349129,0.4114715842513304,895,0.16479832843504472,2.66,2.7,QQQ,call,2026-09-23,mid,short,740.745,21025398.126412608,21025398.126412608,0.3044232495663144,2.68,0.0
743.0,2026,9,23,P,0.04281379600349129,-0.5885284157486697,0,0.14445878455379924,4.32,4.45,QQQ,put,2026-09-23,mid,short,740.745,-0.0,0.0,0.3044232495663144,4.385,0.0
743.0,2026,9,24,C,0.03464534824620914,0.43280488058044964,352,0.1678935812883955,3.57,3.63,QQQ,call,2026-09-24,mid,short,740.745,6691524.185151453,6691524.185151453,0.3044232495663144,3.5999999999999996,0.0
743.0,2026,9,24,P,0.03464534824620914,-0.5671951194195504,0,0.15269181752606886,5.18,5.31,QQQ,put,2026-09-24,mid,short,740.745,-0.0,0.0,0.3044232495663144,5.244999999999999,0.0
743.0,2026,9,25,C,0.02946608872091059,0.4464810577461515,683,0.17204432170805936,4.42,4.48,QQQ,call,2026-09-25,mid,short,740.745,11042836.78378117,11042836.78378117,0.3044232495663144,4.45,0.0
743.0,2026,9,25,P,0.02946608872091059,-0.5535189422538485,38,0.156716536231327,5.88,5.94,QQQ,put,2026-09-25,mid,short,740.745,-614389.1622015878,614389.1622015878,0.3044232495663144,5.91,0.0
743.0,2026,9,28,C,0.02584020626630426,0.46048964837707,32,0.14902677255474897,5.3,5.36,QQQ,call,2026-09-28,mid,short,740.745,453715.28655417357,453715.28655417357,0.3044232495663144,5.33,0.0
743.0,2026,9,28,P,0.02584020626630426,-0.53951035162293,3,0.14103687993282857,6.66,6.74,QQQ,put,2026-09-28,mid,short,740.745,-42535.80811445377,42535.80811445377,0.3044232495663144,6.7,0.0
743.0,2026,9,29,C,0.023343792613487895,0.4670956917957235,161,0.15438948380442377,5.99,6.07,QQQ,call,2026-09-29,mid,short,740.745,2062218.837820486,2062218.837820486,0.3044232495663144,6.03,0.0
743.0,2026,9,29,P,0.023343792613487895,-0.5329043082042765,0,0.14741791851933966,7.29,7.37,QQQ,put,2026-09-29,mid,short,740.745,-0.0,0.0,0.3044232495663144,7.33,0.0
743.0,2026,9,30,C,0.020814219911285247,0.47344125240332935,543,0.1637674842940855,6.87,6.93,QQQ,call,2026-09-30,mid,short,740.745,6201509.67714557,6201509.67714557,0.3044232495663144,6.9,0.0
743.0,2026,9,30,P,0.020814219911285247,-0.5265587475966707,39,0.15658415451662694,8.06,8.15,QQQ,put,2026-09-30,mid,short,740.745,-445412.2972535493,445412.2972535493,0.3044232495663144,8.105,0.0
743.0,2026,10,1,C,0.01917397862909115,0.4779566283107814,15,0.1685170167235813,7.55,7.64,QQQ,call,2026-10-01,mid,short,740.745,157812.33852246357,157812.33852246357,0.3044232495663144,7.595,0.0
743.0,2026,10,1,P,0.01917397862909115,-0.5220433716892185,0,0.1613251558668511,8.64,8.73,QQQ,put,2026-10-01,mid,short,740.745,-0.0,0.0,0.3044232495663144,8.685,0.0
743.0,2026,10,2,C,0.017499765424507218,0.48233975309439275,324,0.1765206917372735,8.4,8.46,QQQ,call,2026-10-02,mid,short,740.745,3111105.1862023445,3111105.1862023445,0.3044232495663144,8.43,0.0
743.0,2026,10,2,P,0.017499765424507218,-0.5176602469056073,2,0.16676629716060515,9.26,9.36,QQQ,put,2026-10-02,mid,short,740.745,-19204.35300124904,19204.35300124904,0.3044232495663144,9.309999999999999,0.0
743.0,2026,10,9,C,0.013808317014925074,0.49686567103104495,607,0.17471514277947459,11.08,11.2,QQQ,call,2026-10-09,mid,short,740.745,4599036.93678659,4599036.93678659,0.3044232495663144,11.14,0.0
743.0,2026,10,9,P,0.013808317014925074,-0.503134328968955,27,0.1675407271248623,11.4,11.5,QQQ,put,2026-10-09,mid,short,740.745,-204570.01201521905,204570.01201521905,0.3044232495663144,11.45,0.0
743.0,2026,10,16,C,0.011569077017544704,0.5067139649809709,1791,0.17701093864686782,13.58,13.71,QQQ,call,2026-10-16,mid,short,740.745,11369248.406914907,11369248.406914907,0.3044232495663144,13.645,0.0
743.0,2026,10,16,P,0.011569077017544704,-0.49328603501902907,10,0.17103431568462213,13.34,13.51,QQQ,put,2026-10-16,mid,short,740.745,-63479.89060253996,63479.89060253996,0.3044232495663144,13.425,0.0
743.0,2026,10,23,C,0.010027392296356732,0.5141765387558275,62,0.18002229807049355,15.92,16.14,QQQ,call,2026-10-23,mid,short,740.745,341127.83096042776,341127.83096042776,0.3044232495663144,16.03,0.0
743.0,2026,10,23,P,0.010027392296356732,-0.4858234612441726,3,0.17494515889099044,15.13,15.32,QQQ,put,2026-10-23,mid,short,740.745,-16506.185369052953,16506.185369052953,0.3044232495663144,15.225000000000001,0.0
743.0,2026,10,30,C,0.008660281058126862,0.5203087312006839,40,0.18865537651858372,18.67,18.93,QQQ,call,2026-10-30,mid,short,740.745,190076.94159989824,190076.94159989824,0.3044232495663144,18.8,0.0
743.0,2026,10,30,P,0.008660281058126862,-0.4796912687993161,0,0.1834081660417817,17.25,17.42,QQQ,put,2026-10-30,mid,short,740.745,-0.0,0.0,0.3044232495663144,17.335,0.0
743.0,2026,11,30,C,0.006178823621198329,0.5385643024954374,41,0.19672760990310742,27.15,27.49,QQQ,call,2026-11-30,mid,short,740.745,139003.94062707524,139003.94062707524,0.3044232495663144,27.32,0.0
743.0,2026,11,30,P,0.006178823621198329,-0.46143569750456254,2,0.1933614505048578,23.29,23.59,QQQ,put,2026-11-30,mid,short,740.745,-6780.6800305890365,6780.6800305890365,0.3044232495663144,23.439999999999998,0.0
744.0,2026,9,21,C,0.06469410723613707,0.08101385054268558,585,0.6766375089617407,0.0,0.01,QQQ,call,2026-09-21,mid,short,740.745,20766248.539916545,20766248.539916545,0.4394224733207778,0.005,0.0
744.0,2026,9,21,P,0.06469410723613707,-0.9189861494573144,0,3.2553050608312613,1.8,4.88,QQQ,put,2026-09-21,mid,short,740.745,-0.0,0.0,0.4394224733207778,3.34,0.0
744.0,2026,9,22,C,0.05434290763867329,0.315794520001019,195,0.1673276779631238,1.31,1.35,QQQ,call,2026-09-22,mid,short,740.745,5814534.350541581,5814534.350541581,0.4394224733207778,1.33,45265.0
744.0,2026,9,22,P,0.05434290763867329,-0.684205479998981,0,0.13102129601844298,4.0,4.15,QQQ,put,2026-09-22,mid,short,740.745,-0.0,0.0,0.4394224733207778,4.075,0.0
744.0,2026,9,23,C,0.041735387365793755,0.3686752083702235,267,0.1635862451099429,2.25,2.3,QQQ,call,2026-09-23,mid,short,740.745,6114390.439255016,6114390.439255016,0.4394224733207778,2.275,0.0
744.0,2026,9,23,P,0.041735387365793755,-0.6313247916297765,0,0.14101533142589948,4.88,5.0,QQQ,put,2026-09-23,mid,short,740.745,-0.0,0.0,0.4394224733207778,4.9399999999999995,0.0
744.0,2026,9,24,C,0.034297854543627146,0.39760728308207294,336,0.16630977968976673,3.12,3.18,QQQ,call,2026-09-24,mid,short,740.745,6323298.575555387,6323298.575555387,0.4394224733207778,3.1500000000000004,0.0
744.0,2026,9,24,P,0.034297854543627146,-0.6023927169179271,0,0.14922806174550476,5.69,5.87,QQQ,put,2026-09-24,mid,short,740.745,-0.0,0.0,0.4394224733207778,5.78,0.0
744.0,2026,9,25,C,0.029362197009763672,0.4164360314514121,771,0.1705297872813025,3.95,4.0,QQQ,call,2026-09-25,mid,short,740.745,12421681.336184395,12421681.336184395,0.4394224733207778,3.975,0.0
744.0,2026,9,25,P,0.029362197009763672,-0.5835639685485878,0,0.15365906671934793,6.37,6.52,QQQ,put,2026-09-25,mid,short,740.745,-0.0,0.0,0.4394224733207778,6.445,0.0
744.0,2026,9,28,C,0.025810465145211143,0.4342899292248356,62,0.1477599562642548,4.81,4.88,QQQ,call,2026-09-28,mid,short,740.745,878061.5867860892,878061.5867860892,0.4394224733207778,4.845,0.0
744.0,2026,9,28,P,0.025810465145211143,-0.5657100707751643,0,0.13896849756327515,7.14,7.3,QQQ,put,2026-09-28,mid,short,740.745,-0.0,0.0,0.4394224733207778,7.22,0.0
744.0,2026,9,29,C,0.02334074271381958,0.44348118391280594,306,0.15336727980048145,5.5,5.58,QQQ,call,2026-09-29,mid,short,740.745,3918984.5853160727,3918984.5853160727,0.4394224733207778,5.54,0.0
744.0,2026,9,29,P,0.02334074271381958,-0.5565188160871941,3,0.14474739127731992,7.73,7.95,QQQ,put,2026-09-29,mid,short,740.745,-38421.41750309875,38421.41750309875,0.4394224733207778,7.84,0.0
744.0,2026,9,30,C,0.02084269301936774,0.45238761341177985,444,0.16273111417792727,6.37,6.43,QQQ,call,2026-09-30,mid,short,740.745,5077784.430011411,5077784.430011411,0.4394224733207778,6.4,0.0
744.0,2026,9,30,P,0.02084269301936774,-0.5476123865882201,15,0.15574865598251444,8.57,8.66,QQQ,put,2026-09-30,mid,short,740.745,-171546.77128416934,171546.77128416934,0.4394224733207778,8.615,0.0
744.0,2026,10,1,C,0.019212100159214852,0.45857993388924356,15,0.16741937980686838,7.04,7.14,QQQ,call,2026-10-01,mid,short,740.745,158126.0995802624,158126.0995802624,0.4394224733207778,7.09,0.0
744.0,2026,10,1,P,0.019212100159214852,-0.5414200661107564,0,0.1602201436083895,9.13,9.23,QQQ,put,2026-10-01,mid,short,740.745,-0.0,0.0,0.4394224733207778,9.18,0.0
744.0,2026,10,2,C,0.017582126696934135,0.46456420024575457,2516,0.174774277249879,7.85,7.95,QQQ,call,2026-10-02,mid,short,740.745,24272778.870893117,24272778.870893117,0.4394224733207778,7.9,0.0
744.0,2026,10,2,P,0.017582126696934135,-0.5354357997542454,0,0.1659909405100817,9.76,9.85,QQQ,put,2026-10-02,mid,short,740.745,-0.0,0.0,0.4394224733207778,9.805,0.0
744.0,2026,10,9,C,0.013864148817112641,0.482953457284854,320,0.17385274041649496,10.55,10.67,QQQ,call,2026-10-09,mid,short,740.745,2434336.7032594653,2434336.7032594653,0.4394224733207778,10.61,0.0
744.0,2026,10,9,P,0.013864148817112641,-0.517046542715146,1,0.16670144572174736,11.87,11.97,QQQ,put,2026-10-09,mid,short,740.745,-7607.302197685829,7607.302197685829,0.4394224733207778,11.92,0.0
744.0,2026,10,16,C,0.011623866906373723,0.4950775667229598,1577,0.17624892620689714,13.04,13.16,QQQ,call,2026-10-16,mid,short,740.745,10058188.705951003,10058188.705951003,0.4394224733207778,13.1,0.0
744.0,2026,10,16,P,0.011623866906373723,-0.5049224332770401,5,0.1704372255846556,13.81,13.97,QQQ,put,2026-10-16,mid,short,740.745,-31890.26222558974,31890.26222558974,0.4394224733207778,13.89,0.0
744.0,2026,10,23,C,0.010073803798991355,0.5041133349865596,32,0.1792922555405354,15.37,15.59,QQQ,call,2026-10-23,mid,short,740.745,176880.8936835004,176880.8936835004,0.4394224733207778,15.48,0.0
744.0,2026,10,23,P,0.010073803798991355,-0.49588666501344036,1,0.17425804044945448,15.58,15.77,QQQ,put,2026-10-23,mid,short,740.745,-5527.527927609388,5527.527927609388,0.4394224733207778,15.675,0.0
744.0,2026,10,30,C,0.00870383649244564,0.5116222893160489,86,0.1877153948883137,18.09,18.38,QQQ,call,2026-10-30,mid,short,740.745,410720.73880349204,410720.73880349204,0.4394224733207778,18.235,0.0
744.0,2026,10,30,P,0.00870383649244564,-0.48837771068395114,0,0.18282766582317958,17.7,17.87,QQQ,put,2026-10-30,mid,short,740.745,-0.0,0.0,0.4394224733207778,17.785,0.0
744.0,2026,11,30,C,0.006205073542007059,0.5323979471240297,98,0.19616435947032218,26.58,26.92,QQQ,call,2026-11-30,mid,short,740.745,333664.8561068197,333664.8561068197,0.4394224733207778,26.75,0.0
744.0,2026,11,30,P,0.006205073542007059,-0.46760205287597034,0,0.19278468101819943,23.71,24.03,QQQ,put,2026-11-30,mid,short,740.745,-0.0,0.0,0.4394224733207778,23.87,0.0
745.0,2026,9,21,C,0.05545576072896845,0.11933755260518857,1807,0.8506929877040921,0.0,0.01,QQQ,call,2026-09-21,mid,short,740.745,54984752.833467744,54984752.833467744,0.5744216970752413,0.005,0.0
745.0,2026,9,21,P,0.05545576072896845,-0.8806624473948115,7,2.9484945747216056,3.59,5.34,QQQ,put,2026-09-21,mid,short,740.745,-213001.25613407537,213001.25613407537,0.5744216970752413,4.465,0.0
745.0,2026,9,22,C,0.04992198785010376,0.263983679476072,239,0.16770553612645395,1.03,1.06,QQQ,call,2026-09-22,mid,short,740.745,6546772.184994724,6546772.184994724,0.5744216970752413,1.045,34887.0
745.0,2026,9,22,P,0.04992198785010376,-0.7360163205239281,0,0.12410747449070762,4.69,4.89,QQQ,put,2026-09-22,mid,short,740.745,-0.0,0.0,0.5744216970752413,4.79,0.0
745.0,2026,9,23,C,0.04013967228619927,0.327154839698999,1630,0.16320949953245414,1.9,1.93,QQQ,call,2026-09-23,mid,short,740.745,35900366.66492456,35900366.66492456,0.5744216970752413,1.915,0.0
745.0,2026,9,23,P,0.04013967228619927,-0.672845160301001,0,0.13891150253162385,5.52,5.7,QQQ,put,2026-09-23,mid,short,740.745,-0.0,0.0,0.5744216970752413,5.609999999999999,0.0
745.0,2026,9,24,C,0.03363331556407219,0.36276846670895485,206,0.16487967594676195,2.71,2.77,QQQ,call,2026-09-24,mid,short,740.745,3801669.510975316,3801669.510975316,0.5744216970752413,2.74,0.0
745.0,2026,9,24,P,0.03363331556407219,-0.6372315332910452,0,0.1472550690985833,6.28,6.47,QQQ,put,2026-09-24,mid,short,740.745,-0.0,0.0,0.5744216970752413,6.375,0.0
745.0,2026,9,25,C,0.029056570183057243,0.3864362790135273,2666,0.16899138177826606,3.51,3.56,QQQ,call,2026-09-25,mid,short,740.745,42505189.00190783,42505189.00190783,0.5744216970752413,3.535,0.0
745.0,2026,9,25,P,0.029056570183057243,-0.6135637209864727,50,0.15210128457620964,6.94,7.11,QQQ,put,2026-09-25,mid,short,740.745,-797171.5866824426,797171.5866824426,0.5744216970752413,7.025,0.0
745.0,2026,9,28,C,0.025670248311915948,0.40798768471639074,853,0.14657217018633115,4.35,4.42,QQQ,call,2026-09-28,mid,short,740.745,12014800.341887012,12014800.341887012,0.5744216970752413,4.385,0.0
745.0,2026,9,28,P,0.025670248311915948,-0.5920123152836092,4,0.13741938034408852,7.67,7.89,QQQ,put,2026-09-28,mid,short,740.745,-56341.38495609384,56341.38495609384,0.5744216970752413,7.779999999999999,0.0
745.0,2026,9,29,C,0.02323200331674606,0.41987053167433736,369,0.15248455382305354,5.04,5.12,QQQ,call,2026-09-29,mid,short,740.745,4703817.727938987,4703817.727938987,0.5744216970752413,5.08,0.0
745.0,2026,9,29,P,0.02323200331674606,-0.5801294683256626,1,0.14402236330867055,8.28,8.45,QQQ,put,2026-09-29,mid,short,740.745,-12747.473517449827,12747.473517449827,0.5744216970752413,8.364999999999998,0.0
745.0,2026,9,30,C,0.0207876586438205,0.43132203147295256,6471,0.16188407364099366,5.9,5.96,QQQ,call,2026-09-30,mid,short,740.745,73809868.87978569,73809868.87978569,0.5744216970752413,5.93,0.0
745.0,2026,9,30,P,0.0207876586438205,-0.5686779685270474,165,0.1533309929637963,9.03,9.26,QQQ,put,2026-09-30,mid,short,740.745,-1882031.8907687587,1882031.8907687587,0.5744216970752413,9.145,0.0
745.0,2026,10,1,C,0.019202717390116798,0.4391039494276273,208,0.16653476156582744,6.56,6.65,QQQ,call,2026-10-01,mid,short,740.745,2191611.0563381882,2191611.0563381882,0.5744216970752413,6.605,0.0
745.0,2026,10,1,P,0.019202717390116798,-0.5608960505723727,1,0.15827371829392456,9.6,9.8,QQQ,put,2026-10-01,mid,short,740.745,-10536.591617010523,10536.591617010523,0.5744216970752413,9.7,0.0
745.0,2026,10,2,C,0.017567181729691565,0.446843547559336,1246,0.174439410536687,7.39,7.45,QQQ,call,2026-10-02,mid,short,740.745,12010403.377814207,12010403.377814207,0.5744216970752413,7.42,0.0
745.0,2026,10,2,P,0.017567181729691565,-0.553156452440664,11,0.16504237659470852,10.27,10.37,QQQ,put,2026-10-02,mid,short,740.745,-106030.84843977228,106030.84843977228,0.5744216970752413,10.32,0.0
745.0,2026,10,5,C,0.01670308342007192,0.4542609263217168,0,0.1628578815696926,7.97,8.05,QQQ,call,2026-10-05,mid,short,740.745,0.0,0.0,0.5744216970752413,8.01,0.0
745.0,2026,10,5,P,0.01670308342007192,-0.5457390736782832,0,0.15724026586917583,10.76,10.87,QQQ,put,2026-10-05,mid,short,740.745,-0.0,0.0,0.5744216970752413,10.815,0.0
745.0,2026,10,9,C,0.013901971791548196,0.46894790722527213,1292,0.17292942765410427,10.03,10.16,QQQ,call,2026-10-09,mid,short,740.745,9855448.071753634,9855448.071753634,0.5744216970752413,10.094999999999999,0.0
745.0,2026,10,9,P,0.013901971791548196,-0.5310520927747279,53,0.16594486557568902,12.36,12.47,QQQ,put,2026-10-09,mid,short,740.745,-404286.9565038255,404286.9565038255,0.5744216970752413,12.415,0.0
745.0,2026,10,16,C,0.01166192858258838,0.483373948597325,17063,0.17598365728780024,12.55,12.6,QQQ,call,2026-10-16,mid,short,740.745,109185062.14945938,109185062.14945938,0.5744216970752413,12.575,0.0
745.0,2026,10,16,P,0.01166192858258838,-0.516626051402675,814,0.1698141555542139,14.29,14.45,QQQ,put,2026-10-16,mid,short,740.745,-5208734.723651172,5208734.723651172,0.5744216970752413,14.37,0.0
745.0,2026,10,23,C,0.010110888000602229,0.4939883362595229,387,0.17867624973366736,14.84,15.05,QQQ,call,2026-10-23,mid,short,740.745,2147028.06851549,2147028.06851549,0.5744216970752413,14.945,0.0
745.0,2026,10,23,P,0.010110888000602229,-0.5060116637404771,11,0.1737958886042673,16.06,16.26,QQQ,put,2026-10-23,mid,short,740.745,-61026.637606383425,61026.637606383425,0.5744216970752413,16.16,0.0
745.0,2026,10,30,C,0.008740510820156847,0.5028776630150695,942,0.18699714798180242,17.54,17.83,QQQ,call,2026-10-30,mid,short,740.745,4517781.003464301,4517781.003464301,0.5744216970752413,17.685,0.0
745.0,2026,10,30,P,0.008740510820156847,-0.49712233698493047,218,0.1822589826803233,18.16,18.39,QQQ,put,2026-10-30,mid,short,740.745,-1045516.1982539461,1045516.1982539461,0.5744216970752413,18.275,0.0
745.0,2026,11,20,C,0.006640833939027788,0.5203443754198909,1811,0.1987372059809058,24.12,24.35,QQQ,call,2026-11-20,mid,short,740.745,6599006.07369272,6599006.07369272,0.5744216970752413,24.235,0.0
745.0,2026,11,20,P,0.006640833939027788,-0.47965562458010913,277,0.19440096013218533,22.97,23.16,QQQ,put,2026-11-20,mid,short,740.745,-1009345.4900126361,1009345.4900126361,0.5744216970752413,23.064999999999998,0.0
745.0,2026,11,30,C,0.006230250197645737,0.5261966617595881,115,0.1956320182354276,26.02,26.35,QQQ,call,2026-11-30,mid,short,740.745,393134.1631049848,393134.1631049848,0.5744216970752413,26.185000000000002,0.0
745.0,2026,11,30,P,0.006230250197645737,-0.4738033382404118,2,0.1930121693892703,24.24,24.47,QQQ,put,2026-11-30,mid,short,740.745,-6837.115880086692,6837.115880086692,0.5744216970752413,24.354999999999997,0.0
745.0,2026,12,18,C,0.0053008875931847485,0.5355944375776003,7130,0.20511100391609252,31.17,31.44,QQQ,call,2026-12-18,mid,short,740.745,20738416.014779188,20738416.014779188,0.5744216970752413,31.305,0.0
745.0,2026,12,18,P,0.0053008875931847485,-0.4644055624223998,3098,0.20067337629190848,27.63,27.82,QQQ,put,2026-12-18,mid,short,740.745,-9010885.38762776,9010885.38762776,0.5744216970752413,27.725,0.0
745.0,2026,12,31,C,0.005002429787688894,0.5412005659961038,4536,0.20197992234930495,33.32,33.8,QQQ,call,2026-12-31,mid,short,740.745,12450635.097094372,12450635.097094372,0.5744216970752413,33.56,0.0
745.0,2026,12,31,P,0.005002429787688894,-0.4587994340038962,1358,0.2016496621511861,29.32,29.57,QQQ,put,2026-12-31,mid,short,740.745,-3727504.951907883,3727504.951907883,0.5744216970752413,29.445,0.0
745.0,2027,1,15,C,0.00457389437945325,0.5470599798325331,2243,0.2063790239569589,36.89,37.22,QQQ,call,2027-01-15,mid,short,740.745,5629280.150766205,5629280.150766205,0.5744216970752413,37.055,0.0
745.0,2027,1,15,P,0.00457389437945325,-0.452940020167467,624,0.2043187579517036,31.39,31.61,QQQ,put,2027-01-15,mid,short,740.745,-1566059.2126964384,1566059.2126964384,0.5744216970752413,31.5,0.0
745.0,2027,2,19,C,0.003897753078067503,0.5586461988097873,275,0.21132698185390109,44.04,44.47,QQQ,call,2027-02-19,mid,short,740.745,588145.0881471122,588145.0881471122,0.5744216970752413,44.254999999999995,0.0
745.0,2027,2,19,P,0.003897753078067503,-0.44135380119021267,327,0.20864200084779377,35.56,36.0,QQQ,put,2027-02-19,mid,short,740.745,-699357.9775422023,699357.9775422023,0.5744216970752413,35.78,0.0
745.0,2027,3,19,C,0.003475890492932565,0.5664311103338314,3315,0.21710333535443152,49.87,50.31,QQQ,call,2027-03-19,mid,short,740.745,6322474.345178455,6322474.345178455,0.5744216970752413,50.09,0.0
745.0,2027,3,19,P,0.003475890492932565,-0.4335688896661686,4408,0.21365755334330444,38.95,39.31,QQQ,put,2027-03-19,mid,short,740.745,-8407079.008611351,8407079.008611351,0.5744216970752413,39.13,0.0
745.0,2027,3,31,C,0.003404563749658151,0.5696520109013987,1916,0.21070690404866538,50.47,52.42,QQQ,call,2027-03-31,mid,short,740.745,3579269.7726849653,3579269.7726849653,0.5744216970752413,51.445,0.0
745.0,2027,3,31,P,0.003404563749658151,-0.43034798909860134,124,0.21016958934749502,39.18,40.77,QQQ,put,2027-03-31,mid,short,740.745,-231643.76399422527,231643.76399422527,0.5744216970752413,39.975,0.0
745.0,2027,6,17,C,0.002636215011809831,0.5866007772746813,3678,0.2266526460735159,65.85,68.67,QQQ,call,2027-06-17,mid,short,740.745,5320225.140051297,5320225.140051297,0.5744216970752413,67.25999999999999,0.0
745.0,2027,6,17,P,0.002636215011809831,-0.4133992227253187,599,0.22340871311043722,47.66,48.94,QQQ,put,2027-06-17,mid,short,740.745,-866453.1970882888,866453.1970882888,0.5744216970752413,48.3,0.0
745.0,2027,6,30,C,0.002572341875575754,0.5891663616488445,58,0.2250140577790351,67.3,70.95,QQQ,call,2027-06-30,mid,short,740.745,81864.22197001787,81864.22197001787,0.5744216970752413,69.125,0.0
745.0,2027,6,30,P,0.002572341875575754,-0.41083363835115544,69,0.22215615831206284,48.16,50.55,QQQ,put,2027-06-30,mid,short,740.745,-97390.19510226262,97390.19510226262,0.5744216970752413,49.355,0.0
745.0,2027,9,17,C,0.002189550982925466,0.6030255170545399,2029,0.23232976773923555,80.03,83.84,QQQ,call,2027-09-17,mid,short,740.745,2437668.057278746,2437668.057278746,0.5744216970752413,81.935,0.0
745.0,2027,9,17,P,0.002189550982925466,-0.3969744829454601,607,0.22881880878584143,54.39,56.62,QQQ,put,2027-09-17,mid,short,740.745,-729258.0141785109,729258.0141785109,0.5744216970752413,55.504999999999995,0.0
745.0,2027,12,17,C,0.0019018029953962123,0.6168310711515693,847,0.2355461639248546,92.51,97.5,QQQ,call,2027-12-17,mid,short,740.745,883865.932326983,883865.932326983,0.5744216970752413,95.005,0.0
745.0,2027,12,17,P,0.0019018029953962123,-0.3831689288484307,829,0.22995730871501183,59.0,63.96,QQQ,put,2027-12-17,mid,short,740.745,-865082.4768584047,865082.4768584047,0.5744216970752413,61.480000000000004,0.0
745.0,2028,1,21,C,0.0018311657428503442,0.6217705284004728,190,0.2350626288118968,96.56,101.5,QQQ,call,2028-01-21,mid,short,740.745,190905.6198903795,190905.6198903795,0.5744216970752413,99.03,0.0
745.0,2028,1,21,P,0.0018311657428503442,-0.37822947159952724,222,0.23016189907365173,60.5,65.5,QQQ,put,2028-01-21,mid,short,740.745,-223058.14534560134,223058.14534560134,0.5744216970752413,63.0,0.0
745.0,2028,6,16,C,0.0015337714808747866,0.6399204601684445,253,0.24302434183321314,116.0,121.0,QQQ,call,2028-06-16,mid,short,740.745,212921.06841277052,212921.06841277052,0.5744216970752413,118.5,0.0
745.0,2028,6,16,P,0.0015337714808747866,-0.3600795398315555,13,0.2368609431184087,68.0,72.5,QQQ,put,2028-06-16,mid,short,740.745,-10940.608258363705,10940.608258363705,0.5744216970752413,70.25,0.0
745.0,2028,12,15,C,0.0013021017243846486,0.6591881606154539,82,0.24814065798561158,137.0,142.0,QQQ,call,2028-12-15,mid,short,740.745,58586.32059533467,58586.32059533467,0.5744216970752413,139.5,0.0
745.0,2028,12,15,P,0.0013021017243846486,-0.3408118393845461,328,0.24192715961132116,75.0,80.0,QQQ,put,2028-12-15,mid,short,740.745,-234345.28238133868,234345.28238133868,0.5744216970752413,77.5,0.0
745.0,2029,1,19,C,0.0012733864139480259,0.6626365647879938,4,0.2481879452848523,140.5,145.0,QQQ,call,2029-01-19,mid,short,740.745,2794.8445715970097,2794.8445715970097,0.5744216970752413,142.75,0.0
745.0,2029,1,19,P,0.0012733864139480259,-0.3373634352120062,0,0.2423415377070694,76.0,81.0,QQQ,put,2029-01-19,mid,short,740.745,-0.0,0.0,0.5744216970752413,78.5,0.0
746.0,2026,9,22,C,0.044734947037564254,0.21832727542080502,65,0.16820751358544286,0.8,0.84,QQQ,call,2026-09-22,mid,short,740.745,1595503.427660206,1595503.427660206,0.7094209208297046,0.8200000000000001,17642.0
746.0,2026,9,22,P,0.044734947037564254,-0.781672724579195,0,0.11653570176189629,5.46,5.66,QQQ,put,2026-09-22,mid,short,740.745,-0.0,0.0,0.7094209208297046,5.5600000000000005,0.0
746.0,2026,9,23,C,0.03806843687924466,0.28757075473262744,97,0.16226803356329833,1.58,1.62,QQQ,call,2026-09-23,mid,short,740.745,2026162.3279836262,2026162.3279836262,0.7094209208297046,1.6,0.0
746.0,2026,9,23,P,0.03806843687924466,-0.7124292452673726,0,0.13331575759560552,6.15,6.45,QQQ,put,2026-09-23,mid,short,740.745,-0.0,0.0,0.7094209208297046,6.300000000000001,0.0
746.0,2026,9,24,C,0.032658608037697955,0.3287009776754826,138,0.16362447714335224,2.34,2.4,QQQ,call,2026-09-24,mid,short,740.745,2472943.615123338,2472943.615123338,0.7094209208297046,2.37,0.0
746.0,2026,9,24,P,0.032658608037697955,-0.6712990223245174,0,0.1452471914554371,6.91,7.12,QQQ,put,2026-09-24,mid,short,740.745,-0.0,0.0,0.7094209208297046,7.015000000000001,0.0
746.0,2026,9,25,C,0.02852344019097646,0.3568893189151493,849,0.1677683544309935,3.11,3.16,QQQ,call,2026-09-25,mid,short,740.745,13287615.479587367,13287615.479587367,0.7094209208297046,3.135,0.0
746.0,2026,9,25,P,0.02852344019097646,-0.6431106810848507,2,0.1496892740789846,7.52,7.72,QQQ,put,2026-09-25,mid,short,740.745,-31301.803249911347,31301.803249911347,0.7094209208297046,7.619999999999999,0.0
746.0,2026,9,28,C,0.025376831233638437,0.38189060933613356,48,0.1457169590876233,3.93,3.99,QQQ,call,2026-09-28,mid,short,740.745,668368.67339685,668368.67339685,0.7094209208297046,3.96,0.0
746.0,2026,9,28,P,0.025376831233638437,-0.6181093906638664,0,0.13614540421772178,8.24,8.46,QQQ,put,2026-09-28,mid,short,740.745,-0.0,0.0,0.7094209208297046,8.350000000000001,0.0
746.0,2026,9,29,C,0.023050316768341777,0.3962449088055253,25,0.15150666260016638,4.6,4.68,QQQ,call,2026-09-29,mid,short,740.745,316194.5383778699,316194.5383778699,0.7094209208297046,4.64,0.0
746.0,2026,9,29,P,0.023050316768341777,-0.6037550911944747,0,0.1426971248500655,8.83,9.04,QQQ,put,2026-09-29,mid,short,740.745,-0.0,0.0,0.7094209208297046,8.934999999999999,0.0
746.0,2026,9,30,C,0.020675407607317706,0.4102449683411806,540,0.1610073097060676,5.45,5.51,QQQ,call,2026-09-30,mid,short,740.745,6126117.14820408,6126117.14820408,0.7094209208297046,5.48,0.0
746.0,2026,9,30,P,0.020675407607317706,-0.5897550316588194,19,0.15237675442045343,9.58,9.82,QQQ,put,2026-09-30,mid,short,740.745,-215548.56632569912,215548.56632569912,0.7094209208297046,9.7,0.0
746.0,2026,10,1,C,0.01913340660465258,0.4196332911375587,0,0.16565573955553,6.1,6.19,QQQ,call,2026-10-01,mid,short,740.745,0.0,0.0,0.7094209208297046,6.145,0.0
746.0,2026,10,1,P,0.01913340660465258,-0.5803667088624413,0,0.15733909869523205,10.14,10.37,QQQ,put,2026-10-01,mid,short,740.745,-0.0,0.0,0.7094209208297046,10.254999999999999,0.0
746.0,2026,10,2,C,0.017531504263697477,0.42903356311951935,668,0.17355734310758447,6.92,6.98,QQQ,call,2026-10-02,mid,short,740.745,6425887.25681913,6425887.25681913,0.7094209208297046,6.95,0.0
746.0,2026,10,2,P,0.017531504263697477,-0.5709664368804807,0,0.16311998551939655,10.75,10.97,QQQ,put,2026-10-02,mid,short,740.745,-0.0,0.0,0.7094209208297046,10.86,0.0
746.0,2026,10,9,C,0.013915308751131717,0.45489524660846614,596,0.17224913700454017,9.54,9.66,QQQ,call,2026-10-09,mid,short,740.745,4550682.793676207,4550682.793676207,0.7094209208297046,9.6,0.0
746.0,2026,10,9,P,0.013915308751131717,-0.5451047533915339,8,0.16526964379066741,12.87,12.98,QQQ,put,2026-10-09,mid,short,740.745,-61082.990519143714,61082.990519143714,0.7094209208297046,12.925,0.0
746.0,2026,10,16,C,0.011678666802924084,0.4716509665693322,1634,0.17517913768809332,12.03,12.12,QQQ,call,2026-10-16,mid,short,740.745,10470870.238922788,10470870.238922788,0.7094209208297046,12.075,0.0
746.0,2026,10,16,P,0.011678666802924084,-0.5283490334306677,11,0.1691638682856456,14.78,14.95,QQQ,put,2026-10-16,mid,short,740.745,-70489.33453375193,70489.33453375193,0.7094209208297046,14.864999999999998,0.0
746.0,2026,10,23,C,0.010135233202839523,0.4838287698669183,70,0.17817342590227872,14.33,14.53,QQQ,call,2026-10-23,mid,short,740.745,389286.4104718528,389286.4104718528,0.7094209208297046,14.43,0.0
746.0,2026,10,23,P,0.010135233202839523,-0.5161712301330816,0,0.1732149784405971,16.54,16.74,QQQ,put,2026-10-23,mid,short,740.745,-0.0,0.0,0.7094209208297046,16.64,0.0
746.0,2026,10,30,C,0.008767736003145794,0.4940958395409572,84,0.18639600596275624,17.01,17.3,QQQ,call,2026-10-30,mid,short,740.745,404114.29021759995,404114.29021759995,0.7094209208297046,17.155,0.0
746.0,2026,10,30,P,0.008767736003145794,-0.5059041604590429,2,0.1817014488982784,18.63,18.86,QQQ,put,2026-10-30,mid,short,740.745,-9621.768814704761,9621.768814704761,0.7094209208297046,18.744999999999997,0.0
746.0,2026,11,30,C,0.006254332757513508,0.5199608699811303,24,0.19497547783642255,25.45,25.8,QQQ,call,2026-11-30,mid,short,740.745,82362.53079897289,82362.53079897289,0.7094209208297046,25.625,0.0
746.0,2026,11,30,P,0.006254332757513508,-0.48003913001886966,0,0.19195310539498753,24.61,24.92,QQQ,put,2026-11-30,mid,short,740.745,-0.0,0.0,0.7094209208297046,24.765,0.0
747.0,2026,9,22,C,0.03929642155818022,0.17864093645495863,69,0.169418024002531,0.62,0.66,QQQ,call,2026-09-22,mid,short,740.745,1487782.863821448,1487782.863821448,0.8444201445841679,0.64,12546.0
747.0,2026,9,22,P,0.03929642155818022,-0.8213590635450414,0,0.10072690140043218,6.27,6.49,QQQ,put,2026-09-22,mid,short,740.745,-0.0,0.0,0.8444201445841679,6.38,0.0
747.0,2026,9,23,C,0.03559083252122851,0.2506401162919178,75,0.1619072822257404,1.31,1.35,QQQ,call,2026-09-23,mid,short,740.745,1464660.1570773344,1464660.1570773344,0.8444201445841679,1.33,0.0
747.0,2026,9,23,P,0.03559083252122851,-0.7493598837080822,0,0.12285855956990463,6.77,7.15,QQQ,put,2026-09-23,mid,short,740.745,-0.0,0.0,0.8444201445841679,6.96,0.0
747.0,2026,9,24,C,0.03136231684813334,0.29609382180309,43,0.16302261441116034,2.02,2.07,QQQ,call,2026-09-24,mid,short,740.745,739969.8947489726,739969.8947489726,0.8444201445841679,2.045,0.0
747.0,2026,9,24,P,0.03136231684813334,-0.70390617819691,0,0.14366799088203133,7.59,7.79,QQQ,put,2026-09-24,mid,short,740.745,-0.0,0.0,0.8444201445841679,7.6899999999999995,0.0
747.0,2026,9,25,C,0.027818689899212608,0.32780651568886254,411,0.16653611047125252,2.74,2.79,QQQ,call,2026-09-25,mid,short,740.745,6273587.398623982,6273587.398623982,0.8444201445841679,2.765,0.0
747.0,2026,9,25,P,0.027818689899212608,-0.6721934843111375,0,0.14741999000251316,8.14,8.36,QQQ,put,2026-09-25,mid,short,740.745,-0.0,0.0,0.8444201445841679,8.25,0.0
747.0,2026,9,28,C,0.024952049968380158,0.3561076571524755,21,0.14469184005762945,3.53,3.6,QQQ,call,2026-09-28,mid,short,740.745,287516.6393818246,287516.6393818246,0.8444201445841679,3.565,0.0
747.0,2026,9,28,P,0.024952049968380158,-0.6438923428475245,0,0.1348968602245823,8.84,9.07,QQQ,put,2026-09-28,mid,short,740.745,-0.0,0.0,0.8444201445841679,8.955,0.0
747.0,2026,9,29,C,0.022778125156641647,0.37275239233136764,1,0.15066913382492544,4.19,4.26,QQQ,call,2026-09-29,mid,short,740.745,12498.429139003596,12498.429139003596,0.8444201445841679,4.225,0.0
747.0,2026,9,29,P,0.022778125156641647,-0.6272476076686324,0,0.1417074994300931,9.42,9.65,QQQ,put,2026-09-29,mid,short,740.745,-0.0,0.0,0.8444201445841679,9.535,0.0
747.0,2026,9,30,C,0.0204921730443794,0.3892881215699671,1227,0.16032275030612575,5.03,5.08,QQQ,call,2026-09-30,mid,short,740.745,13796535.24339785,13796535.24339785,0.8444201445841679,5.055,0.0
747.0,2026,9,30,P,0.0204921730443794,-0.6107118784300329,270,0.15158642196029481,10.16,10.39,QQQ,put,2026-09-30,mid,short,740.745,-3035912.4007476945,3035912.4007476945,0.8444201445841679,10.275,0.0
747.0,2026,10,1,C,0.019015165638846927,0.40018593007910497,51,0.16478065258173863,5.66,5.75,QQQ,call,2026-10-01,mid,short,740.745,532117.7503472723,532117.7503472723,0.8444201445841679,5.705,0.0
747.0,2026,10,1,P,0.019015165638846927,-0.599814069920895,0,0.15638493779206614,10.7,10.94,QQQ,put,2026-10-01,mid,short,740.745,-0.0,0.0,0.8444201445841679,10.82,0.0
747.0,2026,10,2,C,0.01745527693898856,0.4112352154732292,213,0.17271407924802437,6.47,6.53,QQQ,call,2026-10-02,mid,short,740.745,2040064.0575189854,2040064.0575189854,0.8444201445841679,6.5,0.0
747.0,2026,10,2,P,0.01745527693898856,-0.5887647845267707,0,0.1619962000007572,11.29,11.53,QQQ,put,2026-10-02,mid,short,740.745,-0.0,0.0,0.8444201445841679,11.41,0.0
747.0,2026,10,9,C,0.013921966665216074,0.440735376277166,155,0.1713508132124558,9.05,9.17,QQQ,call,2026-10-09,mid,short,740.745,1184049.1901703253,1184049.1901703253,0.8444201445841679,9.11,0.0
747.0,2026,10,9,P,0.013921966665216074,-0.559264623722834,0,0.1639038860681116,13.35,13.53,QQQ,put,2026-10-09,mid,short,740.745,-0.0,0.0,0.8444201445841679,13.44,0.0
747.0,2026,10,16,C,0.011703794878604191,0.45980188286013757,2604,0.17422107599193914,11.51,11.62,QQQ,call,2026-10-16,mid,short,740.745,16722651.493407069,16722651.493407069,0.8444201445841679,11.565,0.0
747.0,2026,10,16,P,0.011703794878604191,-0.5401981171398624,219,0.16848509657321448,15.28,15.42,QQQ,put,2026-10-16,mid,short,740.745,-1406398.1094685672,1406398.1094685672,0.8444201445841679,15.35,0.0
747.0,2026,10,23,C,0.010156348030529108,0.4736144944738182,116,0.17755435635248965,13.82,14.02,QQQ,call,2026-10-23,mid,short,740.745,646447.1441144588,646447.1441144588,0.8444201445841679,13.92,0.0
747.0,2026,10,23,P,0.010156348030529108,-0.5263855055261818,0,0.17262879768796,17.03,17.24,QQQ,put,2026-10-23,mid,short,740.745,-0.0,0.0,0.8444201445841679,17.134999999999998,0.0
747.0,2026,10,30,C,0.008790200473852896,0.4852753584992841,36,0.1858077773383695,16.49,16.78,QQQ,call,2026-10-30,mid,short,740.745,173635.58639899205,173635.58639899205,0.8444201445841679,16.634999999999998,0.0
747.0,2026,10,30,P,0.008790200473852896,-0.5147246415007158,0,0.1812580773797022,19.12,19.35,QQQ,put,2026-10-30,mid,short,740.745,-0.0,0.0,0.8444201445841679,19.235,0.0
747.0,2026,11,30,C,0.0062773000930705465,0.513690979294104,12,0.1943492661812505,24.89,25.25,QQQ,call,2026-11-30,mid,short,740.745,41332.49239327842,41332.49239327842,0.8444201445841679,25.07,0.0
747.0,2026,11,30,P,0.0062773000930705465,-0.48630902070589593,0,0.19154258035843968,25.07,25.38,QQQ,put,2026-11-30,mid,short,740.745,-0.0,0.0,0.8444201445841679,25.225,0.0
748.0,2026,9,22,C,0.03393352123361143,0.14525063344612815,181,0.17115912018654836,0.48,0.52,QQQ,call,2026-09-22,mid,short,740.745,3370116.859320267,3370116.859320267,0.9794193683386314,0.5,26025.0
748.0,2026,9,22,P,0.03393352123361143,-0.8547493665538719,0,0.16373505164096294,6.98,7.59,QQQ,put,2026-09-22,mid,short,740.745,-0.0,0.0,0.9794193683386314,7.285,0.0
748.0,2026,9,23,C,0.0328099275623711,0.21714068913251924,182,0.16241603043994857,1.09,1.12,QQQ,call,2026-09-23,mid,short,740.745,3276529.7600698806,3276529.7600698806,0.9794193683386314,1.105,0.0
748.0,2026,9,23,P,0.0328099275623711,-0.7828593108674807,0,0.1175536537990448,7.54,7.96,QQQ,put,2026-09-23,mid,short,740.745,-0.0,0.0,0.9794193683386314,7.75,0.0
748.0,2026,9,24,C,0.029837402758787823,0.26495904922868835,322,0.16231403206151646,1.73,1.78,QQQ,call,2026-09-24,mid,short,740.745,5271744.404142523,5271744.404142523,0.9794193683386314,1.755,0.0
748.0,2026,9,24,P,0.029837402758787823,-0.7350409507713116,0,0.1327822631318151,8.12,8.53,QQQ,put,2026-09-24,mid,short,740.745,-0.0,0.0,0.9794193683386314,8.325,0.0
748.0,2026,9,25,C,0.02690408788581786,0.29980397431160954,4705,0.16567996067413823,2.41,2.46,QQQ,call,2026-09-25,mid,short,740.745,69456893.94781536,69456893.94781536,0.9794193683386314,2.435,0.0
748.0,2026,9,25,P,0.02690408788581786,-0.7001960256883905,21,0.14570077213114505,8.81,9.03,QQQ,put,2026-09-25,mid,short,740.745,-310009.51602638094,310009.51602638094,0.9794193683386314,8.92,0.0
748.0,2026,9,28,C,0.024399195810590066,0.3308163651394586,16,0.14402645888987997,3.17,3.23,QQQ,call,2026-09-28,mid,short,740.745,214206.65154149648,214206.65154149648,0.9794193683386314,3.2,0.0
748.0,2026,9,28,P,0.024399195810590066,-0.6691836348605413,0,0.13395107921421834,9.48,9.72,QQQ,put,2026-09-28,mid,short,740.745,-0.0,0.0,0.9794193683386314,9.600000000000001,0.0
748.0,2026,9,29,C,0.02238497703532828,0.3497433121003427,89,0.14998233276765174,3.81,3.88,QQQ,call,2026-09-29,mid,short,740.745,1093160.9696757651,1093160.9696757651,0.9794193683386314,3.8449999999999998,0.0
748.0,2026,9,29,P,0.02238497703532828,-0.6502566878996573,0,0.14082762113651448,10.04,10.27,QQQ,put,2026-09-29,mid,short,740.745,-0.0,0.0,0.9794193683386314,10.155,0.0
748.0,2026,9,30,C,0.02027663537079803,0.3682567294313271,628,0.15892780473639204,4.6,4.68,QQQ,call,2026-09-30,mid,short,740.745,6987036.187183989,6987036.187183989,0.9794193683386314,4.64,0.0
748.0,2026,9,30,P,0.02027663537079803,-0.631743270568673,9,0.15073946604097443,10.76,10.99,QQQ,put,2026-09-30,mid,short,740.745,-100132.6842112355,100132.6842112355,0.9794193683386314,10.875,0.0
748.0,2026,10,1,C,0.01883668085076204,0.380894765113663,0,0.16412306745333616,5.25,5.33,QQQ,call,2026-10-01,mid,short,740.745,0.0,0.0,0.9794193683386314,5.29,0.0
748.0,2026,10,1,P,0.01883668085076204,-0.6191052348863371,0,0.1556246173499201,11.29,11.52,QQQ,put,2026-10-01,mid,short,740.745,-0.0,0.0,0.9794193683386314,11.405,0.0
748.0,2026,10,2,C,0.01733828514288274,0.39349783167780494,486,0.1719096973627617,6.04,6.1,QQQ,call,2026-10-02,mid,short,740.745,4623595.875662701,4623595.875662701,0.9794193683386314,6.07,0.0
748.0,2026,10,2,P,0.01733828514288274,-0.6065021683221951,1,0.16108395755404953,11.86,12.11,QQQ,put,2026-10-02,mid,short,740.745,-9513.57176062284,9513.57176062284,0.9794193683386314,11.985,0.0
748.0,2026,10,9,C,0.013891413763955794,0.4266474538766711,159,0.170694605664578,8.59,8.71,QQQ,call,2026-10-09,mid,short,740.745,1211939.7470464006,1211939.7470464006,0.9794193683386314,8.65,0.0
748.0,2026,10,9,P,0.013891413763955794,-0.5733525461233289,25,0.16323069845075938,13.89,14.07,QQQ,put,2026-10-09,mid,short,740.745,-190556.56400100642,190556.56400100642,0.9794193683386314,13.98,0.0
748.0,2026,10,16,C,0.011715778546400065,0.4479086699481972,1365,0.17375862663731528,11.04,11.1,QQQ,call,2026-10-16,mid,short,740.745,8774881.549958056,8774881.549958056,0.9794193683386314,11.07,0.0
748.0,2026,10,16,P,0.011715778546400065,-0.5520913300518028,421,0.1673849313625486,15.76,16.01,QQQ,put,2026-10-16,mid,short,740.745,-2706392.0384852327,2706392.0384852327,0.9794193683386314,15.885000000000002,0.0
748.0,2026,10,23,C,0.010174149451024857,0.4633414998762832,135,0.17693257597066353,13.32,13.51,QQQ,call,2026-10-23,mid,short,740.745,753649.3669688834,753649.3669688834,0.9794193683386314,13.415,0.0
748.0,2026,10,23,P,0.010174149451024857,-0.5366585001237167,0,0.17215141658589175,17.54,17.74,QQQ,put,2026-10-23,mid,short,740.745,-0.0,0.0,0.9794193683386314,17.64,0.0
748.0,2026,10,30,C,0.008827297667705833,0.4763154651915226,49,0.18533562087239677,15.99,16.18,QQQ,call,2026-10-30,mid,short,740.745,237334.73795013572,237334.73795013572,0.9794193683386314,16.085,0.0
748.0,2026,10,30,P,0.008827297667705833,-0.5236845348084773,0,0.18072125868661187,19.61,19.84,QQQ,put,2026-10-30,mid,short,740.745,-0.0,0.0,0.9794193683386314,19.725,0.0
748.0,2026,11,30,C,0.006297882457417532,0.5073926679902104,106,0.19383021681822615,24.35,24.7,QQQ,call,2026-11-30,mid,short,740.745,366300.8052823296,366300.8052823296,0.9794193683386314,24.525,0.0
748.0,2026,11,30,P,0.006297882457417532,-0.49260733200978957,109,0.19100649649532792,25.52,25.84,QQQ,put,2026-11-30,mid,short,740.745,-376667.80920541444,376667.80920541444,0.9794193683386314,25.68,0.0
749.0,2026,9,22,C,0.028756411679026924,0.11469117330737305,65,0.1730898452383564,0.37,0.38,QQQ,call,2026-09-22,mid,short,740.745,1025617.6980061888,1025617.6980061888,1.114418592093095,0.375,8630.0
749.0,2026,9,22,P,0.028756411679026924,-0.885308826692627,0,0.1890711337758387,7.83,8.67,QQQ,put,2026-09-22,mid,short,740.745,-0.0,0.0,1.114418592093095,8.25,0.0
749.0,2026,9,23,C,0.02990417099849022,0.18639325441086585,352,0.16218469515770023,0.89,0.93,QQQ,call,2026-09-23,mid,short,740.745,5775796.567298098,5775796.567298098,1.114418592093095,0.91,0.0
749.0,2026,9,23,P,0.02990417099849022,-0.8136067455891342,0,0.10916344141866328,8.34,8.77,QQQ,put,2026-09-23,mid,short,740.745,-0.0,0.0,1.114418592093095,8.555,0.0
749.0,2026,9,24,C,0.02811678480008997,0.23566725984165154,426,0.16203384786289154,1.48,1.52,QQQ,call,2026-09-24,mid,short,740.745,6572229.393340509,6572229.393340509,1.114418592093095,1.5,0.0
749.0,2026,9,24,P,0.02811678480008997,-0.7643327401583484,0,0.12997833310089146,8.87,9.29,QQQ,put,2026-09-24,mid,short,740.745,-0.0,0.0,1.114418592093095,9.079999999999998,0.0
749.0,2026,9,25,C,0.02584089396073047,0.27280044636769324,880,0.1648865794371399,2.11,2.16,QQQ,call,2026-09-25,mid,short,740.745,12477502.439528964,12477502.439528964,1.114418592093095,2.135,0.0
749.0,2026,9,25,P,0.02584089396073047,-0.7271995536323068,148,0.14217140580537307,9.47,9.9,QQQ,put,2026-09-25,mid,short,740.745,-2098489.0466480535,2098489.0466480535,1.114418592093095,9.685,0.0
749.0,2026,9,28,C,0.02372420829094809,0.30620282150548567,3,0.14320782270758123,2.83,2.9,QQQ,call,2026-09-28,mid,short,740.745,39052.64381914044,39052.64381914044,1.114418592093095,2.865,0.0
749.0,2026,9,28,P,0.02372420829094809,-0.6937971784945143,0,0.1327820534788754,10.14,10.38,QQQ,put,2026-09-28,mid,short,740.745,-0.0,0.0,1.114418592093095,10.260000000000002,0.0
749.0,2026,9,29,C,0.021920956499464496,0.3270133128975478,10,0.1492101353502247,3.45,3.52,QQQ,call,2026-09-29,mid,short,740.745,120280.9799242195,120280.9799242195,1.114418592093095,3.4850000000000003,0.0
749.0,2026,9,29,P,0.021920956499464496,-0.6729866871024521,0,0.13981541975261058,10.68,10.92,QQQ,put,2026-09-29,mid,short,740.745,-0.0,0.0,1.114418592093095,10.8,0.0
749.0,2026,9,30,C,0.01992834487586666,0.34801161316769696,552,0.15887751733716574,4.25,4.3,QQQ,call,2026-09-30,mid,short,740.745,6035979.63071351,6035979.63071351,1.114418592093095,4.275,0.0
749.0,2026,9,30,P,0.01992834487586666,-0.6519883868323031,6,0.14983513920950955,11.38,11.62,QQQ,put,2026-09-30,mid,short,740.745,-65608.47424688598,65608.47424688598,1.114418592093095,11.5,0.0
749.0,2026,10,1,C,0.018609569689036674,0.36175672796945313,2,0.16325880458459013,4.85,4.94,QQQ,call,2026-10-01,mid,short,740.745,20422.259204064063,20422.259204064063,1.114418592093095,4.895,0.0
749.0,2026,10,1,P,0.018609569689036674,-0.6382432720305469,0,0.15484980769024403,11.9,12.13,QQQ,put,2026-10-01,mid,short,740.745,-0.0,0.0,1.114418592093095,12.015,0.0
749.0,2026,10,2,C,0.017180588538420687,0.3758720545508946,120,0.17114555177532156,5.63,5.69,QQQ,call,2026-10-02,mid,short,740.745,1131245.1763461342,1131245.1763461342,1.114418592093095,5.66,0.0
749.0,2026,10,2,P,0.017180588538420687,-0.6241279454491053,0,0.16039129738405686,12.46,12.71,QQQ,put,2026-10-02,mid,short,740.745,-0.0,0.0,1.114418592093095,12.585,0.0
749.0,2026,10,9,C,0.01384765035714929,0.4125265033565038,118,0.16997193076935388,8.14,8.26,QQQ,call,2026-10-09,mid,short,740.745,896593.4339968042,896593.4339968042,1.114418592093095,8.2,0.0
749.0,2026,10,9,P,0.01384765035714929,-0.5874734966434962,1,0.16201042375642757,14.41,14.68,QQQ,put,2026-10-09,mid,short,740.745,-7598.249440650883,7598.249440650883,1.114418592093095,14.545,0.0
749.0,2026,10,16,C,0.011705864356451604,0.43605089714532114,1514,0.17314173448923095,10.57,10.63,QQQ,call,2026-10-16,mid,short,740.745,9724489.682885047,9724489.682885047,1.114418592093095,10.600000000000001,0.0
749.0,2026,10,16,P,0.011705864356451604,-0.5639491028546788,31,0.1667744918646496,16.29,16.54,QQQ,put,2026-10-16,mid,short,740.745,-199114.3858450703,199114.3858450703,1.114418592093095,16.415,0.0
749.0,2026,10,23,C,0.010182063699302926,0.4530493635036311,150,0.17630737339417138,12.83,13.02,QQQ,call,2026-10-23,mid,short,740.745,838039.5714709557,838039.5714709557,1.114418592093095,12.925,0.0
749.0,2026,10,23,P,0.010182063699302926,-0.5469506364963689,1,0.17166798129232755,18.06,18.26,QQQ,put,2026-10-23,mid,short,740.745,-5586.930476473038,5586.930476473038,1.114418592093095,18.16,0.0
749.0,2026,10,30,C,0.008813259657011317,0.4675887524672424,24,0.18508343183283474,15.52,15.76,QQQ,call,2026-10-30,mid,short,740.745,116060.72111655983,116060.72111655983,1.114418592093095,15.64,0.0
749.0,2026,10,30,P,0.008813259657011317,-0.5324112475327576,1,0.18019408531391987,20.11,20.35,QQQ,put,2026-10-30,mid,short,740.745,-4835.863379856659,4835.863379856659,1.114418592093095,20.23,0.0
749.0,2026,11,30,C,0.00631729378299209,0.5010635282256992,48,0.19318617228803778,23.8,24.17,QQQ,call,2026-11-30,mid,short,740.745,166383.31343748374,166383.31343748374,1.114418592093095,23.985,0.0
749.0,2026,11,30,P,0.00631729378299209,-0.4989364717743007,6,0.19080819458330067,26.02,26.32,QQQ,put,2026-11-30,mid,short,740.745,-20797.914179685467,20797.914179685467,1.114418592093095,26.17,0.0
750.0,2026,9,22,C,0.024107423877669166,0.09164560482362523,1026,0.17450711306614408,0.28,0.3,QQQ,call,2026-09-22,mid,short,740.745,13571742.849273348,13571742.849273348,1.2494178158475584,0.29000000000000004,26263.0
750.0,2026,9,22,P,0.024107423877669166,-0.9083543951763747,0,0.1817537340798886,8.77,9.5,QQQ,put,2026-09-22,mid,short,740.745,-0.0,0.0,1.2494178158475584,9.135,0.0
750.0,2026,9,23,C,0.02694360594043764,0.15931130692061998,257,0.1627164673185637,0.73,0.77,QQQ,call,2026-09-23,mid,short,740.745,3799498.6879279953,3799498.6879279953,1.2494178158475584,0.75,0.0
750.0,2026,9,23,P,0.02694360594043764,-0.84068869307938,1,0.09316708730786173,9.17,9.61,QQQ,put,2026-09-23,mid,short,740.745,-14784.041587268466,14784.041587268466,1.2494178158475584,9.39,0.0
750.0,2026,9,24,C,0.0262458137833412,0.20862039420135514,313,0.16184055098898464,1.26,1.3,QQQ,call,2026-09-24,mid,short,740.745,4507563.339513918,4507563.339513918,1.2494178158475584,1.28,0.0
750.0,2026,9,24,P,0.0262458137833412,-0.7913796057986449,2,0.12583590005937784,9.64,10.09,QQQ,put,2026-09-24,mid,short,740.745,-28802.321658235902,28802.321658235902,1.2494178158475584,9.865,0.0
750.0,2026,9,25,C,0.024644589220639314,0.24702545471362466,4992,0.1642033711228632,1.84,1.89,QQQ,call,2026-09-25,mid,short,740.745,67504638.7874222,67504638.7874222,1.2494178158475584,1.865,0.0
750.0,2026,9,25,P,0.024644589220639314,-0.7529745452863753,21,0.140020560674045,10.2,10.64,QQQ,put,2026-09-25,mid,short,740.745,-283973.84105285787,283973.84105285787,1.2494178158475584,10.42,0.0
750.0,2026,9,28,C,0.02293605593373966,0.28246244327479114,564,0.14281201162392834,2.53,2.59,QQQ,call,2026-09-28,mid,short,740.745,7097988.647635472,7097988.647635472,1.2494178158475584,2.5599999999999996,0.0
750.0,2026,9,28,P,0.02293605593373966,-0.7175375567252089,43,0.13107638649758893,10.81,11.14,QQQ,put,2026-09-28,mid,short,740.745,-541158.7089509313,541158.7089509313,1.2494178158475584,10.975000000000001,0.0
750.0,2026,9,29,C,0.02135956477259972,0.3049431282546372,134,0.14861450945352866,3.12,3.19,QQQ,call,2026-09-29,mid,short,740.745,1570488.1178119662,1570488.1178119662,1.2494178158475584,3.1550000000000002,0.0
750.0,2026,9,29,P,0.02135956477259972,-0.6950568717453628,0,0.1391978175153327,11.36,11.6,QQQ,put,2026-09-29,mid,short,740.745,-0.0,0.0,1.2494178158475584,11.48,0.0
750.0,2026,9,30,C,0.01958532505187388,0.3274807455791202,8131,0.15764481971884903,3.87,3.94,QQQ,call,2026-09-30,mid,short,740.745,87380032.56913505,87380032.56913505,1.2494178158475584,3.9050000000000002,0.0
750.0,2026,9,30,P,0.01958532505187388,-0.6725192544208798,173,0.14911480866545437,12.03,12.27,QQQ,put,2026-09-30,mid,short,740.745,-1859149.629130533,1859149.629130533,1.2494178158475584,12.149999999999999,0.0
750.0,2026,10,1,C,0.018334349891102913,0.34282701293519924,396,0.16262297790213906,4.48,4.56,QQQ,call,2026-10-01,mid,short,740.745,3983805.7897098516,3983805.7897098516,1.2494178158475584,4.52,0.0
750.0,2026,10,1,P,0.018334349891102913,-0.6571729870648008,0,0.15406263806302875,12.53,12.77,QQQ,put,2026-10-01,mid,short,740.745,-0.0,0.0,1.2494178158475584,12.649999999999999,0.0
750.0,2026,10,2,C,0.017009176306308854,0.35814193461856914,1539,0.169799352055592,5.21,5.3,QQQ,call,2026-10-02,mid,short,740.745,14363469.614914494,14363469.614914494,1.2494178158475584,5.255,0.0
750.0,2026,10,2,P,0.017009176306308854,-0.6418580653814309,11,0.15951010047094796,13.07,13.33,QQQ,put,2026-10-02,mid,short,740.745,-102662.87574012957,102662.87574012957,1.2494178158475584,13.2,0.0
750.0,2026,10,5,C,0.01628170350877735,0.3699522197635922,0,0.1590205595537909,5.76,5.85,QQQ,call,2026-10-05,mid,short,740.745,0.0,0.0,1.2494178158475584,5.805,0.0
750.0,2026,10,5,P,0.01628170350877735,-0.6300477802364077,0,0.1176800100154309,11.65,15.48,QQQ,put,2026-10-05,mid,short,740.745,-0.0,0.0,1.2494178158475584,13.565000000000001,0.0
750.0,2026,10,9,C,0.013784481107173044,0.3984267720886234,1259,0.1693382497843189,7.71,7.82,QQQ,call,2026-10-09,mid,short,740.745,9522557.63682544,9522557.63682544,1.2494178158475584,7.765000000000001,0.0
750.0,2026,10,9,P,0.013784481107173044,-0.6015732279113766,59,0.16149200314199863,14.99,15.26,QQQ,put,2026-10-09,mid,short,740.745,-446251.7081594129,446251.7081594129,1.2494178158475584,15.125,0.0
750.0,2026,10,16,C,0.011699541014009466,0.4240629160843655,38453,0.17249946180551098,10.11,10.14,QQQ,call,2026-10-16,mid,short,740.745,246851920.04102185,246851920.04102185,1.2494178158475584,10.125,0.0
750.0,2026,10,16,P,0.011699541014009466,-0.5759370839156345,848,0.1662645277786441,16.84,17.1,QQQ,put,2026-10-16,mid,short,740.745,-5443799.656588213,5443799.656588213,1.2494178158475584,16.97,0.0
750.0,2026,10,23,C,0.010186455259423466,0.442703488141351,516,0.17579358602232636,12.36,12.52,QQQ,call,2026-10-23,mid,short,740.745,2884099.511913197,2884099.511913197,1.2494178158475584,12.44,0.0
750.0,2026,10,23,P,0.010186455259423466,-0.557296511858649,138,0.17060012220817253,18.54,18.79,QQQ,put,2026-10-23,mid,short,740.745,-771328.9392325991,771328.9392325991,1.2494178158475584,18.665,0.0
750.0,2026,10,30,C,0.008842923188871275,0.45852966433669756,4214,0.18453181652250256,15.03,15.18,QQQ,call,2026-10-30,mid,short,740.745,20446917.342132375,20446917.342132375,1.2494178158475584,15.105,0.0
750.0,2026,10,30,P,0.008842923188871275,-0.5414703356633024,578,0.17978032678346964,20.63,20.86,QQQ,put,2026-10-30,mid,short,740.745,-2804536.8352521393,2804536.8352521393,1.2494178158475584,20.744999999999997,0.0
750.0,2026,11,20,C,0.006735252433958729,0.4868072900420258,16905,0.1962540050631405,21.48,21.67,QQQ,call,2026-11-20,mid,short,740.745,62475035.27211213,62475035.27211213,1.2494178158475584,21.575000000000003,0.0
750.0,2026,11,20,P,0.006735252433958729,-0.5131927099579743,1070,0.19219444214249412,25.33,25.55,QQQ,put,2026-11-20,mid,short,740.745,-3954350.0586311724,3954350.0586311724,1.2494178158475584,25.439999999999998,0.0
750.0,2026,11,30,C,0.006329221574072685,0.4947429567915909,12597,0.1929576177012731,23.31,23.64,QQQ,call,2026-11-30,mid,short,740.745,43747665.8749397,43747665.8749397,1.2494178158475584,23.475,0.0
750.0,2026,11,30,P,0.006329221574072685,-0.5052570432084091,30,0.1901749256686503,26.47,26.8,QQQ,put,2026-11-30,mid,short,740.745,-104185.91539637937,104185.91539637937,1.2494178158475584,26.634999999999998,0.0
750.0,2026,12,18,C,0.005386113485044865,0.5088920495232716,19752,0.20268343983854936,28.43,28.68,QQQ,call,2026-12-18,mid,short,740.745,58374615.64061974,58374615.64061974,1.2494178158475584,28.555,0.0
750.0,2026,12,18,P,0.005386113485044865,-0.49110795047672845,8804,0.1988000398967746,29.92,30.15,QQQ,put,2026-12-18,mid,short,740.745,-26019143.180438247,26019143.180438247,1.2494178158475584,30.035,0.0
750.0,2026,12,31,C,0.00508492584207501,0.5160401854929411,1874,0.19975759770589427,30.57,31.0,QQQ,call,2026-12-31,mid,short,740.745,5228675.233799972,5228675.233799972,1.2494178158475584,30.785,0.0
750.0,2026,12,31,P,0.00508492584207501,-0.483959814507059,16665,0.19997634171324513,31.6,31.99,QQQ,put,2026-12-31,mid,short,740.745,-46497264.0188242,46497264.0188242,1.2494178158475584,31.795,0.0
750.0,2027,1,15,C,0.00464611889811899,0.5241002171671681,9290,0.20424731387158382,34.12,34.44,QQQ,call,2027-01-15,mid,short,740.745,23683369.51059806,23683369.51059806,1.2494178158475584,34.28,0.0
750.0,2027,1,15,P,0.00464611889811899,-0.47589978283283185,1681,0.20281808079804073,33.66,33.86,QQQ,put,2027-01-15,mid,short,740.745,-4285440.7047702195,4285440.7047702195,1.2494178158475584,33.76,0.0
750.0,2027,2,19,C,0.003957646316767431,0.5391340129481205,1078,0.2094426191256906,41.25,41.66,QQQ,call,2027-02-19,mid,short,740.745,2340955.7160810623,2340955.7160810623,1.2494178158475584,41.455,0.0
750.0,2027,2,19,P,0.003957646316767431,-0.46086598705187953,236,0.2076307074553433,37.85,38.22,QQQ,put,2027-02-19,mid,short,740.745,-512491.232834073,512491.232834073,1.2494178158475584,38.035,0.0
750.0,2027,3,19,C,0.0035275594000738434,0.5490557666356463,7330,0.21534247708256588,47.07,47.49,QQQ,call,2027-03-19,mid,short,740.745,14187823.18738864,14187823.18738864,1.2494178158475584,47.28,0.0
750.0,2027,3,19,P,0.0035275594000738434,-0.45094423336435374,3072,0.21224574291841214,41.12,41.55,QQQ,put,2027-03-19,mid,short,740.745,-5946110.891085662,5946110.891085662,1.2494178158475584,41.334999999999994,0.0
750.0,2027,3,31,C,0.0033947088731019295,0.5528139025310632,775,0.20901416747115878,47.66,51.21,QQQ,call,2027-03-31,mid,short,740.745,1443582.7885233532,1443582.7885233532,1.2494178158475584,49.435,0.0
750.0,2027,3,31,P,0.0033947088731019295,-0.4471860974689367,117,0.20892202160126794,41.36,42.97,QQQ,put,2027-03-31,mid,short,740.745,-217934.4338802998,217934.4338802998,1.2494178158475584,42.165,0.0
750.0,2027,6,17,C,0.0026732235977401887,0.5734552732242189,9731,0.22505692872706462,63.01,65.82,QQQ,call,2027-06-17,mid,short,740.745,14273491.347910218,14273491.347910218,1.2494178158475584,64.41499999999999,0.0
750.0,2027,6,17,P,0.0026732235977401887,-0.4265447267757812,22673,0.2224180522462622,49.82,51.1,QQQ,put,2027-06-17,mid,short,740.745,-33256897.475199714,33256897.475199714,1.2494178158475584,50.46,0.0
750.0,2027,6,30,C,0.002615768491655571,0.5763352072206926,266,0.22354775908145982,64.48,67.74,QQQ,call,2027-06-30,mid,short,740.745,381784.59283358156,381784.59283358156,1.2494178158475584,66.11,0.0
750.0,2027,6,30,P,0.002615768491655571,-0.42366479277930735,71,0.2215421789582678,50.4,52.77,QQQ,put,2027-06-30,mid,short,740.745,-101904.9101172342,101904.9101172342,1.2494178158475584,51.585,0.0
750.0,2027,9,17,C,0.002218763415387828,0.5921284970557446,1055,0.23087706281436132,77.18,80.99,QQQ,call,2027-09-17,mid,short,740.745,1284401.8230226,1284401.8230226,1.2494178158475584,79.08500000000001,0.0
750.0,2027,9,17,P,0.002218763415387828,-0.40787150294425545,3619,0.22834915702113498,56.62,58.67,QQQ,put,2027-09-17,mid,short,740.745,-4405924.357837714,4405924.357837714,1.2494178158475584,57.644999999999996,0.0
750.0,2027,12,17,C,0.0019279463581314276,0.607380449830946,2496,0.23426291895859738,89.68,94.5,QQQ,call,2027-12-17,mid,short,740.745,2640444.1425664797,2640444.1425664797,1.2494178158475584,92.09,0.0
750.0,2027,12,17,P,0.0019279463581314276,-0.39261955016905403,2840,0.2319080072578438,61.94,63.7,QQQ,put,2027-12-17,mid,short,740.745,-3004351.508368911,3004351.508368911,1.2494178158475584,62.82,0.0
750.0,2028,1,21,C,0.0018529921006586257,0.6126766818585414,1915,0.23464088342387382,94.0,98.5,QQQ,call,2028-01-21,mid,short,740.745,1947062.1017268184,1947062.1017268184,1.2494178158475584,96.25,0.0
750.0,2028,1,21,P,0.0018529921006586257,-0.38732331814145854,483,0.22922662284309914,62.5,67.5,QQQ,put,2028-01-21,mid,short,740.745,-491086.68153214274,491086.68153214274,1.2494178158475584,65.0,0.0
750.0,2028,6,16,C,0.0015553282052719352,0.6323191635512864,834,0.24135256065338198,113.0,118.0,QQQ,call,2028-06-16,mid,short,740.745,711746.8534389562,711746.8534389562,1.2494178158475584,115.5,0.0
750.0,2028,6,16,P,0.0015553282052719352,-0.3676808364487137,1547,0.23614683391689326,70.0,74.5,QQQ,put,2028-06-16,mid,short,740.745,-1320230.6741847303,1320230.6741847303,1.2494178158475584,72.25,0.0
750.0,2028,12,15,C,0.0013198506560397453,0.6527464134859979,337,0.24653373627363312,134.0,139.0,QQQ,call,2028-12-15,mid,short,740.745,244057.49584708785,244057.49584708785,1.2494178158475584,136.5,0.0
750.0,2028,12,15,P,0.0013198506560397453,-0.347253586514002,1993,0.2463020946735458,79.0,82.0,QQQ,put,2028-12-15,mid,short,740.745,-1443342.9947277328,1443342.9947277328,1.2494178158475584,80.5,0.0
750.0,2029,1,19,C,0.0012876647192161899,0.6563284351918444,2,0.24659375939390896,137.5,142.5,QQQ,call,2029-01-19,mid,short,740.745,1413.0913880966086,1413.0913880966086,1.2494178158475584,140.0,0.0
750.0,2029,1,19,P,0.0012876647192161899,-0.34367156480815564,32,0.24306224978431695,78.5,83.0,QQQ,put,2029-01-19,mid,short,740.745,-22609.462209545738,22609.462209545738,1.2494178158475584,80.75,0.0
751.0,2026,9,22,C,0.020027087903103404,0.07309541638924122,85,0.17781813552628198,0.22,0.23,QQQ,call,2026-09-22,mid,short,740.745,934058.7370636471,934058.7370636471,1.3844170396020217,0.225,4096.0
751.0,2026,9,22,P,0.020027087903103404,-0.9269045836107588,0,0.1714235523651619,9.7,10.36,QQQ,put,2026-09-22,mid,short,740.745,-0.0,0.0,1.3844170396020217,10.03,0.0
751.0,2026,9,23,C,0.024047597262821716,0.13585873295008147,0,0.16369378781639587,0.6,0.64,QQQ,call,2026-09-23,mid,short,740.745,0.0,0.0,1.3844170396020217,0.62,0.0
751.0,2026,9,23,P,0.024047597262821716,-0.8641412670499186,1,0.14733260118527028,10.03,10.51,QQQ,put,2026-09-23,mid,short,740.745,-13194.992488880831,13194.992488880831,1.3844170396020217,10.27,0.0
751.0,2026,9,24,C,0.024305886669842947,0.18299098334164324,95,0.161297166926256,1.06,1.1,QQQ,call,2026-09-24,mid,short,740.745,1266988.086635177,1266988.086635177,1.3844170396020217,1.08,0.0
751.0,2026,9,24,P,0.024305886669842947,-0.8170090166583568,0,0.12135286291940735,10.45,10.88,QQQ,put,2026-09-24,mid,short,740.745,-0.0,0.0,1.3844170396020217,10.665,0.0
751.0,2026,9,25,C,0.02331134253124392,0.22333539948311565,792,0.1641311366058,1.61,1.66,QQQ,call,2026-09-25,mid,short,740.745,10130477.69825151,10130477.69825151,1.3844170396020217,1.635,0.0
751.0,2026,9,25,P,0.02331134253124392,-0.7766646005168844,0,0.13770533325975595,10.96,11.42,QQQ,put,2026-09-25,mid,short,740.745,-0.0,0.0,1.3844170396020217,11.190000000000001,0.0
751.0,2026,9,28,C,0.022047138813939732,0.25980020261250464,124,0.1426109877448875,2.26,2.31,QQQ,call,2026-09-28,mid,short,740.745,1500069.4936838758,1500069.4936838758,1.3844170396020217,2.285,0.0
751.0,2026,9,28,P,0.022047138813939732,-0.7401997973874954,1,0.12717345209804845,11.44,11.86,QQQ,put,2026-09-28,mid,short,740.745,-12097.33462648287,12097.33462648287,1.3844170396020217,11.649999999999999,0.0
751.0,2026,9,29,C,0.02070890613993957,0.28371136174400013,51,0.14822479861015278,2.82,2.89,QQQ,call,2026-09-29,mid,short,740.745,579515.1489411733,579515.1489411733,1.3844170396020217,2.855,0.0
751.0,2026,9,29,P,0.02070890613993957,-0.7162886382559999,0,0.13848077760765576,12.06,12.3,QQQ,put,2026-09-29,mid,short,740.745,-0.0,0.0,1.3844170396020217,12.18,0.0
751.0,2026,9,30,C,0.01911926581139397,0.3080678366016778,306,0.15759310525948925,3.56,3.61,QQQ,call,2026-09-30,mid,short,740.745,3210185.2505768877,3210185.2505768877,1.3844170396020217,3.585,0.0
751.0,2026,9,30,P,0.01911926581139397,-0.6919321633983222,63,0.14835276255019358,12.7,12.95,QQQ,put,2026-09-30,mid,short,740.745,-660920.4927658298,660920.4927658298,1.3844170396020217,12.825,0.0
751.0,2026,10,1,C,0.01800213274477023,0.32428386820041155,0,0.16200678616133385,4.13,4.21,QQQ,call,2026-10-01,mid,short,740.745,0.0,0.0,1.3844170396020217,4.17,0.0
751.0,2026,10,1,P,0.01800213274477023,-0.6757161317995884,0,0.15326660638061596,13.18,13.43,QQQ,put,2026-10-01,mid,short,740.745,-0.0,0.0,1.3844170396020217,13.305,0.0
751.0,2026,10,2,C,0.016744838378805246,0.3411654558937224,168,0.16975046804999028,4.87,4.93,QQQ,call,2026-10-02,mid,short,740.745,1543574.8690041364,1543574.8690041364,1.3844170396020217,4.9,0.0
751.0,2026,10,2,P,0.016744838378805246,-0.6588345441062776,0,0.15886125264433507,13.71,13.97,QQQ,put,2026-10-02,mid,short,740.745,-0.0,0.0,1.3844170396020217,13.84,0.0
751.0,2026,10,9,C,0.013690227228196324,0.3844887548024723,338,0.16895513795003192,7.31,7.4,QQQ,call,2026-10-09,mid,short,740.745,2539012.3551147236,2539012.3551147236,1.3844170396020217,7.355,0.0
751.0,2026,10,9,P,0.013690227228196324,-0.6155112451975278,0,0.16105699305840646,15.59,15.85,QQQ,put,2026-10-09,mid,short,740.745,-0.0,0.0,1.3844170396020217,15.719999999999999,0.0
751.0,2026,10,16,C,0.011654166895362366,0.41230774276597826,0,0.17196341504861798,9.67,9.72,QQQ,call,2026-10-16,mid,short,740.745,0.0,0.0,1.3844170396020217,9.695,0.0
751.0,2026,10,16,P,0.011654166895362366,-0.5876922572340217,0,0.16572383982225677,17.4,17.66,QQQ,put,2026-10-16,mid,short,740.745,-0.0,0.0,1.3844170396020217,17.53,0.0
751.0,2026,10,23,C,0.01017753215194062,0.43238585955641956,80,0.17504411217446933,11.88,12.07,QQQ,call,2026-10-23,mid,short,740.745,446755.5201710556,446755.5201710556,1.3844170396020217,11.975000000000001,0.0
751.0,2026,10,23,P,0.01017753215194062,-0.5676141404435804,0,0.17010084022011238,19.08,19.34,QQQ,put,2026-10-23,mid,short,740.745,-0.0,0.0,1.3844170396020217,19.21,0.0
751.0,2026,10,30,C,0.008857849828561982,0.4494925822456983,31,0.18346972481934168,14.5,14.7,QQQ,call,2026-10-30,mid,short,740.745,150670.23457775806,150670.23457775806,1.3844170396020217,14.6,0.0
751.0,2026,10,30,P,0.008857849828561982,-0.5505074177543017,3,0.17927169266880497,21.15,21.39,QQQ,put,2026-10-30,mid,short,740.745,-14580.990443008845,14580.990443008845,1.3844170396020217,21.27,0.0
751.0,2026,11,30,C,0.006347464955440308,0.48835065416276635,93,0.19221723771756413,22.76,23.12,QQQ,call,2026-11-30,mid,short,740.745,323907.2864138468,323907.2864138468,1.3844170396020217,22.94,0.0
751.0,2026,11,30,P,0.006347464955440308,-0.5116493458372336,5,0.19003361842355518,26.99,27.28,QQQ,put,2026-11-30,mid,short,740.745,-17414.370237303592,17414.370237303592,1.3844170396020217,27.134999999999998,0.0
752.0,2026,9,22,C,0.016666590249132796,0.059330193939822584,14,0.18051114623348763,0.17,0.19,QQQ,call,2026-09-22,mid,short,740.745,128030.14914491291,128030.14914491291,1.5194162633564852,0.18,6357.0
752.0,2026,9,22,P,0.016666590249132796,-0.9406698060601775,0,0.2856452821218203,10.46,12.1,QQQ,put,2026-09-22,mid,short,740.745,-0.0,0.0,1.5194162633564852,11.280000000000001,0.0
752.0,2026,9,23,C,0.0212532411550656,0.11449095366448127,0,0.16461148664900246,0.49,0.52,QQQ,call,2026-09-23,mid,short,740.745,0.0,0.0,1.5194162633564852,0.505,0.0
752.0,2026,9,23,P,0.0212532411550656,-0.8855090463355187,0,0.1468638946346589,10.93,11.41,QQQ,put,2026-09-23,mid,short,740.745,-0.0,0.0,1.5194162633564852,11.17,0.0
752.0,2026,9,24,C,0.02230796236717911,0.16071389473207356,60,0.1616609150092769,0.9,0.94,QQQ,call,2026-09-24,mid,short,740.745,734426.9599830088,734426.9599830088,1.5194162633564852,0.9199999999999999,0.0
752.0,2026,9,24,P,0.02230796236717911,-0.8392861052679265,0,0.11460768271685633,11.28,11.72,QQQ,put,2026-09-24,mid,short,740.745,-0.0,0.0,1.5194162633564852,11.5,0.0
752.0,2026,9,25,C,0.02192587844222599,0.20083880197598206,269,0.16392348862171732,1.4,1.45,QQQ,call,2026-09-25,mid,short,740.745,3236284.8443669453,3236284.8443669453,1.5194162633564852,1.4249999999999998,0.0
752.0,2026,9,25,P,0.02192587844222599,-0.799161198024018,6,0.13579976541282132,11.76,12.22,QQQ,put,2026-09-25,mid,short,740.745,-72184.7920676642,72184.7920676642,1.5194162633564852,11.99,0.0
752.0,2026,9,28,C,0.021106954063032906,0.2376812370158188,12,0.14202783737301905,2.0,2.05,QQQ,call,2026-09-28,mid,short,740.745,138977.42744824677,138977.42744824677,1.5194162633564852,2.025,0.0
752.0,2026,9,28,P,0.021106954063032906,-0.7623187629841812,0,0.1257251128773707,12.18,12.61,QQQ,put,2026-09-28,mid,short,740.745,-0.0,0.0,1.5194162633564852,12.395,0.0
752.0,2026,9,29,C,0.020012690694453595,0.2628996032275798,155,0.14780011158470094,2.54,2.6,QQQ,call,2026-09-29,mid,short,740.745,1702059.1113108527,1702059.1113108527,1.5194162633564852,2.5700000000000003,0.0
752.0,2026,9,29,P,0.020012690694453595,-0.7371003967724201,0,0.130337104591359,12.53,13.07,QQQ,put,2026-09-29,mid,short,740.745,-0.0,0.0,1.5194162633564852,12.8,0.0
752.0,2026,9,30,C,0.01863641367534163,0.2886873168468358,131,0.15681680375211632,3.24,3.3,QQQ,call,2026-09-30,mid,short,740.745,1339587.526643442,1339587.526643442,1.5194162633564852,3.27,0.0
752.0,2026,9,30,P,0.01863641367534163,-0.7113126831531642,2,0.14781211097215557,13.4,13.64,QQQ,put,2026-09-30,mid,short,740.745,-20451.717964022017,20451.717964022017,1.5194162633564852,13.52,0.0
752.0,2026,10,1,C,0.017625147041855516,0.306092905978829,2,0.16141749661754373,3.8,3.88,QQQ,call,2026-10-01,mid,short,740.745,19341.947579291336,19341.947579291336,1.5194162633564852,3.84,0.0
752.0,2026,10,1,P,0.017625147041855516,-0.693907094021171,0,0.1527035159078786,13.86,14.11,QQQ,put,2026-10-01,mid,short,740.745,-0.0,0.0,1.5194162633564852,13.985,0.0
752.0,2026,10,2,C,0.01648486175726698,0.3239713368172054,4299,0.16869673888459957,4.5,4.58,QQQ,call,2026-10-02,mid,short,740.745,38885726.02670608,38885726.02670608,1.5194162633564852,4.54,0.0
752.0,2026,10,2,P,0.01648486175726698,-0.6760286631827945,0,0.15824438080853112,14.37,14.63,QQQ,put,2026-10-02,mid,short,740.745,-0.0,0.0,1.5194162633564852,14.5,0.0
752.0,2026,10,9,C,0.01357693549315678,0.3706428819910665,225,0.1683485961523294,6.91,7.01,QQQ,call,2026-10-09,mid,short,740.745,1676184.1516498567,1676184.1516498567,1.5194162633564852,6.96,0.0
752.0,2026,10,9,P,0.01357693549315678,-0.6293571180089335,0,0.16038557077511867,16.19,16.46,QQQ,put,2026-10-09,mid,short,740.745,-0.0,0.0,1.5194162633564852,16.325000000000003,0.0
752.0,2026,10,16,C,0.011603839268917754,0.40053154412318015,0,0.1714020470209636,9.24,9.3,QQQ,call,2026-10-16,mid,short,740.745,0.0,0.0,1.5194162633564852,9.27,0.0
752.0,2026,10,16,P,0.011603839268917754,-0.5994684558768199,0,0.1652856048992623,17.98,18.24,QQQ,put,2026-10-16,mid,short,740.745,-0.0,0.0,1.5194162633564852,18.11,0.0
752.0,2026,10,23,C,0.010161698203162466,0.4220588062784837,108,0.17452143567438622,11.43,11.61,QQQ,call,2026-10-23,mid,short,740.745,602181.6333646089,602181.6333646089,1.5194162633564852,11.52,0.0
752.0,2026,10,23,P,0.010161698203162466,-0.5779411937215163,1,0.16971070339309344,19.64,19.93,QQQ,put,2026-10-23,mid,short,740.745,-5575.75586448712,5575.75586448712,1.5194162633564852,19.785,0.0
752.0,2026,10,30,C,0.008828688235366202,0.4407960298895747,130,0.18325307274121483,14.06,14.31,QQQ,call,2026-10-30,mid,short,740.745,629762.7816320796,629762.7816320796,1.5194162633564852,14.185,0.0
752.0,2026,10,30,P,0.008828688235366202,-0.5592039701104252,1,0.17856229217361472,21.66,21.93,QQQ,put,2026-10-30,mid,short,740.745,-4844.329089477535,4844.329089477535,1.5194162633564852,21.795,0.0
752.0,2026,11,30,C,0.006360684754845148,0.4819572484456488,101,0.19173737039576436,22.25,22.6,QQQ,call,2026-11-30,mid,short,740.745,352502.9071033982,352502.9071033982,1.5194162633564852,22.425,0.0
752.0,2026,11,30,P,0.006360684754845148,-0.5180427515543512,5,0.18961151092723516,27.48,27.78,QQQ,put,2026-11-30,mid,short,740.745,-17450.63896551476,17450.63896551476,1.5194162633564852,27.630000000000003,0.0
753.0,2026,9,22,C,0.01367888694146207,0.04716375285060621,188,0.18291692686755842,0.13,0.15,QQQ,call,2026-09-22,mid,short,740.745,1411061.903337976,1411061.903337976,1.6544154871109484,0.14,3993.0
753.0,2026,9,22,P,0.01367888694146207,-0.9528362471493937,0,0.29880563115163694,11.41,13.07,QQQ,put,2026-09-22,mid,short,740.745,-0.0,0.0,1.6544154871109484,12.24,0.0
753.0,2026,9,23,C,0.01869959536193041,0.09738957367614631,10,0.16681347133336352,0.41,0.43,QQQ,call,2026-09-23,mid,short,740.745,102605.26972782072,102605.26972782072,1.6544154871109484,0.42,0.0
753.0,2026,9,23,P,0.01869959536193041,-0.9026104263238537,0,0.1463372235395622,11.84,12.33,QQQ,put,2026-09-23,mid,short,740.745,-0.0,0.0,1.6544154871109484,12.085,0.0
753.0,2026,9,24,C,0.020331266839941957,0.14039233388245864,10,0.16198494325141316,0.76,0.8,QQQ,call,2026-09-24,mid,short,740.745,111558.30260731313,111558.30260731313,1.6544154871109484,0.78,0.0
753.0,2026,9,24,P,0.020331266839941957,-0.8596076661175414,0,0.10327384652230594,12.13,12.63,QQQ,put,2026-09-24,mid,short,740.745,-0.0,0.0,1.6544154871109484,12.38,0.0
753.0,2026,9,25,C,0.02049531641951856,0.17999626739683422,496,0.16411615655310172,1.22,1.26,QQQ,call,2026-09-25,mid,short,740.745,5577939.012182258,5577939.012182258,1.6544154871109484,1.24,0.0
753.0,2026,9,25,P,0.02049531641951856,-0.8200037326031657,0,0.13334215402583618,12.58,13.04,QQQ,put,2026-09-25,mid,short,740.745,-0.0,0.0,1.6544154871109484,12.809999999999999,0.0
753.0,2026,9,28,C,0.020070816453023586,0.2174840471366953,0,0.14203230880942885,1.78,1.83,QQQ,call,2026-09-28,mid,short,740.745,0.0,0.0,1.6544154871109484,1.8050000000000002,0.0
753.0,2026,9,28,P,0.020070816453023586,-0.7825159528633047,0,0.1258383306935521,12.99,13.4,QQQ,put,2026-09-28,mid,short,740.745,-0.0,0.0,1.6544154871109484,13.195,0.0
753.0,2026,9,29,C,0.019251859646957952,0.2429652260411707,137,0.1473558116101305,2.28,2.34,QQQ,call,2026-09-29,mid,short,740.745,1447207.1895886506,1447207.1895886506,1.6544154871109484,2.3099999999999996,0.0
753.0,2026,9,29,P,0.019251859646957952,-0.7570347739588292,0,0.1283952444774374,13.25,15.5,QQQ,put,2026-09-29,mid,short,740.745,-0.0,0.0,1.6544154871109484,14.375,0.0
753.0,2026,9,30,C,0.0180862439971929,0.27013844450200103,399,0.1565603049868997,2.96,3.01,QQQ,call,2026-09-30,mid,short,740.745,3959667.678380873,3959667.678380873,1.6544154871109484,2.985,0.0
753.0,2026,9,30,P,0.0180862439971929,-0.729861555497999,3,0.14323110928673136,13.97,14.38,QQQ,put,2026-09-30,mid,short,740.745,-29771.937431435133,29771.937431435133,1.6544154871109484,14.175,0.0
753.0,2026,10,1,C,0.017205442147781164,0.28831707132277207,4,0.16086460348849352,3.49,3.57,QQQ,call,2026-10-01,mid,short,740.745,37762.721560350554,37762.721560350554,1.6544154871109484,3.5300000000000002,0.0
753.0,2026,10,1,P,0.017205442147781164,-0.7116829286772279,0,0.15215897262998562,14.56,14.81,QQQ,put,2026-10-01,mid,short,740.745,-0.0,0.0,1.6544154871109484,14.685,0.0
753.0,2026,10,2,C,0.016155003199420797,0.30755308981015306,170,0.16857032411454137,4.19,4.25,QQQ,call,2026-10-02,mid,short,740.745,1506931.2082433973,1506931.2082433973,1.6544154871109484,4.220000000000001,0.0
753.0,2026,10,2,P,0.016155003199420797,-0.6924469101898469,0,0.15766773799282485,15.05,15.31,QQQ,put,2026-10-02,mid,short,740.745,-0.0,0.0,1.6544154871109484,15.18,0.0
753.0,2026,10,9,C,0.013450330782090885,0.35683946021329505,1101,0.16783774201860463,6.53,6.62,QQQ,call,2026-10-09,mid,short,740.745,8125643.068825722,8125643.068825722,1.6544154871109484,6.575,0.0
753.0,2026,10,9,P,0.013450330782090885,-0.643160539786705,0,0.15996225047840396,16.82,17.09,QQQ,put,2026-10-09,mid,short,740.745,-0.0,0.0,1.6544154871109484,16.955,0.0
753.0,2026,10,16,C,0.011548352076113615,0.3887262559703373,0,0.17081479862051183,8.82,8.88,QQQ,call,2026-10-16,mid,short,740.745,0.0,0.0,1.6544154871109484,8.850000000000001,0.0
753.0,2026,10,16,P,0.011548352076113615,-0.6112737440296627,0,0.16481759567447155,18.57,18.84,QQQ,put,2026-10-16,mid,short,740.745,-0.0,0.0,1.6544154871109484,18.705,0.0
753.0,2026,10,23,C,0.010138887338522131,0.41172856915090267,56,0.17387710202694054,10.98,11.17,QQQ,call,2026-10-23,mid,short,740.745,311541.41038104665,311541.41038104665,1.6544154871109484,11.075,0.0
753.0,2026,10,23,P,0.010138887338522131,-0.5882714308490973,1,0.16919670570934767,20.2,20.49,QQQ,put,2026-10-23,mid,short,740.745,-5563.239471090118,5563.239471090118,1.6544154871109484,20.345,0.0
753.0,2026,10,30,C,0.00884061555114774,0.431657813791647,102,0.18273415071960517,13.6,13.77,QQQ,call,2026-10-30,mid,short,740.745,494789.11181834014,494789.11181834014,1.6544154871109484,13.684999999999999,0.0
753.0,2026,10,30,P,0.00884061555114774,-0.568342186208353,1,0.1780703022054619,22.2,22.51,QQQ,put,2026-10-30,mid,short,740.745,-4850.873645277844,4850.873645277844,1.6544154871109484,22.355,0.0
753.0,2026,11,30,C,0.006370097995465635,0.47556309082250536,74,0.19144088659463754,21.77,22.08,QQQ,call,2026-11-30,mid,short,740.745,258651.67222685128,258651.67222685128,1.6544154871109484,21.924999999999997,0.0
753.0,2026,11,30,P,0.006370097995465635,-0.5244369091774946,0,0.18921751663673367,27.98,28.29,QQQ,put,2026-11-30,mid,short,740.745,-0.0,0.0,1.6544154871109484,28.134999999999998,0.0
754.0,2026,9,22,C,0.011210579968483096,0.037682628519380784,130,0.18561896580542905,0.1,0.12,QQQ,call,2026-09-22,mid,short,740.745,799666.4777876762,799666.4777876762,1.789414710865412,0.11,5551.0
754.0,2026,9,22,P,0.011210579968483096,-0.9623173714806192,0,0.31262024061940724,12.38,14.05,QQQ,put,2026-09-22,mid,short,740.745,-0.0,0.0,1.789414710865412,13.215,0.0
754.0,2026,9,23,C,0.016320920116778832,0.08202595467260096,10,0.16868477530361944,0.34,0.35,QQQ,call,2026-09-23,mid,short,740.745,89553.40360987534,89553.40360987534,1.789414710865412,0.345,0.0
754.0,2026,9,23,P,0.016320920116778832,-0.917974045327399,0,0.14455896394995607,12.66,13.26,QQQ,put,2026-09-23,mid,short,740.745,-0.0,0.0,1.789414710865412,12.96,0.0
754.0,2026,9,24,C,0.018407499300549156,0.1221782082387474,0,0.16240456114993604,0.64,0.68,QQQ,call,2026-09-24,mid,short,740.745,0.0,0.0,1.789414710865412,0.66,0.0
754.0,2026,9,24,P,0.018407499300549156,-0.8778217917612526,0,0.0671882647176115,13.01,13.5,QQQ,put,2026-09-24,mid,short,740.745,-0.0,0.0,1.789414710865412,13.254999999999999,0.0
754.0,2026,9,25,C,0.01904796663034116,0.16061716072476412,368,0.1638139189649903,1.05,1.1,QQQ,call,2026-09-25,mid,short,740.745,3846218.014371514,3846218.014371514,1.789414710865412,1.0750000000000002,0.0
754.0,2026,9,25,P,0.01904796663034116,-0.8393828392752358,0,0.1309477098919071,13.43,13.89,QQQ,put,2026-09-25,mid,short,740.745,-0.0,0.0,1.789414710865412,13.66,0.0
754.0,2026,9,28,C,0.01901373041168327,0.19780135327914086,8,0.14170435263948988,1.57,1.62,QQQ,call,2026-09-28,mid,short,740.745,83463.1509254832,83463.1509254832,1.789414710865412,1.5950000000000002,0.0
754.0,2026,9,28,P,0.01901373041168327,-0.8021986467208592,0,0.12518211486868955,13.8,14.21,QQQ,put,2026-09-28,mid,short,740.745,-0.0,0.0,1.789414710865412,14.005,0.0
754.0,2026,9,29,C,0.018428751165762206,0.2242886375620116,1,0.14721737309035138,2.05,2.11,QQQ,call,2026-09-29,mid,short,740.745,10111.913907824372,10111.913907824372,1.789414710865412,2.08,0.0
754.0,2026,9,29,P,0.018428751165762206,-0.7757113624379884,0,0.06603187733307035,12.72,16.27,QQQ,put,2026-09-29,mid,short,740.745,-0.0,0.0,1.789414710865412,14.495000000000001,0.0
754.0,2026,9,30,C,0.01750246723615141,0.25201711766617557,178,0.15608241706767656,2.69,2.74,QQQ,call,2026-09-30,mid,short,740.745,1709451.300789239,1709451.300789239,1.789414710865412,2.715,0.0
754.0,2026,9,30,P,0.01750246723615141,-0.7479828823338244,0,0.14279540940971103,14.72,15.12,QQQ,put,2026-09-30,mid,short,740.745,-0.0,0.0,1.789414710865412,14.92,0.0
754.0,2026,10,1,C,0.016730000656573082,0.2713434744477242,4,0.1608535388688941,3.22,3.28,QQQ,call,2026-10-01,mid,short,740.745,36719.21657532789,36719.21657532789,1.789414710865412,3.25,0.0
754.0,2026,10,1,P,0.016730000656573082,-0.7286565255522758,0,0.1432018070790004,14.95,17.02,QQQ,put,2026-10-01,mid,short,740.745,-0.0,0.0,1.789414710865412,15.985,0.0
754.0,2026,10,2,C,0.0158279254992906,0.29090146950622303,271,0.1676280290533746,3.86,3.93,QQQ,call,2026-10-02,mid,short,740.745,2353589.65057854,2353589.65057854,1.789414710865412,3.895,0.0
754.0,2026,10,2,P,0.0158279254992906,-0.7090985304937769,3,0.15690959315963515,15.74,16.0,QQQ,put,2026-10-02,mid,short,740.745,-26054.497976884206,26054.497976884206,1.789414710865412,15.870000000000001,0.0
754.0,2026,10,9,C,0.013315602498181228,0.34300164948111017,270,0.16693138023906262,6.14,6.25,QQQ,call,2026-10-09,mid,short,740.745,1972704.5374889192,1972704.5374889192,1.789414710865412,6.195,0.0
754.0,2026,10,9,P,0.013315602498181228,-0.6569983505188899,0,0.15946609650937163,17.46,17.74,QQQ,put,2026-10-09,mid,short,740.745,-0.0,0.0,1.789414710865412,17.6,0.0
754.0,2026,10,16,C,0.011475292088334131,0.37704579636810637,0,0.17033694269655306,8.42,8.48,QQQ,call,2026-10-16,mid,short,740.745,0.0,0.0,1.789414710865412,8.45,0.0
754.0,2026,10,16,P,0.011475292088334131,-0.6229542036318936,0,0.16431949476151697,19.17,19.45,QQQ,put,2026-10-16,mid,short,740.745,-0.0,0.0,1.789414710865412,19.310000000000002,0.0
754.0,2026,10,23,C,0.010109040460318868,0.4014014704504566,105,0.1734625514755477,10.56,10.72,QQQ,call,2026-10-23,mid,short,740.745,582420.5514594958,582420.5514594958,1.789414710865412,10.64,0.0
754.0,2026,10,23,P,0.010109040460318868,-0.5985985295495434,1,0.1687929558313727,20.78,21.08,QQQ,put,2026-10-23,mid,short,740.745,-5546.862394852342,5546.862394852342,1.789414710865412,20.93,0.0
754.0,2026,10,30,C,0.008830343072489543,0.42268123415118175,39,0.18222598157088254,13.15,13.31,QQQ,call,2026-10-30,mid,short,740.745,188964.2470492984,188964.2470492984,1.789414710865412,13.23,0.0
754.0,2026,10,30,P,0.008830343072489543,-0.5773187658488182,0,0.17769245179895213,22.76,23.06,QQQ,put,2026-10-30,mid,short,740.745,-0.0,0.0,1.789414710865412,22.91,0.0
754.0,2026,11,30,C,0.006380754882125826,0.4691246019779072,25,0.19078580682723756,21.25,21.59,QQQ,call,2026-11-30,mid,short,740.745,87528.50838159032,87528.50838159032,1.789414710865412,21.42,0.0
754.0,2026,11,30,P,0.006380754882125826,-0.5308753980220928,2,0.1888515761653869,28.49,28.79,QQQ,put,2026-11-30,mid,short,740.745,-7002.280670527226,7002.280670527226,1.789414710865412,28.64,0.0
755.0,2026,9,22,C,0.009085355182733608,0.02969858890063012,187,0.18960025983024784,0.08,0.09,QQQ,call,2026-09-22,mid,short,740.745,932225.4909649806,932225.4909649806,1.9244139346198754,0.08499999999999999,3083.0
755.0,2026,9,22,P,0.009085355182733608,-0.9703014110993698,0,0.32486337988065805,13.74,15.02,QQQ,put,2026-09-22,mid,short,740.745,-0.0,0.0,1.9244139346198754,14.379999999999999,0.0
755.0,2026,9,23,C,0.014188271496359853,0.06918700586700696,103,0.17035221943233916,0.28,0.29,QQQ,call,2026-09-23,mid,short,740.745,801870.3814436047,801870.3814436047,1.9244139346198754,0.28500000000000003,0.0
755.0,2026,9,23,P,0.014188271496359853,-0.930812994132993,0,0.14336503965315206,13.6,14.21,QQQ,put,2026-09-23,mid,short,740.745,-0.0,0.0,1.9244139346198754,13.905000000000001,0.0
755.0,2026,9,24,C,0.016576437523446296,0.10624852466641513,2,0.16311007662648044,0.54,0.58,QQQ,call,2026-09-24,mid,short,740.745,18191.087136379563,18191.087136379563,1.9244139346198754,0.56,0.0
755.0,2026,9,24,P,0.016576437523446296,-0.8937514753335849,0,0.15108803773553936,13.91,14.41,QQQ,put,2026-09-24,mid,short,740.745,-0.0,0.0,1.9244139346198754,14.16,0.0
755.0,2026,9,25,C,0.017608434200802738,0.1432544153131967,1506,0.16413138914993716,0.91,0.96,QQQ,call,2026-09-25,mid,short,740.745,14550675.92195205,14550675.92195205,1.9244139346198754,0.935,0.0
755.0,2026,9,25,P,0.017608434200802738,-0.8567455846868033,0,0.12885313317591113,14.31,14.76,QQQ,put,2026-09-25,mid,short,740.745,-0.0,0.0,1.9244139346198754,14.535,0.0
755.0,2026,9,28,C,0.017917325882481423,0.17987564748233315,49,0.14177047993517092,1.39,1.44,QQQ,call,2026-09-28,mid,short,740.745,481733.3688251038,481733.3688251038,1.9244139346198754,1.415,0.0
755.0,2026,9,28,P,0.017917325882481423,-0.8201243525176669,0,0.12361689078252981,14.61,15.04,QQQ,put,2026-09-28,mid,short,740.745,-0.0,0.0,1.9244139346198754,14.825,0.0
755.0,2026,9,29,C,0.01758486209470614,0.2060359069115501,19,0.1468138639490956,1.83,1.89,QQQ,call,2026-09-29,mid,short,740.745,183328.51692885102,183328.51692885102,1.9244139346198754,1.8599999999999999,0.0
755.0,2026,9,29,P,0.01758486209470614,-0.79396409308845,0,0.125568743247221,14.8,16.76,QQQ,put,2026-09-29,mid,short,740.745,-0.0,0.0,1.9244139346198754,15.780000000000001,0.0
755.0,2026,9,30,C,0.016865557001856497,0.23496895203797752,1250,0.15593456971276706,2.45,2.5,QQQ,call,2026-09-30,mid,short,740.745,11567730.4227158,11567730.4227158,1.9244139346198754,2.475,0.0
755.0,2026,9,30,P,0.016865557001856497,-0.7650310479620225,39,0.1420915510189153,15.48,15.89,QQQ,put,2026-09-30,mid,short,740.745,-360913.18918873294,360913.18918873294,1.9244139346198754,15.685,0.0
755.0,2026,10,1,C,0.016234950013572808,0.25462539388625455,16,0.16042958490709688,2.95,3.01,QQQ,call,2026-10-01,mid,short,740.745,142530.69270592905,142530.69270592905,1.9244139346198754,2.98,0.0
755.0,2026,10,1,P,0.016234950013572808,-0.7453746061137454,0,0.14238940239579326,15.69,17.97,QQQ,put,2026-10-01,mid,short,740.745,-0.0,0.0,1.9244139346198754,16.83,0.0
755.0,2026,10,2,C,0.015451187759810976,0.2749241909579765,563,0.16697804573473687,3.56,3.64,QQQ,call,2026-10-02,mid,short,740.745,4773179.011125565,4773179.011125565,1.9244139346198754,3.6,0.0
755.0,2026,10,2,P,0.015451187759810976,-0.7250758090420235,21,0.15379280412542085,16.35,16.86,QQQ,put,2026-10-02,mid,short,740.745,-178040.42492653083,178040.42492653083,1.9244139346198754,16.605,0.0
755.0,2026,10,5,C,0.014995835337548754,0.2900115072843424,0,0.15644168795016186,4.04,4.13,QQQ,call,2026-10-05,mid,short,740.745,0.0,0.0,1.9244139346198754,4.085,0.0
755.0,2026,10,5,P,0.014995835337548754,-0.7099884927156577,0,0.10936100806314987,14.96,18.75,QQQ,put,2026-10-05,mid,short,740.745,-0.0,0.0,1.9244139346198754,16.855,0.0
755.0,2026,10,9,C,0.013135551714989459,0.32971980670943435,683,0.16678924633934014,5.81,5.9,QQQ,call,2026-10-09,mid,short,740.745,4922735.250932987,4922735.250932987,1.9244139346198754,5.855,0.0
755.0,2026,10,9,P,0.013135551714989459,-0.6702801932905657,2,0.15906567030848698,18.12,18.4,QQQ,put,2026-10-09,mid,short,740.745,-14415.037338017533,14415.037338017533,1.9244139346198754,18.259999999999998,0.0
755.0,2026,10,16,C,0.011412888018335753,0.36511232262598753,23637,0.16969761001152922,8.02,8.05,QQQ,call,2026-10-16,mid,short,740.745,148021693.5046987,148021693.5046987,1.9244139346198754,8.035,0.0
755.0,2026,10,16,P,0.011412888018335753,-0.6348876773740124,99,0.16392887673281695,19.79,20.06,QQQ,put,2026-10-16,mid,short,740.745,-619966.4786971769,619966.4786971769,1.9244139346198754,19.924999999999997,0.0
755.0,2026,10,23,C,0.010065853020396738,0.3911698970902378,812,0.17292602884398423,10.14,10.31,QQQ,call,2026-10-23,mid,short,740.745,4484810.231971407,4484810.231971407,1.9244139346198754,10.225000000000001,0.0
755.0,2026,10,23,P,0.010065853020396738,-0.6088301029097622,0,0.1685019554264603,21.38,21.68,QQQ,put,2026-10-23,mid,short,740.745,-0.0,0.0,1.9244139346198754,21.53,0.0
755.0,2026,10,30,C,0.008812444152530442,0.4137396751382049,1538,0.1817285521357969,12.71,12.87,QQQ,call,2026-10-30,mid,short,740.745,7436869.669541652,7436869.669541652,1.9244139346198754,12.79,0.0
755.0,2026,10,30,P,0.008812444152530442,-0.586260324861795,78,0.17732414096552235,23.33,23.64,QQQ,put,2026-10-30,mid,short,740.745,-377162.44097805506,377162.44097805506,1.9244139346198754,23.485,0.0
755.0,2026,11,20,C,0.0067858648175968895,0.4526467808441205,3241,0.19312782533063416,18.93,19.21,QQQ,call,2026-11-20,mid,short,740.745,12067621.83479792,12067621.83479792,1.9244139346198754,19.07,0.0
755.0,2026,11,20,P,0.0067858648175968895,-0.5473532191558794,277,0.19032484533971314,27.9,28.12,QQQ,put,2026-11-20,mid,short,740.745,-1031388.8454918308,1031388.8454918308,1.9244139346198754,28.009999999999998,0.0
755.0,2026,11,30,C,0.00638247767150919,0.4627485626809949,72,0.19062412559430256,20.8,21.1,QQQ,call,2026-11-30,mid,short,740.745,252150.16573682704,252150.16573682704,1.9244139346198754,20.950000000000003,0.0
755.0,2026,11,30,P,0.00638247767150919,-0.5372514373190052,2,0.18851368694466528,29.01,29.32,QQQ,put,2026-11-30,mid,short,740.745,-7004.171270467416,7004.171270467416,1.9244139346198754,29.165,0.0
755.0,2026,12,18,C,0.0054496573435406,0.4816603078885508,4974,0.20038810125493595,25.84,26.02,QQQ,call,2026-12-18,mid,short,740.745,14873474.542396085,14873474.542396085,1.9244139346198754,25.93,0.0
755.0,2026,12,18,P,0.0054496573435406,-0.5183396921114491,184,0.19710825169884727,32.37,32.67,QQQ,put,2026-12-18,mid,short,740.745,-550204.9287898833,550204.9287898833,1.9244139346198754,32.519999999999996,0.0
755.0,2026,12,31,C,0.005138315316765132,0.49048900478895346,1147,0.19764409941800126,27.96,28.43,QQQ,call,2026-12-31,mid,short,740.745,3233863.0702181906,3233863.0702181906,1.9244139346198754,28.195,0.0
755.0,2026,12,31,P,0.005138315316765132,-0.5095109952110466,910,0.19795962547627347,33.95,34.47,QQQ,put,2026-12-31,mid,short,740.745,-2565662.9414983024,2565662.9414983024,1.9244139346198754,34.21,0.0
755.0,2027,1,15,C,0.004701607707516608,0.500753675260734,2650,0.20222762272014164,31.48,31.79,QQQ,call,2027-01-15,mid,short,740.745,6836435.504431183,6836435.504431183,1.9244139346198754,31.634999999999998,0.0
755.0,2027,1,15,P,0.004701607707516608,-0.499246324739266,743,0.20136019121075885,36.05,36.4,QQQ,put,2027-01-15,mid,short,740.745,-1916781.7282235355,1916781.7282235355,1.9244139346198754,36.224999999999994,0.0
755.0,2027,2,19,C,0.004007430745740109,0.5193124010625438,849,0.2075923211046384,38.56,38.97,QQQ,call,2027-02-19,mid,short,740.745,1866857.5197782866,1866857.5197782866,1.9244139346198754,38.765,0.0
755.0,2027,2,19,P,0.004007430745740109,-0.4806875989374561,245,0.20616662929264318,40.15,40.6,QQQ,put,2027-02-19,mid,short,740.745,-538728.0239642876,538728.0239642876,1.9244139346198754,40.375,0.0
755.0,2027,3,19,C,0.0035719779291301726,0.531422973258292,3035,0.21361807044994066,44.36,44.78,QQQ,call,2027-03-19,mid,short,740.745,5948465.1227589445,5948465.1227589445,1.9244139346198754,44.57,0.0
755.0,2027,3,19,P,0.0035719779291301726,-0.46857702674170804,1036,0.21119990523887916,43.45,43.87,QQQ,put,2027-03-19,mid,short,740.745,-2030513.959531554,2030513.959531554,1.9244139346198754,43.66,0.0
755.0,2027,3,31,C,0.0034990302806758144,0.5354014542693708,1574,0.20740630823505404,44.95,46.88,QQQ,call,2027-03-31,mid,short,740.745,3021968.1744378232,3021968.1744378232,1.9244139346198754,45.915000000000006,0.0
755.0,2027,3,31,P,0.0034990302806758144,-0.46459854573062914,14,0.20789487696118106,43.67,45.33,QQQ,put,2027-03-31,mid,short,740.745,-26879.00536348763,26879.00536348763,1.9244139346198754,44.5,0.0
755.0,2027,6,17,C,0.002706744744170884,0.5601369592791853,5060,0.223534002124135,60.25,63.06,QQQ,call,2027-06-17,mid,short,740.745,7515108.867727936,7515108.867727936,1.9244139346198754,61.655,0.0
755.0,2027,6,17,P,0.002706744744170884,-0.4398630407208147,1802,0.2216090653202242,52.09,53.38,QQQ,put,2027-06-17,mid,short,740.745,-2676329.2845149687,2676329.2845149687,1.9244139346198754,52.735,0.0
755.0,2027,6,30,C,0.002641164583154013,0.5633582458683312,73,0.22200063957688784,61.7,65.32,QQQ,call,2027-06-30,mid,short,740.745,105792.71979933343,105792.71979933343,1.9244139346198754,63.51,0.0
755.0,2027,6,30,P,0.002641164583154013,-0.43664175413166884,43,0.22036629429991553,52.56,55.33,QQQ,put,2027-06-30,mid,short,740.745,-62316.25960782652,62316.25960782652,1.9244139346198754,53.945,0.0
755.0,2027,9,17,C,0.002246029372662797,0.5811013058533252,364,0.2295284162048776,74.41,78.2,QQQ,call,2027-09-17,mid,short,740.745,448594.83871343895,448594.83871343895,1.9244139346198754,76.305,0.0
755.0,2027,9,17,P,0.002246029372662797,-0.41889869414667474,73,0.22741244877127792,58.77,61.04,QQQ,put,2027-09-17,mid,short,740.745,-89965.44842329957,89965.44842329957,1.9244139346198754,59.905,0.0
755.0,2027,12,17,C,0.0019461488366966364,0.5978362172467873,1785,0.23331552094988126,87.0,92.0,QQQ,call,2027-12-17,mid,short,740.745,1906126.5422159652,1906126.5422159652,1.9244139346198754,89.5,0.0
755.0,2027,12,17,P,0.0019461488366966364,-0.40216378275321274,922,0.22819136560264788,63.13,68.0,QQQ,put,2027-12-17,mid,short,740.745,-984565.082309871,984565.082309871,1.9244139346198754,65.565,0.0
755.0,2028,1,21,C,0.001874324846252489,0.6034962369413301,273,0.23275006038252669,91.0,96.0,QQQ,call,2028-01-21,mid,short,740.745,280766.2921737735,280766.2921737735,1.9244139346198754,93.5,0.0
755.0,2028,1,21,P,0.001874324846252489,-0.3965037630586699,90,0.22967630292735491,65.0,69.5,QQQ,put,2028-01-21,mid,short,740.745,-92560.31610124398,92560.31610124398,1.9244139346198754,67.25,0.0
755.0,2028,6,16,C,0.001568569972598102,0.6246319233033955,225,0.24094913497560452,110.5,115.5,QQQ,call,2028-06-16,mid,short,740.745,193652.84088946268,193652.84088946268,1.9244139346198754,113.0,0.0
755.0,2028,6,16,P,0.001568569972598102,-0.37536807669660455,126,0.23533540789804394,72.0,77.0,QQQ,put,2028-06-16,mid,short,740.745,-108445.59089809912,108445.59089809912,1.9244139346198754,74.5,0.0
755.0,2028,12,15,C,0.0013313888556258776,0.6462264466485692,51,0.24608343713879174,131.5,136.5,QQQ,call,2028-12-15,mid,short,740.745,37257.40054799921,37257.40054799921,1.9244139346198754,134.0,0.0
755.0,2028,12,15,P,0.0013313888556258776,-0.35377355335143074,5,0.24203551313175578,79.5,84.0,QQQ,put,2028-12-15,mid,short,740.745,-3652.686328235217,3652.686328235217,1.9244139346198754,81.75,0.0
755.0,2029,1,19,C,0.0013020630705621527,0.6499695312026872,53,0.24613876067952598,135.0,139.5,QQQ,call,2029-01-19,mid,short,740.745,37865.6440875266,37865.6440875266,1.9244139346198754,137.25,0.0
755.0,2029,1,19,P,0.0013020630705621527,-0.35003046879731275,0,0.24250116577035988,80.5,85.0,QQQ,put,2029-01-19,mid,short,740.745,-0.0,0.0,1.9244139346198754,82.75,0.0
756.0,2026,9,22,C,0.007551241692508153,0.024498223803725867,1148,0.19154811186419352,0.06,0.08,QQQ,call,2026-09-22,mid,short,740.745,4756611.881908805,4756611.881908805,2.0594131583743387,0.07,2943.0
756.0,2026,9,22,P,0.007551241692508153,-0.9755017761962741,0,0.2817910655092909,12.85,15.6,QQQ,put,2026-09-22,mid,short,740.745,-0.0,0.0,2.0594131583743387,14.225,0.0
756.0,2026,9,23,C,0.012189505447588875,0.05734394681396044,0,0.17039796251431888,0.22,0.24,QQQ,call,2026-09-23,mid,short,740.745,0.0,0.0,2.0594131583743387,0.22999999999999998,0.0
756.0,2026,9,23,P,0.012189505447588875,-0.9426560531860395,0,0.286515950945328,14.55,16.54,QQQ,put,2026-09-23,mid,short,740.745,-0.0,0.0,2.0594131583743387,15.545,0.0
756.0,2026,9,24,C,0.014853991236686296,0.09219383541233095,3,0.16436549123166566,0.46,0.49,QQQ,call,2026-09-24,mid,short,740.745,24451.295568850423,24451.295568850423,2.0594131583743387,0.475,0.0
756.0,2026,9,24,P,0.014853991236686296,-0.907806164587669,0,0.1508487594424608,14.84,15.33,QQQ,put,2026-09-24,mid,short,740.745,-0.0,0.0,2.0594131583743387,15.085,0.0
756.0,2026,9,25,C,0.016196531579540152,0.12723681582745655,762,0.16469732182339747,0.79,0.83,QQQ,call,2026-09-25,mid,short,740.745,6771961.039354665,6771961.039354665,2.0594131583743387,0.81,0.0
756.0,2026,9,25,P,0.016196531579540152,-0.8727631841725434,0,0.12550306098338734,15.2,15.64,QQQ,put,2026-09-25,mid,short,740.745,-0.0,0.0,2.0594131583743387,15.42,0.0
756.0,2026,9,28,C,0.01681377622809074,0.16258586714170986,68,0.14155568119964212,1.22,1.27,QQQ,call,2026-09-28,mid,short,740.745,627352.5003681658,627352.5003681658,2.0594131583743387,1.245,0.0
756.0,2026,9,28,P,0.01681377622809074,-0.8374141328582901,0,0.12234677173071412,15.45,15.9,QQQ,put,2026-09-28,mid,short,740.745,-0.0,0.0,2.0594131583743387,15.675,0.0
756.0,2026,9,29,C,0.016705723693343676,0.18902290000663116,2,0.14680886570139678,1.64,1.69,QQQ,call,2026-09-29,mid,short,740.745,18332.96659502714,18332.96659502714,2.0594131583743387,1.665,0.0
756.0,2026,9,29,P,0.016705723693343676,-0.8109770999933689,0,0.18908736754138153,14.06,17.6,QQQ,put,2026-09-29,mid,short,740.745,-0.0,0.0,2.0594131583743387,15.830000000000002,0.0
756.0,2026,9,30,C,0.016211073697212763,0.21828437599732442,316,0.15559131540177532,2.22,2.27,QQQ,call,2026-09-30,mid,short,740.745,2810841.261745086,2810841.261745086,2.0594131583743387,2.245,0.0
756.0,2026,9,30,P,0.016211073697212763,-0.7817156240026756,16,0.1410995174584497,16.25,16.68,QQQ,put,2026-09-30,mid,short,740.745,-142321.076544055,142321.076544055,2.0594131583743387,16.465,0.0
756.0,2026,10,1,C,0.015707145466445457,0.23852934412944496,0,0.16009044938372055,2.7,2.76,QQQ,call,2026-10-01,mid,short,740.745,0.0,0.0,2.0594131583743387,2.73,0.0
756.0,2026,10,1,P,0.015707145466445457,-0.7614706558705551,0,0.14131481122219527,16.44,18.73,QQQ,put,2026-10-01,mid,short,740.745,-0.0,0.0,2.0594131583743387,17.585,0.0
756.0,2026,10,2,C,0.01502469904975979,0.25990901594794524,137,0.16737403708603088,3.32,3.36,QQQ,call,2026-10-02,mid,short,740.745,1129441.6687508915,1129441.6687508915,2.0594131583743387,3.34,0.0
756.0,2026,10,2,P,0.01502469904975979,-0.7400909840520548,8,0.15431070130253677,17.13,17.6,QQQ,put,2026-10-02,mid,short,740.745,-65952.79817523455,65952.79817523455,2.0594131583743387,17.365000000000002,0.0
756.0,2026,10,9,C,0.012948495227259835,0.316466821249995,152,0.16642562133675068,5.48,5.56,QQQ,call,2026-10-09,mid,short,740.745,1079941.787971591,1079941.787971591,2.0594131583743387,5.52,0.0
756.0,2026,10,9,P,0.012948495227259835,-0.683533178750005,0,0.15859596762331243,18.79,19.08,QQQ,put,2026-10-09,mid,short,740.745,-0.0,0.0,2.0594131583743387,18.935,0.0
756.0,2026,10,16,C,0.01130136199995302,0.35381700755244583,0,0.16930838286974484,7.65,7.71,QQQ,call,2026-10-16,mid,short,740.745,0.0,0.0,2.0594131583743387,7.68,0.0
756.0,2026,10,16,P,0.01130136199995302,-0.6461829924475542,0,0.1636503724531943,20.43,20.71,QQQ,put,2026-10-16,mid,short,740.745,-0.0,0.0,2.0594131583743387,20.57,0.0
756.0,2026,10,23,C,0.010015689911996695,0.38096893798975845,92,0.17238468150017655,9.73,9.91,QQQ,call,2026-10-23,mid,short,740.745,505598.94021074794,505598.94021074794,2.0594131583743387,9.82,0.0
756.0,2026,10,23,P,0.010015689911996695,-0.6190310620102415,0,0.1680867148417599,21.98,22.28,QQQ,put,2026-10-23,mid,short,740.745,-0.0,0.0,2.0594131583743387,22.130000000000003,0.0
756.0,2026,10,30,C,0.008789331228014185,0.4048133452876854,49,0.1812419321543073,12.28,12.44,QQQ,call,2026-10-30,mid,short,740.745,236313.95499318594,236313.95499318594,2.0594131583743387,12.36,0.0
756.0,2026,10,30,P,0.008789331228014185,-0.5951866547123146,2,0.1769656467573193,23.91,24.22,QQQ,put,2026-10-30,mid,short,740.745,-9645.467550742282,9645.467550742282,2.0594131583743387,24.064999999999998,0.0
756.0,2026,11,30,C,0.006390490658095828,0.4562720846670056,72,0.19002529712168517,20.3,20.61,QQQ,call,2026-11-30,mid,short,740.745,252466.73181035783,252466.73181035783,2.0594131583743387,20.455,0.0
756.0,2026,11,30,P,0.006390490658095828,-0.5437279153329944,1,0.18789292789673406,29.5,29.84,QQQ,put,2026-11-30,mid,short,740.745,-3506.4823862549697,3506.4823862549697,2.0594131583743387,29.67,0.0
757.0,2026,9,22,C,0.006130846377355352,0.019504636263392685,3308,0.19659268623626644,0.05,0.06,QQQ,call,2026-09-22,mid,short,740.745,11128160.793755792,11128160.793755792,2.194412382128802,0.055,1837.0
757.0,2026,9,22,P,0.006130846377355352,-0.9804953637366073,0,0.35311715927833076,13.79,17.0,QQQ,put,2026-09-22,mid,short,740.745,-0.0,0.0,2.194412382128802,15.395,0.0
757.0,2026,9,23,C,0.010692716503417177,0.04993054306595688,4,0.17391691827433403,0.19,0.21,QQQ,call,2026-09-23,mid,short,740.745,23468.509124851567,23468.509124851567,2.194412382128802,0.2,0.0
757.0,2026,9,23,P,0.010692716503417177,-0.9500694569340431,1,0.29402410940849316,15.39,17.48,QQQ,put,2026-09-23,mid,short,740.745,-5867.127281212892,5867.127281212892,2.194412382128802,16.435000000000002,0.0
757.0,2026,9,24,C,0.013269595114545538,0.08012285551039292,0,0.16550830042137446,0.39,0.42,QQQ,call,2026-09-24,mid,short,740.745,0.0,0.0,2.194412382128802,0.405,0.0
757.0,2026,9,24,P,0.013269595114545538,-0.9198771444896071,0,0.1514004958608076,15.77,16.27,QQQ,put,2026-09-24,mid,short,740.745,-0.0,0.0,2.194412382128802,16.02,0.0
757.0,2026,9,25,C,0.014855428814466462,0.11358842817331846,462,0.16567358459667356,0.69,0.73,QQQ,call,2026-09-25,mid,short,740.745,3765863.9448031336,3765863.9448031336,2.194412382128802,0.71,0.0
757.0,2026,9,25,P,0.014855428814466462,-0.8864115718266815,0,0.12024592701604943,16.1,16.55,QQQ,put,2026-09-25,mid,short,740.745,-0.0,0.0,2.194412382128802,16.325000000000003,0.0
757.0,2026,9,28,C,0.015712053288180924,0.1473779019095972,5,0.14190231762168057,1.08,1.13,QQQ,call,2026-09-28,mid,short,740.745,43106.266055729,43106.266055729,2.194412382128802,1.105,0.0
757.0,2026,9,28,P,0.015712053288180924,-0.8526220980904028,0,0.11942670763543653,16.28,16.78,QQQ,put,2026-09-28,mid,short,740.745,-0.0,0.0,2.194412382128802,16.53,0.0
757.0,2026,9,29,C,0.01580777785250074,0.1734084028718874,0,0.14694446237655426,1.47,1.52,QQQ,call,2026-09-29,mid,short,740.745,0.0,0.0,2.194412382128802,1.495,0.0
757.0,2026,9,29,P,0.01580777785250074,-0.8265915971281126,0,0.1974045908109968,14.89,18.65,QQQ,put,2026-09-29,mid,short,740.745,-0.0,0.0,2.194412382128802,16.77,0.0
757.0,2026,9,30,C,0.015520568094580498,0.20289899180253276,195,0.15596319743954706,2.03,2.06,QQQ,call,2026-09-30,mid,short,740.745,1660656.0128489512,1660656.0128489512,2.194412382128802,2.045,0.0
757.0,2026,9,30,P,0.015520568094580498,-0.7971010081974672,0,0.14045619305240617,17.05,17.48,QQQ,put,2026-09-30,mid,short,740.745,-0.0,0.0,2.194412382128802,17.265,0.0
757.0,2026,10,1,C,0.015156450862098313,0.22293022928793516,0,0.1598597670989023,2.47,2.52,QQQ,call,2026-10-01,mid,short,740.745,0.0,0.0,2.194412382128802,2.495,0.0
757.0,2026,10,1,P,0.015156450862098313,-0.7770697707120648,0,0.08840813059949101,15.82,19.5,QQQ,put,2026-10-01,mid,short,740.745,-0.0,0.0,2.194412382128802,17.66,0.0
757.0,2026,10,2,C,0.014595667411303997,0.24485159769449386,52,0.16694098943262042,3.06,3.1,QQQ,call,2026-10-02,mid,short,740.745,416451.81543046,416451.81543046,2.194412382128802,3.08,0.0
757.0,2026,10,2,P,0.014595667411303997,-0.7551484023055062,0,0.1529201008784096,17.85,18.35,QQQ,put,2026-10-02,mid,short,740.745,-0.0,0.0,2.194412382128802,18.1,0.0
757.0,2026,10,9,C,0.012749011196492667,0.3033277794208578,66,0.165831906091407,5.15,5.24,QQQ,call,2026-10-09,mid,short,740.745,461697.89601966203,461697.89601966203,2.194412382128802,5.195,0.0
757.0,2026,10,9,P,0.012749011196492667,-0.6966722205791422,0,0.15823278215174005,19.48,19.77,QQQ,put,2026-10-09,mid,short,740.745,-0.0,0.0,2.194412382128802,19.625,0.0
757.0,2026,10,16,C,0.011185269465772233,0.34255599431074396,0,0.16889792611649426,7.29,7.37,QQQ,call,2026-10-16,mid,short,740.745,0.0,0.0,2.194412382128802,7.33,0.0
757.0,2026,10,16,P,0.011185269465772233,-0.6574440056892561,0,0.16320685979778712,21.07,21.36,QQQ,put,2026-10-16,mid,short,740.745,-0.0,0.0,2.194412382128802,21.215,0.0
757.0,2026,10,23,C,0.009958549603035322,0.37080547760864035,69,0.1719592813584616,9.34,9.51,QQQ,call,2026-10-23,mid,short,740.745,377035.8434794326,377035.8434794326,2.194412382128802,9.425,0.0
757.0,2026,10,23,P,0.009958549603035322,-0.6291945223913596,0,0.16778686970291648,22.6,22.9,QQQ,put,2026-10-23,mid,short,740.745,-0.0,0.0,2.194412382128802,22.75,0.0
757.0,2026,10,30,C,0.008742119680181676,0.3962021135395233,33,0.18076627720792005,11.86,12.1,QQQ,call,2026-10-30,mid,short,740.745,158295.3454540204,158295.3454540204,2.194412382128802,11.98,0.0
757.0,2026,10,30,P,0.008742119680181676,-0.6037978864604767,4,0.17661733657624246,24.5,24.82,QQQ,put,2026-10-30,mid,short,740.745,-19187.31460048732,19187.31460048732,2.194412382128802,24.66,0.0
757.0,2026,11,30,C,0.0063958866129316455,0.44979021638619743,87,0.18945411364706105,19.81,20.13,QQQ,call,2026-11-30,mid,short,740.745,305321.5552417047,305321.5552417047,2.194412382128802,19.97,0.0
757.0,2026,11,30,P,0.0063958866129316455,-0.5502097836138026,0,0.18792233962452434,30.08,30.37,QQQ,put,2026-11-30,mid,short,740.745,-0.0,0.0,2.194412382128802,30.225,0.0
758.0,2026,9,22,C,0.005069540690077915,0.016003108386220613,3412,0.200329199139389,0.04,0.05,QQQ,call,2026-09-22,mid,short,740.745,9491068.177643532,9491068.177643532,2.3294116058832652,0.045,1774.0
758.0,2026,9,22,P,0.005069540690077915,-0.9839968916137793,0,0.3732967120728123,15.0,18.04,QQQ,put,2026-09-22,mid,short,740.745,-0.0,0.0,2.3294116058832652,16.52,0.0
758.0,2026,9,23,C,0.009084605522555328,0.04099987925872703,0,0.17438391615285623,0.15,0.17,QQQ,call,2026-09-23,mid,short,740.745,0.0,0.0,2.3294116058832652,0.16,0.0
758.0,2026,9,23,P,0.009084605522555328,-0.9590001207412729,0,0.3049278391332779,16.36,18.47,QQQ,put,2026-09-23,mid,short,740.745,-0.0,0.0,2.3294116058832652,17.415,0.0
758.0,2026,9,24,C,0.011810175720624084,0.06949377165711526,5,0.16665576099272936,0.33,0.36,QQQ,call,2026-09-24,mid,short,740.745,32401.403396530444,32401.403396530444,2.3294116058832652,0.345,0.0
758.0,2026,9,24,P,0.011810175720624084,-0.9305062283428848,0,0.15336596382383857,16.71,17.23,QQQ,put,2026-09-24,mid,short,740.745,-0.0,0.0,2.3294116058832652,16.97,0.0
758.0,2026,9,25,C,0.01353538586981333,0.10004997888495175,466,0.1657863030807406,0.59,0.63,QQQ,call,2026-09-25,mid,short,740.745,3460939.5619612783,3460939.5619612783,2.3294116058832652,0.61,0.0
758.0,2026,9,25,P,0.01353538586981333,-0.8999500211150483,0,0.10417919627278738,16.98,17.46,QQQ,put,2026-09-25,mid,short,740.745,-0.0,0.0,2.3294116058832652,17.22,0.0
758.0,2026,9,28,C,0.014625881600969804,0.13296648412739093,21,0.1420702453418887,0.95,1.0,QQQ,call,2026-09-28,mid,short,740.745,168530.61496895883,168530.61496895883,2.3294116058832652,0.975,0.0
758.0,2026,9,28,P,0.014625881600969804,-0.867033515872609,0,0.1134820235230583,17.09,17.67,QQQ,put,2026-09-28,mid,short,740.745,-0.0,0.0,2.3294116058832652,17.380000000000003,0.0
758.0,2026,9,29,C,0.014908626524078842,0.15840805965806096,0,0.14690122339672088,1.31,1.36,QQQ,call,2026-09-29,mid,short,740.745,0.0,0.0,2.3294116058832652,1.335,0.0
758.0,2026,9,29,P,0.014908626524078842,-0.8415919403419391,0,0.20151839705249744,15.75,19.56,QQQ,put,2026-09-29,mid,short,740.745,-0.0,0.0,2.3294116058832652,17.655,0.0
758.0,2026,9,30,C,0.014821817491172288,0.18798922008797558,197,0.15589446452113445,1.84,1.87,QQQ,call,2026-09-30,mid,short,740.745,1602157.27006036,1602157.27006036,2.3294116058832652,1.855,0.0
758.0,2026,9,30,P,0.014821817491172288,-0.8120107799120244,0,0.1391966370429313,17.85,18.31,QQQ,put,2026-09-30,mid,short,740.745,-0.0,0.0,2.3294116058832652,18.08,0.0
758.0,2026,10,1,C,0.01457708825192569,0.20829361721461231,0,0.15976642332523622,2.26,2.31,QQQ,call,2026-10-01,mid,short,740.745,0.0,0.0,2.3294116058832652,2.285,0.0
758.0,2026,10,1,P,0.01457708825192569,-0.7917063827853876,0,0.06207484694249748,16.47,20.55,QQQ,put,2026-10-01,mid,short,740.745,-0.0,0.0,2.3294116058832652,18.509999999999998,0.0
758.0,2026,10,2,C,0.014140997732059627,0.2303998668983595,238,0.1666330197507352,2.82,2.86,QQQ,call,2026-10-02,mid,short,740.745,1846691.9968462319,1846691.9968462319,2.3294116058832652,2.84,0.0
758.0,2026,10,2,P,0.014140997732059627,-0.7696001331016404,0,0.15237416710632445,18.62,19.13,QQQ,put,2026-10-02,mid,short,740.745,-0.0,0.0,2.3294116058832652,18.875,0.0
758.0,2026,10,9,C,0.012528025792113245,0.2905236881129813,103,0.16553062977902253,4.85,4.93,QQQ,call,2026-10-09,mid,short,740.745,708039.2296718126,708039.2296718126,2.3294116058832652,4.89,0.0
758.0,2026,10,9,P,0.012528025792113245,-0.7094763118870187,0,0.15798677543628972,20.19,20.48,QQQ,put,2026-10-09,mid,short,740.745,-0.0,0.0,2.3294116058832652,20.335,0.0
758.0,2026,10,16,C,0.011079121575004257,0.3310289081892813,0,0.16846665975656644,6.94,6.99,QQQ,call,2026-10-16,mid,short,740.745,0.0,0.0,2.3294116058832652,6.965,0.0
758.0,2026,10,16,P,0.011079121575004257,-0.6689710918107187,0,0.1630231752540007,21.74,22.02,QQQ,put,2026-10-16,mid,short,740.745,-0.0,0.0,2.3294116058832652,21.88,0.0
758.0,2026,10,23,C,0.009891456953471064,0.36074039661420465,69,0.17153141325559024,8.96,9.13,QQQ,call,2026-10-23,mid,short,740.745,374495.68103328475,374495.68103328475,2.3294116058832652,9.045000000000002,0.0
758.0,2026,10,23,P,0.009891456953471064,-0.6392596033857953,0,0.1674840041743259,23.23,23.53,QQQ,put,2026-10-23,mid,short,740.745,-0.0,0.0,2.3294116058832652,23.380000000000003,0.0
758.0,2026,10,30,C,0.00872744289511751,0.3870321441178891,212,0.18030183219004928,11.45,11.61,QQQ,call,2026-10-30,mid,short,740.745,1015220.3957925176,1015220.3957925176,2.3294116058832652,11.53,0.0
758.0,2026,10,30,P,0.00872744289511751,-0.6129678558821109,1,0.17627967225200264,25.1,25.41,QQQ,put,2026-10-30,mid,short,740.745,-4788.7754518514985,4788.7754518514985,2.3294116058832652,25.255000000000003,0.0
758.0,2026,11,30,C,0.006397374901842034,0.4433257124302753,6,0.18898856120454147,19.34,19.66,QQQ,call,2026-11-30,mid,short,740.745,21061.558755110844,21061.558755110844,2.3294116058832652,19.5,0.0
758.0,2026,11,30,P,0.006397374901842034,-0.5566742875697247,48,0.18759109356538584,30.62,30.92,QQQ,put,2026-11-30,mid,short,740.745,-168492.47004088675,168492.47004088675,2.3294116058832652,30.770000000000003,0.0
759.0,2026,9,22,C,0.004379088380079183,0.014001308649060648,948,0.2022665198055992,0.03,0.05,QQQ,call,2026-09-22,mid,short,740.745,2277872.9905480607,2277872.9905480607,2.4644108296377287,0.04,755.0
759.0,2026,9,22,P,0.004379088380079183,-0.9859986913509393,0,0.37902710720991034,16.0,18.97,QQQ,put,2026-09-22,mid,short,740.745,-0.0,0.0,2.4644108296377287,17.485,0.0
759.0,2026,9,23,C,0.007850933584378125,0.03490770586823449,0,0.1779106584994853,0.13,0.14,QQQ,call,2026-09-23,mid,short,740.745,0.0,0.0,2.4644108296377287,0.135,0.0
759.0,2026,9,23,P,0.007850933584378125,-0.9650922941317656,0,0.3171969668188811,17.34,19.48,QQQ,put,2026-09-23,mid,short,740.745,-0.0,0.0,2.4644108296377287,18.41,0.0
759.0,2026,9,24,C,0.010434874681024428,0.059661678583668235,0,0.16797222717793364,0.28,0.3,QQQ,call,2026-09-24,mid,short,740.745,0.0,0.0,2.4644108296377287,0.29000000000000004,0.0
759.0,2026,9,24,P,0.010434874681024428,-0.9403383214163318,0,0.15273756446985995,16.0,18.18,QQQ,put,2026-09-24,mid,short,740.745,-0.0,0.0,2.4644108296377287,17.09,0.0
759.0,2026,9,25,C,0.012334651146622988,0.08911305625811343,416,0.16732438149872855,0.52,0.55,QQQ,call,2026-09-25,mid,short,740.745,2815513.7921184637,2815513.7921184637,2.4644108296377287,0.535,0.0
759.0,2026,9,25,P,0.012334651146622988,-0.9108869437418866,4,0.16382134559189682,17.91,18.4,QQQ,put,2026-09-25,mid,short,740.745,-27072.248001139073,27072.248001139073,2.4644108296377287,18.155,0.0
759.0,2026,9,28,C,0.013575579226781152,0.12017115859608801,65,0.14256418839444074,0.84,0.89,QQQ,call,2026-09-28,mid,short,740.745,484182.60494673345,484182.60494673345,2.4644108296377287,0.865,0.0
759.0,2026,9,28,P,0.013575579226781152,-0.8798288414039119,0,0.11721927893158403,18.07,18.57,QQQ,put,2026-09-28,mid,short,740.745,-0.0,0.0,2.4644108296377287,18.32,0.0
759.0,2026,9,29,C,0.014011454134336429,0.14435860471239928,0,0.14668088438513163,1.16,1.22,QQQ,call,2026-09-29,mid,short,740.745,0.0,0.0,2.4644108296377287,1.19,0.0
759.0,2026,9,29,P,0.014011454134336429,-0.8556413952876007,0,0.12267980719133736,18.22,20.66,QQQ,put,2026-09-29,mid,short,740.745,-0.0,0.0,2.4644108296377287,19.439999999999998,0.0
759.0,2026,9,30,C,0.014116406947627063,0.1732917772515924,250,0.15534228796526084,1.65,1.69,QQQ,call,2026-09-30,mid,short,740.745,1936429.2574449498,1936429.2574449498,2.4644108296377287,1.67,0.0
759.0,2026,9,30,P,0.014116406947627063,-0.8267082227484076,0,0.13835892476744344,18.68,19.15,QQQ,put,2026-09-30,mid,short,740.745,-0.0,0.0,2.4644108296377287,18.915,0.0
759.0,2026,10,1,C,0.013987608738418571,0.1940607280802719,1,0.15954783987658588,2.06,2.11,QQQ,call,2026-10-01,mid,short,740.745,7675.04504602553,7675.04504602553,2.4644108296377287,2.085,0.0
759.0,2026,10,1,P,0.013987608738418571,-0.8059392719197281,0,0.20401056411307938,17.42,21.11,QQQ,put,2026-10-01,mid,short,740.745,-0.0,0.0,2.4644108296377287,19.265,0.0
759.0,2026,10,2,C,0.013665015806571217,0.21662438700377273,242,0.16647526034862786,2.6,2.64,QQQ,call,2026-10-02,mid,short,740.745,1814525.0233407735,1814525.0233407735,2.4644108296377287,2.62,0.0
759.0,2026,10,2,P,0.013665015806571217,-0.7833756129962273,0,0.15279859711305072,19.44,19.92,QQQ,put,2026-10-02,mid,short,740.745,-0.0,0.0,2.4644108296377287,19.68,0.0
759.0,2026,10,9,C,0.012299850134175878,0.2777589545559806,65,0.16481747740445699,4.54,4.64,QQQ,call,2026-10-09,mid,short,740.745,438682.82737220335,438682.82737220335,2.4644108296377287,4.59,0.0
759.0,2026,10,9,P,0.012299850134175878,-0.7222410454440193,0,0.15601865726582095,20.82,21.24,QQQ,put,2026-10-09,mid,short,740.745,-0.0,0.0,2.4644108296377287,21.03,0.0
759.0,2026,10,16,C,0.010945612838373977,0.3199531234796821,0,0.16801506785278367,6.6,6.67,QQQ,call,2026-10-16,mid,short,740.745,0.0,0.0,2.4644108296377287,6.635,0.0
759.0,2026,10,16,P,0.010945612838373977,-0.6800468765203179,0,0.16267600220748707,22.41,22.69,QQQ,put,2026-10-16,mid,short,740.745,-0.0,0.0,2.4644108296377287,22.55,0.0
759.0,2026,10,23,C,0.009820458289521328,0.35067685593842446,261,0.17110155354327491,8.59,8.75,QQQ,call,2026-10-23,mid,short,740.745,1406402.7927327114,1406402.7927327114,2.4644108296377287,8.67,0.0
759.0,2026,10,23,P,0.009820458289521328,-0.6493231440615755,0,0.16717889358594273,23.87,24.18,QQQ,put,2026-10-23,mid,short,740.745,-0.0,0.0,2.4644108296377287,24.025,0.0
759.0,2026,10,30,C,0.008688680971715445,0.37819041035482853,694,0.17984893533817475,11.05,11.21,QQQ,call,2026-10-30,mid,short,740.745,3308649.623557048,3308649.623557048,2.4644108296377287,11.13,0.0
759.0,2026,10,30,P,0.008688680971715445,-0.6218095896451714,0,0.1759532147125196,25.71,26.03,QQQ,put,2026-10-30,mid,short,740.745,-0.0,0.0,2.4644108296377287,25.87,0.0
759.0,2026,11,30,C,0.006394946971545105,0.43688715491893393,9,0.1886292173799154,18.89,19.2,QQQ,call,2026-11-30,mid,short,740.745,31580.348215539318,31580.348215539318,2.4644108296377287,19.045,0.0
759.0,2026,11,30,P,0.006394946971545105,-0.5631128450810661,0,0.18744461372061444,31.19,31.47,QQQ,put,2026-11-30,mid,short,740.745,-0.0,0.0,2.4644108296377287,31.33,0.0
760.0,2026,9,22,C,0.004039448988861969,0.013442199069630335,109,0.21178110018025506,0.03,0.05,QQQ,call,2026-09-22,mid,short,740.745,241593.96611787085,241593.96611787085,2.599410053392192,0.04,4221.0
760.0,2026,9,22,P,0.004039448988861969,-0.9865578009303697,0,0.3936548921922869,18.3,19.97,QQQ,put,2026-09-22,mid,short,740.745,-0.0,0.0,2.599410053392192,19.134999999999998,0.0
760.0,2026,9,23,C,0.006671470808910701,0.028955930301760073,23,0.17777106264911238,0.1,0.12,QQQ,call,2026-09-23,mid,short,740.745,84195.11287464928,84195.11287464928,2.599410053392192,0.11,0.0
760.0,2026,9,23,P,0.006671470808910701,-0.97104406969824,0,0.32701976533530297,18.31,20.46,QQQ,put,2026-09-23,mid,short,740.745,-0.0,0.0,2.599410053392192,19.384999999999998,0.0
760.0,2026,9,24,C,0.009202043803407257,0.05132027860200481,72,0.16823692140074445,0.23,0.26,QQQ,call,2026-09-24,mid,short,740.745,363541.7136677625,363541.7136677625,2.599410053392192,0.245,0.0
760.0,2026,9,24,P,0.009202043803407257,-0.9486797213979952,0,0.2733810408670194,16.96,20.49,QQQ,put,2026-09-24,mid,short,740.745,-0.0,0.0,2.599410053392192,18.725,0.0
760.0,2026,9,25,C,0.011188288447115542,0.07883719332333304,1365,0.168140242108618,0.45,0.48,QQQ,call,2026-09-25,mid,short,740.745,8379802.117407706,8379802.117407706,2.599410053392192,0.46499999999999997,0.0
760.0,2026,9,25,P,0.011188288447115542,-0.921162806676667,0,0.1436644298415945,18.89,19.14,QQQ,put,2026-09-25,mid,short,740.745,-0.0,0.0,2.599410053392192,19.015,0.0
760.0,2026,9,28,C,0.01255920757757777,0.10827917323925426,55,0.14351653434319564,0.75,0.78,QQQ,call,2026-09-28,mid,short,740.745,379020.22523369454,379020.22523369454,2.599410053392192,0.765,0.0
760.0,2026,9,28,P,0.01255920757757777,-0.8917208267607457,0,0.11542095549426411,18.98,19.48,QQQ,put,2026-09-28,mid,short,740.745,-0.0,0.0,2.599410053392192,19.23,0.0
760.0,2026,9,29,C,0.013129920049647333,0.13167579765997472,32,0.1471507609619807,1.04,1.09,QQQ,call,2026-09-29,mid,short,740.745,230541.7138069599,230541.7138069599,2.599410053392192,1.065,0.0
760.0,2026,9,29,P,0.013129920049647333,-0.8683242023400253,0,0.21506802854836085,17.5,21.57,QQQ,put,2026-09-29,mid,short,740.745,-0.0,0.0,2.599410053392192,19.535,0.0
760.0,2026,9,30,C,0.013400919436957487,0.16017128829416336,3426,0.15567222210500764,1.5,1.53,QQQ,call,2026-09-30,mid,short,740.745,25191812.332158685,25191812.332158685,2.599410053392192,1.5150000000000001,0.0
760.0,2026,9,30,P,0.013400919436957487,-0.8398287117058366,3,0.13766828828278785,19.53,20.0,QQQ,put,2026-09-30,mid,short,740.745,-22059.38032588326,22059.38032588326,2.599410053392192,19.765,0.0
760.0,2026,10,1,C,0.013388324042844317,0.18023728933675343,35,0.15920520074953354,1.87,1.92,QQQ,call,2026-10-01,mid,short,740.745,257117.54749820087,257117.54749820087,2.599410053392192,1.895,0.0
760.0,2026,10,1,P,0.013388324042844317,-0.8197627106632466,0,0.13778281363406084,19.65,21.7,QQQ,put,2026-10-01,mid,short,740.745,-0.0,0.0,2.599410053392192,20.674999999999997,0.0
760.0,2026,10,2,C,0.01318205507980796,0.20299659027016528,1625,0.16622211969771605,2.39,2.42,QQQ,call,2026-10-02,mid,short,740.745,11753682.219506431,11753682.219506431,2.599410053392192,2.4050000000000002,0.0
760.0,2026,10,2,P,0.01318205507980796,-0.7970034097298347,0,0.152276646796223,20.24,20.73,QQQ,put,2026-10-02,mid,short,740.745,-0.0,0.0,2.599410053392192,20.485,0.0
760.0,2026,10,5,C,0.01307046029780556,0.21885201865255083,0,0.15474907494473314,2.75,2.83,QQQ,call,2026-10-05,mid,short,740.745,0.0,0.0,2.599410053392192,2.79,0.0
760.0,2026,10,5,P,0.01307046029780556,-0.7811479813474491,0,0.08401345704429326,18.48,22.73,QQQ,put,2026-10-05,mid,short,740.745,-0.0,0.0,2.599410053392192,20.605,0.0
760.0,2026,10,9,C,0.01204395458058898,0.2656288517559355,727,0.16478292031650885,4.28,4.36,QQQ,call,2026-10-09,mid,short,740.745,4804420.1228312515,4804420.1228312515,2.599410053392192,4.32,0.0
760.0,2026,10,9,P,0.01204395458058898,-0.7343711482440645,1,0.1540931557423966,21.47,22.07,QQQ,put,2026-10-09,mid,short,740.745,-6608.555877346974,6608.555877346974,2.599410053392192,21.77,0.0
760.0,2026,10,16,C,0.01080727097216543,0.3089103348207463,8330,0.16769026981973095,6.28,6.34,QQQ,call,2026-10-16,mid,short,740.745,49396764.05137846,49396764.05137846,2.599410053392192,6.3100000000000005,0.0
760.0,2026,10,16,P,0.01080727097216543,-0.6910896651792537,250,0.16245546813808795,23.1,23.38,QQQ,put,2026-10-16,mid,short,740.745,-1482495.9199093175,1482495.9199093175,2.599410053392192,23.240000000000002,0.0
760.0,2026,10,23,C,0.009733974484707907,0.34085608560153496,2896,0.170794739029293,8.24,8.4,QQQ,call,2026-10-23,mid,short,740.745,15467717.030964255,15467717.030964255,2.599410053392192,8.32,0.0
760.0,2026,10,23,P,0.009733974484707907,-0.659143914398465,31,0.16687242538238112,24.52,24.84,QQQ,put,2026-10-23,mid,short,740.745,-165572.9378314544,165572.9378314544,2.599410053392192,24.68,0.0
760.0,2026,10,30,C,0.008644732932699644,0.3693901915669258,2540,0.17940802286305635,10.66,10.82,QQQ,call,2026-10-30,mid,short,740.745,12048216.275682872,12048216.275682872,2.599410053392192,10.74,0.0
760.0,2026,10,30,P,0.008644732932699644,-0.6306098084330742,358,0.17563862927652135,26.33,26.65,QQQ,put,2026-10-30,mid,short,740.745,-1698134.419958452,1698134.419958452,2.599410053392192,26.49,0.0
760.0,2026,11,20,C,0.006765443150991111,0.4184451488681694,26664,0.19143496030151141,16.72,16.89,QQQ,call,2026-11-20,mid,short,740.745,98982634.1357571,98982634.1357571,2.599410053392192,16.805,0.0
760.0,2026,11,20,P,0.006765443150991111,-0.5815548511318306,445,0.18852965439921815,30.65,30.9,QQQ,put,2026-11-20,mid,short,740.745,-1651937.9009305397,1651937.9009305397,2.599410053392192,30.775,0.0
760.0,2026,11,30,C,0.00639239664693949,0.430420187739923,110,0.18814144742777647,18.43,18.75,QQQ,call,2026-11-30,mid,short,740.745,385828.1029181622,385828.1029181622,2.599410053392192,18.59,0.0
760.0,2026,11,30,P,0.00639239664693949,-0.569579812260077,23,0.18724897401764762,31.76,32.03,QQQ,put,2026-11-30,mid,short,740.745,-80673.14879197937,80673.14879197937,2.599410053392192,31.895000000000003,0.0
760.0,2026,12,18,C,0.005476872857199718,0.45418842364984735,17284,0.19827580614689874,23.41,23.59,QQQ,call,2026-12-18,mid,short,740.745,51941486.46533884,51941486.46533884,2.599410053392192,23.5,0.0
760.0,2026,12,18,P,0.005476872857199718,-0.5458115763501526,3692,0.19579582757444014,35.01,35.3,QQQ,put,2026-12-18,mid,short,740.745,-11095115.021408875,11095115.021408875,2.599410053392192,35.155,0.0
760.0,2026,12,31,C,0.005179385850234378,0.4645119972049804,1047,0.1960755666827992,25.56,25.8,QQQ,call,2026-12-31,mid,short,740.745,2975516.788899871,2975516.788899871,2.599410053392192,25.68,0.0
760.0,2026,12,31,P,0.005179385850234378,-0.5354880027950196,241,0.19719980040856622,36.62,37.05,QQQ,put,2026-12-31,mid,short,740.745,-684908.8310648223,684908.8310648223,2.599410053392192,36.834999999999994,0.0
760.0,2027,1,15,C,0.0047365596315810336,0.4771625930875137,7788,0.20042684892784318,28.99,29.29,QQQ,call,2027-01-15,mid,short,740.745,20240741.085172255,20240741.085172255,2.599410053392192,29.14,0.0
760.0,2027,1,15,P,0.0047365596315810336,-0.5228374069124864,1710,0.20011812818374147,38.59,38.96,QQQ,put,2027-01-15,mid,short,740.745,-4444230.515619486,4444230.515619486,2.599410053392192,38.775000000000006,0.0
760.0,2027,2,19,C,0.004043955211239028,0.4992774090721716,3232,0.2060300692977643,36.02,36.4,QQQ,call,2027-02-19,mid,short,740.745,7171584.937659237,7171584.937659237,2.599410053392192,36.21,0.0
760.0,2027,2,19,P,0.004043955211239028,-0.5007225909278283,3241,0.20545860950057615,42.69,43.06,QQQ,put,2027-02-19,mid,short,740.745,-7191555.316507918,7191555.316507918,2.599410053392192,42.875,0.0
760.0,2027,3,19,C,0.0036087479011897745,0.5135790481978686,6394,0.21197163757214643,41.75,42.17,QQQ,call,2027-03-19,mid,short,740.745,12660959.909910692,12660959.909910692,2.599410053392192,41.96,0.0
760.0,2027,3,19,P,0.0036087479011897745,-0.48642095180213146,689,0.210270847798384,45.89,46.31,QQQ,put,2027-03-19,mid,short,740.745,-1364310.506401074,1364310.506401074,2.599410053392192,46.1,0.0
760.0,2027,3,31,C,0.0034744349266083168,0.5186909540064779,689,0.205876240790761,42.34,45.83,QQQ,call,2027-03-31,mid,short,740.745,1313532.6168435772,1313532.6168435772,2.599410053392192,44.085,0.0
760.0,2027,3,31,P,0.0034744349266083168,-0.48130904599352203,25,0.20647374605827606,45.98,47.71,QQQ,put,2027-03-31,mid,short,740.745,-47660.835153975946,47660.835153975946,2.599410053392192,46.845,0.0
760.0,2027,6,17,C,0.002737559423442275,0.5466615107577413,6255,0.22207932931093236,57.57,60.35,QQQ,call,2027-06-17,mid,short,740.745,9395682.366908532,9395682.366908532,2.599410053392192,58.96,0.0
760.0,2027,6,17,P,0.002737559423442275,-0.4533384892422587,2477,0.2208586585436609,54.44,55.77,QQQ,put,2027-06-17,mid,short,740.745,-3720720.2594456323,3720720.2594456323,2.599410053392192,55.105000000000004,0.0
760.0,2027,6,30,C,0.002678948079616115,0.5501368192298992,299,0.2206812102671007,59.04,62.25,QQQ,call,2027-06-30,mid,short,740.745,439514.2317666248,439514.2317666248,2.599410053392192,60.644999999999996,0.0
760.0,2027,6,30,P,0.002678948079616115,-0.4498631807701008,38,0.2199553892190869,54.98,57.34,QQQ,put,2027-06-30,mid,short,740.745,-55857.996010474046,55857.996010474046,2.599410053392192,56.16,0.0
760.0,2027,9,17,C,0.0022717577504175793,0.5699540458688013,772,0.22814175591182462,71.68,75.48,QQQ,call,2027-09-17,mid,short,740.745,962313.9380223124,962313.9380223124,2.599410053392192,73.58000000000001,0.0
760.0,2027,9,17,P,0.0022717577504175793,-0.4300459541311988,320,0.2267420851802363,61.05,63.36,QQQ,put,2027-09-17,mid,short,740.745,-398886.6064341191,398886.6064341191,2.599410053392192,62.205,0.0
760.0,2027,12,17,C,0.001981590894213521,0.588085395364435,1158,0.2316370464205457,84.13,88.37,QQQ,call,2027-12-17,mid,short,740.745,1259099.3933723257,1259099.3933723257,2.599410053392192,86.25,0.0
760.0,2027,12,17,P,0.001981590894213521,-0.41191460463556495,632,0.2280446921385124,65.5,68.89,QQQ,put,2027-12-17,mid,short,740.745,-687176.8709942226,687176.8709942226,2.599410053392192,67.195,0.0
760.0,2028,1,21,C,0.0018958680593857337,0.5942234813910212,941,0.2322497378565652,88.5,93.0,QQQ,call,2028-01-21,mid,short,740.745,978892.9273400077,978892.9273400077,2.599410053392192,90.75,0.0
760.0,2028,1,21,P,0.0018958680593857337,-0.40577651860897884,188,0.2284714650248535,67.0,72.0,QQQ,put,2028-01-21,mid,short,740.745,-195570.53171086233,195570.53171086233,2.599410053392192,69.5,0.0
760.0,2028,6,16,C,0.0015905688294902518,0.6168570343738883,561,0.2391053569252801,107.5,112.5,QQQ,call,2028-06-16,mid,short,740.745,489612.82574943034,489612.82574943034,2.599410053392192,110.0,0.0
760.0,2028,6,16,P,0.0015905688294902518,-0.3831429656261117,315,0.234428321373091,74.0,79.0,QQQ,put,2028-06-16,mid,short,740.745,-274916.29253310256,274916.29253310256,2.599410053392192,76.5,0.0
760.0,2028,12,15,C,0.0013462226154186596,0.6396634493728961,346,0.2455599860430006,129.0,133.5,QQQ,call,2028-12-15,mid,short,740.745,255582.10237039413,255582.10237039413,2.599410053392192,131.25,0.0
760.0,2028,12,15,P,0.0013462226154186596,-0.3603365506271039,413,0.24136449669417206,81.5,85.5,QQQ,put,2028-12-15,mid,short,740.745,-305073.4343322912,305073.4343322912,2.599410053392192,83.5,0.0
760.0,2029,1,19,C,0.001316586910526552,0.6435564403356829,2,0.24442840275846323,132.0,137.0,QQQ,call,2029-01-19,mid,short,740.745,1444.8307833410734,1444.8307833410734,2.599410053392192,134.5,0.0
760.0,2029,1,19,P,0.001316586910526552,-0.35644355966431707,0,0.24187071371988045,82.5,87.5,QQQ,put,2029-01-19,mid,short,740.745,-0.0,0.0,2.599410053392192,85.0,0.0
761.0,2026,9,30,C,0.01268849655527905,0.1476354586609427,165,0.15556255159679333,1.35,1.39,QQQ,call,2026-09-30,mid,short,740.745,1148765.985246901,1148765.985246901,2.7344092771466557,1.37,0.0
761.0,2026,9,30,P,0.01268849655527905,-0.8523645413390573,0,0.13720135430068225,20.4,20.88,QQQ,put,2026-09-30,mid,short,740.745,-0.0,0.0,2.7344092771466557,20.64,0.0
761.0,2026,11,30,C,0.006388438828047275,0.42394362033991584,208,0.1878388808930469,18.0,18.28,QQQ,call,2026-11-30,mid,short,740.745,729114.1604518205,729114.1604518205,2.7344092771466557,18.14,0.0
761.0,2026,11,30,P,0.006388438828047275,-0.5760563796600842,1,0.18684641865464474,32.31,32.59,QQQ,put,2026-11-30,mid,short,740.745,-3505.3565406337534,3505.3565406337534,2.7344092771466557,32.45,0.0
762.0,2026,9,30,C,0.011984627190961421,0.1360089720668576,185,0.1557565729876774,1.22,1.26,QQQ,call,2026-09-30,mid,short,740.745,1216560.5090236033,1216560.5090236033,2.869408500901119,1.24,0.0
762.0,2026,9,30,P,0.011984627190961421,-0.8639910279331424,2,0.13893968064875617,21.33,21.76,QQQ,put,2026-09-30,mid,short,740.745,-13152.005502957869,13152.005502957869,2.869408500901119,21.545,0.0
762.0,2026,11,30,C,0.006379292594040406,0.41752929039717357,53,0.18740737897527845,17.56,17.86,QQQ,call,2026-11-30,mid,short,740.745,185517.91257841216,185517.91257841216,2.869408500901119,17.71,0.0
762.0,2026,11,30,P,0.006379292594040406,-0.5824707096028264,2,0.1865509582438283,32.88,33.17,QQQ,put,2026-11-30,mid,short,740.745,-7000.675946355176,7000.675946355176,2.869408500901119,33.025000000000006,0.0
763.0,2026,9,30,C,0.011286456632453297,0.12470874385072414,84,0.1554980468402767,1.09,1.14,QQQ,call,2026-09-30,mid,short,740.745,520204.80651551666,520204.80651551666,3.0044077246555827,1.115,0.0
763.0,2026,9,30,P,0.011286456632453297,-0.8752912561492758,0,0.13476441776767134,22.15,22.66,QQQ,put,2026-09-30,mid,short,740.745,-0.0,0.0,3.0044077246555827,22.405,0.0
763.0,2026,11,30,C,0.006369989517729814,0.4110896006831646,19,0.18700410400344245,17.13,17.43,QQQ,call,2026-11-30,mid,short,740.745,66409.43357123603,66409.43357123603,3.0044077246555827,17.28,0.0
763.0,2026,11,30,P,0.006369989517729814,-0.5889103993168354,1,0.186443009486544,33.48,33.76,QQQ,put,2026-11-30,mid,short,740.745,-3495.2333458545268,3495.2333458545268,3.0044077246555827,33.62,0.0
764.0,2026,9,30,C,0.010613129858097078,0.11472617700321501,138,0.15562720928995882,0.98,1.04,QQQ,call,2026-09-30,mid,short,740.745,803637.1816202498,803637.1816202498,3.1394069484100458,1.01,0.0
764.0,2026,9,30,P,0.010613129858097078,-0.885273822996785,0,0.13433804330361754,23.06,23.57,QQQ,put,2026-09-30,mid,short,740.745,-0.0,0.0,3.1394069484100458,23.314999999999998,0.0
764.0,2026,11,30,C,0.00635925716998876,0.40464752720614305,29,0.18662934755419974,16.71,17.0,QQQ,call,2026-11-30,mid,short,740.745,101190.98971085736,101190.98971085736,3.1394069484100458,16.855,0.0
764.0,2026,11,30,P,0.00635925716998876,-0.595352472793857,1,0.18620648757094904,34.07,34.35,QQQ,put,2026-11-30,mid,short,740.745,-3489.344472788186,3489.344472788186,3.1394069484100458,34.21,0.0
765.0,2026,9,22,C,0.002177203918988574,0.0077601434212858115,141,0.2462764952000253,0.02,0.03,QQQ,call,2026-09-22,mid,short,740.745,168444.05098693733,168444.05098693733,3.2744061721645097,0.025,3042.0
765.0,2026,9,22,P,0.002177203918988574,-0.9922398565787142,0,0.39181257018566906,22.0,24.56,QQQ,put,2026-09-22,mid,short,740.745,-0.0,0.0,3.2744061721645097,23.28,0.0
765.0,2026,9,23,C,0.0033945355132083683,0.014468941645681403,33,0.188989993416709,0.04,0.07,QQQ,call,2026-09-23,mid,short,740.745,61465.54741608069,61465.54741608069,3.2744061721645097,0.05500000000000001,0.0
765.0,2026,9,23,P,0.0033945355132083683,-0.9855310583543186,0,0.3812663786420398,23.21,25.45,QQQ,put,2026-09-23,mid,short,740.745,-0.0,0.0,3.2744061721645097,24.33,0.0
765.0,2026,9,24,C,0.00501030357300939,0.026181134659228215,61,0.17802801783177455,0.11,0.13,QQQ,call,2026-09-24,mid,short,740.745,167699.3320667402,167699.3320667402,3.2744061721645097,0.12,0.0
765.0,2026,9,24,P,0.00501030357300939,-0.9738188653407718,0,0.3190599652680714,21.77,25.49,QQQ,put,2026-09-24,mid,short,740.745,-0.0,0.0,3.2744061721645097,23.63,0.0
765.0,2026,9,25,C,0.006723672409818859,0.043287909048887095,801,0.174780021573572,0.23,0.25,QQQ,call,2026-09-25,mid,short,740.745,2955129.511962344,2955129.511962344,3.2744061721645097,0.24,0.0
765.0,2026,9,25,P,0.006723672409818859,-0.9567120909511129,0,0.1803076618634673,23.69,24.19,QQQ,put,2026-09-25,mid,short,740.745,-0.0,0.0,3.2744061721645097,23.94,0.0
765.0,2026,9,28,C,0.00820790716169894,0.06345623510268358,6,0.1466161397435398,0.4,0.43,QQQ,call,2026-09-28,mid,short,740.745,27022.227334659,27022.227334659,3.2744061721645097,0.41500000000000004,0.0
765.0,2026,9,28,P,0.00820790716169894,-0.9365437648973164,0,0.22230231748464918,21.92,25.52,QQQ,put,2026-09-28,mid,short,740.745,-0.0,0.0,3.2744061721645097,23.72,0.0
765.0,2026,9,29,C,0.009143718335662234,0.08179166593828834,104,0.14954311489136277,0.59,0.63,QQQ,call,2026-09-29,mid,short,740.745,521787.45834153227,521787.45834153227,3.2744061721645097,0.61,0.0
765.0,2026,9,29,P,0.009143718335662234,-0.9182083340617117,0,0.22400442382706895,22.03,25.89,QQQ,put,2026-09-29,mid,short,740.745,-0.0,0.0,3.2744061721645097,23.96,0.0
765.0,2026,9,30,C,0.009970242460713374,0.10581730090234477,3976,0.15673120569133436,0.9,0.94,QQQ,call,2026-09-30,mid,short,740.745,21751517.094361212,21751517.094361212,3.2744061721645097,0.9199999999999999,0.0
765.0,2026,9,30,P,0.009970242460713374,-0.8941826990976552,0,0.13325347719763486,23.97,24.49,QQQ,put,2026-09-30,mid,short,740.745,-0.0,0.0,3.2744061721645097,24.229999999999997,0.0
765.0,2026,10,1,C,0.010367200127138362,0.12348046904664328,0,0.15976604611383136,1.17,1.21,QQQ,call,2026-10-01,mid,short,740.745,0.0,0.0,3.2744061721645097,1.19,0.0
765.0,2026,10,1,P,0.010367200127138362,-0.8765195309533567,0,0.21637081941025305,22.41,26.28,QQQ,put,2026-10-01,mid,short,740.745,-0.0,0.0,3.2744061721645097,24.345,0.0
765.0,2026,10,2,C,0.010639455631210099,0.14472886223648354,829,0.1656954756982649,1.55,1.59,QQQ,call,2026-10-02,mid,short,740.745,4839621.481379999,4839621.481379999,3.2744061721645097,1.57,0.0
765.0,2026,10,2,P,0.010639455631210099,-0.8552711377635165,1,0.17163742251399144,22.84,25.06,QQQ,put,2026-10-02,mid,short,740.745,-5837.902872593486,5837.902872593486,3.2744061721645097,23.95,0.0
765.0,2026,10,5,C,0.010808019329518076,0.16023887473314335,0,0.15462038579176662,1.85,1.9,QQQ,call,2026-10-05,mid,short,740.745,0.0,0.0,3.2744061721645097,1.875,0.0
765.0,2026,10,5,P,0.010808019329518076,-0.8397611252668566,0,0.199112687138875,22.73,26.69,QQQ,put,2026-10-05,mid,short,740.745,-0.0,0.0,3.2744061721645097,24.71,0.0
765.0,2026,10,9,C,0.010625275901529844,0.20882332178834143,687,0.16381712800411985,3.11,3.16,QQQ,call,2026-10-09,mid,short,740.745,4005294.0957940216,4005294.0957940216,3.2744061721645097,3.135,0.0
765.0,2026,10,9,P,0.010625275901529844,-0.7911766782116586,1,0.15322953313674173,25.37,25.99,QQQ,put,2026-10-09,mid,short,740.745,-5830.1224101805265,5830.1224101805265,3.2744061721645097,25.68,0.0
765.0,2026,10,16,C,0.00997173103133769,0.256456692465035,7189,0.1662021944631568,4.85,4.9,QQQ,call,2026-10-16,mid,short,740.745,39334759.27822344,39334759.27822344,3.2744061721645097,4.875,0.0
765.0,2026,10,16,P,0.00997173103133769,-0.743543307534965,257,0.16311061866330934,26.82,27.11,QQQ,put,2026-10-16,mid,short,740.745,-1406180.711434612,1406180.711434612,3.2744061721645097,26.965,0.0
765.0,2026,10,23,C,0.009219830127607348,0.29284842718442317,560,0.16905288829895498,6.62,6.77,QQQ,call,2026-10-23,mid,short,740.745,2833011.932695112,2833011.932695112,3.2744061721645097,6.695,0.0
765.0,2026,10,23,P,0.009219830127607348,-0.7071515728155768,0,0.16616247567554002,27.98,28.3,QQQ,put,2026-10-23,mid,short,740.745,-0.0,0.0,3.2744061721645097,28.14,0.0
765.0,2026,10,30,C,0.008330177321821033,0.32678427734478893,1802,0.17752076774289285,8.87,9.1,QQQ,call,2026-10-30,mid,short,740.745,8236571.830278433,8236571.830278433,3.2744061721645097,8.985,0.0
765.0,2026,10,30,P,0.008330177321821033,-0.6732157226552111,26,0.17462065959989873,29.61,29.94,QQQ,put,2026-10-30,mid,short,740.745,-118840.65903842355,118840.65903842355,3.2744061721645097,29.775,0.0
765.0,2026,11,20,C,0.006681389317996261,0.38458132214891144,5928,0.18958339601445495,14.66,14.84,QQQ,call,2026-11-20,mid,short,740.745,21732637.23570038,21732637.23570038,3.2744061721645097,14.75,0.0
765.0,2026,11,20,P,0.006681389317996261,-0.6154186778510886,329,0.18698544065287684,33.6,33.89,QQQ,put,2026-11-20,mid,short,740.745,-1206146.7021837758,1206146.7021837758,3.2744061721645097,33.745000000000005,0.0
765.0,2026,11,30,C,0.00634461559253667,0.3982595724896249,85,0.18644326603926792,16.32,16.57,QQQ,call,2026-11-30,mid,short,740.745,295911.4004088829,295911.4004088829,3.2744061721645097,16.445,0.0
765.0,2026,11,30,P,0.00634461559253667,-0.601740427510375,0,0.18591993582213856,34.66,34.95,QQQ,put,2026-11-30,mid,short,740.745,-0.0,0.0,3.2744061721645097,34.805,0.0
765.0,2026,12,18,C,0.00547293476515325,0.426632304951977,7064,0.1963369050247085,21.14,21.32,QQQ,call,2026-12-18,mid,short,740.745,21213309.070863854,21213309.070863854,3.2744061721645097,21.23,0.0
765.0,2026,12,18,P,0.00547293476515325,-0.573367695048023,360,0.19402659208595863,37.72,38.1,QQQ,put,2026-12-18,mid,short,740.745,-1081085.9662388146,1081085.9662388146,3.2744061721645097,37.91,0.0
765.0,2026,12,31,C,0.005184629098382431,0.4385296190815283,2194,0.1943360847562794,23.26,23.49,QQQ,call,2026-12-31,mid,short,740.745,6241540.222553593,6241540.222553593,3.2744061721645097,23.375,0.0
765.0,2026,12,31,P,0.005184629098382431,-0.5614703809184717,1732,0.19615310201388506,39.37,39.79,QQQ,put,2026-12-31,mid,short,740.745,-4927232.299664004,4927232.299664004,3.2744061721645097,39.58,0.0
765.0,2027,1,15,C,0.004754336219649021,0.45339272190338087,4984,0.19865621527364144,26.62,26.91,QQQ,call,2027-01-15,mid,short,740.745,13001856.910314908,13001856.910314908,3.2744061721645097,26.765,0.0
765.0,2027,1,15,P,0.004754336219649021,-0.5466072780966191,980,0.19915072956420315,41.29,41.66,QQQ,put,2027-01-15,mid,short,740.745,-2556544.8980956282,2556544.8980956282,3.2744061721645097,41.474999999999994,0.0
765.0,2027,2,19,C,0.00407389838877779,0.47899934515301945,275,0.2041171665208439,33.51,33.93,QQQ,call,2027-02-19,mid,short,740.745,614724.2472727501,614724.2472727501,3.2744061721645097,33.72,0.0
765.0,2027,2,19,P,0.00407389838877779,-0.5210006548469805,641,0.20418800803199202,45.22,45.7,QQQ,put,2027-02-19,mid,short,740.745,-1432866.3363703017,1432866.3363703017,3.2744061721645097,45.46,0.0
765.0,2027,3,19,C,0.0036379288895300645,0.49556424990434317,2691,0.21039727986955725,39.24,39.65,QQQ,call,2027-03-19,mid,short,740.745,5371620.972957726,5371620.972957726,3.2744061721645097,39.445,0.0
765.0,2027,3,19,P,0.0036379288895300645,-0.5044357500956569,276,0.20974655931727404,48.5,48.87,QQQ,put,2027-03-19,mid,short,740.745,-550935.4844059205,550935.4844059205,3.2744061721645097,48.685,0.0
765.0,2027,3,31,C,0.003508397658353761,0.501284923075891,96,0.2043716599045761,39.82,43.17,QQQ,call,2027-03-31,mid,short,740.745,184806.61096521895,184806.61096521895,3.2744061721645097,41.495000000000005,0.0
765.0,2027,3,31,P,0.003508397658353761,-0.498715076924109,32,0.20568700359144668,48.51,50.24,QQQ,put,2027-03-31,mid,short,740.745,-61602.20365507299,61602.20365507299,3.2744061721645097,49.375,0.0
765.0,2027,6,17,C,0.0027645634759690075,0.533057579755384,6973,0.22064956510856185,54.96,57.74,QQQ,call,2027-06-17,mid,short,740.745,10577515.943776187,10577515.943776187,3.2744061721645097,56.35,0.0
765.0,2027,6,17,P,0.0027645634759690075,-0.4669424202446159,552,0.21443235802517815,55.42,59.04,QQQ,put,2027-06-17,mid,short,740.745,-837342.4352451535,837342.4352451535,3.2744061721645097,57.230000000000004,0.0
765.0,2027,6,30,C,0.0026969556900358306,0.5369702164239887,67,0.21931326322428854,56.43,60.0,QQQ,call,2027-06-30,mid,short,740.745,99148.48243771419,99148.48243771419,3.2744061721645097,58.215,0.0
765.0,2027,6,30,P,0.0026969556900358306,-0.4630297835760114,11,0.21894631690242583,57.31,60.64,QQQ,put,2027-06-30,mid,short,740.745,-16278.109056938149,16278.109056938149,3.2744061721645097,58.975,0.0
765.0,2027,9,17,C,0.0022972499966626664,0.5586752837084701,2721,0.2268189538383969,69.02,72.72,QQQ,call,2027-09-17,mid,short,740.745,3429843.141576984,3429843.141576984,3.2744061721645097,70.87,0.0
765.0,2027,9,17,P,0.0022972499966626664,-0.4413247162915299,61,0.22626468638437683,63.44,65.75,QQQ,put,2027-09-17,mid,short,740.745,-76891.00758404852,76891.00758404852,3.2744061721645097,64.595,0.0
765.0,2027,12,17,C,0.0019912650640316787,0.5784431010288312,2392,0.2305713675074954,81.5,86.5,QQQ,call,2027-12-17,mid,short,740.745,2613531.308115576,2613531.308115576,3.2744061721645097,84.0,0.0
765.0,2027,12,17,P,0.0019912650640316787,-0.42155689897116877,2136,0.22709646112203907,67.66,72.5,QQQ,put,2027-12-17,mid,short,740.745,-2333822.2717955145,2333822.2717955145,3.2744061721645097,70.08,0.0
765.0,2028,1,21,C,0.0019213168335486235,0.5848038107283635,357,0.23011810900057048,85.5,90.2,QQQ,call,2028-01-21,mid,short,740.745,376361.04118836584,376361.04118836584,3.2744061721645097,87.85,0.0
765.0,2028,1,21,P,0.0019213168335486235,-0.4151961892716365,362,0.22863765220560903,69.5,74.0,QQQ,put,2028-01-21,mid,short,740.745,-381632.20423021965,381632.20423021965,3.2744061721645097,71.75,0.0
765.0,2028,6,16,C,0.0016040075555754118,0.6090623301630655,980,0.23851424427758772,105.0,110.0,QQQ,call,2028-06-16,mid,short,740.745,862521.5262996032,862521.5262996032,3.2744061721645097,107.5,0.0
765.0,2028,6,16,P,0.0016040075555754118,-0.3909376698369345,41,0.23476025061055372,76.5,81.0,QQQ,put,2028-06-16,mid,short,740.745,-36085.084263554825,36085.084263554825,3.2744061721645097,78.75,0.0
765.0,2028,12,15,C,0.0013611905737641928,0.6330407554453471,97,0.24376624896799048,126.0,131.0,QQQ,call,2028-12-15,mid,short,740.745,72448.28755422616,72448.28755422616,3.2744061721645097,128.5,0.0
765.0,2028,12,15,P,0.0013611905737641928,-0.3669592445546529,4,0.24062246472924878,83.5,88.5,QQQ,put,2028-12-15,mid,short,740.745,-2987.55824965881,2987.55824965881,3.2744061721645097,86.0,0.0
765.0,2029,1,19,C,0.0013280676337866196,0.6371124121641751,0,0.2438427119097323,129.5,134.5,QQQ,call,2029-01-19,mid,short,740.745,0.0,0.0,3.2744061721645097,132.0,0.0
765.0,2029,1,19,P,0.0013280676337866196,-0.3628875878358248,0,0.2423502341656246,85.0,89.5,QQQ,put,2029-01-19,mid,short,740.745,-0.0,0.0,3.2744061721645097,87.25,0.0
766.0,2026,9,30,C,0.009325022780264623,0.09660707357279537,145,0.1564962486790373,0.8,0.85,QQQ,call,2026-09-30,mid,short,740.745,741917.0659306234,741917.0659306234,3.4094053959189727,0.825,0.0
766.0,2026,9,30,P,0.009325022780264623,-0.9033929264272046,0,0.1327844967106448,24.9,25.42,QQQ,put,2026-09-30,mid,short,740.745,-0.0,0.0,3.4094053959189727,25.16,0.0
766.0,2026,11,30,C,0.006333452943718779,0.3917585788339056,34,0.18588661732846454,15.89,16.15,QQQ,call,2026-11-30,mid,short,740.745,118156.3108223095,118156.3108223095,3.4094053959189727,16.02,0.0
766.0,2026,11,30,P,0.006333452943718779,-0.6082414211660945,0,0.18574337455865736,35.27,35.56,QQQ,put,2026-11-30,mid,short,740.745,-0.0,0.0,3.4094053959189727,35.415000000000006,0.0
767.0,2026,9,30,C,0.008728581516441247,0.08888001554810543,337,0.15738778887859617,0.73,0.77,QQQ,call,2026-09-30,mid,short,740.745,1614027.8731169393,1614027.8731169393,3.5444046196734367,0.75,0.0
767.0,2026,9,30,P,0.008728581516441247,-0.9111199844518946,1,0.13242765242557883,25.84,26.36,QQQ,put,2026-09-30,mid,short,740.745,-4789.400216964211,4789.400216964211,3.5444046196734367,26.1,0.0
767.0,2026,11,30,C,0.006312275821407481,0.385466934562212,22,0.1855187890335566,15.49,15.78,QQQ,call,2026-11-30,mid,short,740.745,76198.44448907478,76198.44448907478,3.5444046196734367,15.635,0.0
767.0,2026,11,30,P,0.006312275821407481,-0.6145330654377881,4,0.18559782726214358,35.89,36.18,QQQ,put,2026-11-30,mid,short,740.745,-13854.262634377235,13854.262634377235,3.5444046196734367,36.035,0.0
768.0,2026,9,30,C,0.008182519787388326,0.08235252936682037,114,0.15908604770501872,0.68,0.7,QQQ,call,2026-09-30,mid,short,740.745,511834.2842669692,511834.2842669692,3.6794038434278997,0.69,0.0
768.0,2026,9,30,P,0.008182519787388326,-0.9176474706331796,0,0.1322948296606971,26.79,27.3,QQQ,put,2026-09-30,mid,short,740.745,-0.0,0.0,3.6794038434278997,27.045,0.0
768.0,2026,11,30,C,0.006295743240440744,0.37902849121860915,0,0.1851804668238862,15.1,15.36,QQQ,call,2026-11-30,mid,short,740.745,0.0,0.0,3.6794038434278997,15.23,0.0
768.0,2026,11,30,P,0.006295743240440744,-0.6209715087813908,0,0.18548397097140232,36.52,36.81,QQQ,put,2026-11-30,mid,short,740.745,-0.0,0.0,3.6794038434278997,36.665000000000006,0.0
769.0,2026,9,30,C,0.007618430207039122,0.07512642528066032,129,0.1587237192864629,0.6,0.64,QQQ,call,2026-09-30,mid,short,740.745,539253.1131312768,539253.1131312768,3.814403067182363,0.62,0.0
769.0,2026,9,30,P,0.007618430207039122,-0.9248735747193397,0,0.13154510302404865,27.74,28.26,QQQ,put,2026-09-30,mid,short,740.745,-0.0,0.0,3.814403067182363,28.0,0.0
769.0,2026,11,30,C,0.006274136877279249,0.37269175127852966,3,0.18479071475553188,14.71,14.98,QQQ,call,2026-11-30,mid,short,740.745,10327.916098865475,10327.916098865475,3.814403067182363,14.845,0.0
769.0,2026,11,30,P,0.006274136877279249,-0.6273082487214703,0,0.18532109083037115,37.15,37.44,QQQ,put,2026-11-30,mid,short,740.745,-0.0,0.0,3.814403067182363,37.295,0.0
770.0,2026,9,22,C,0.0014205861711827454,0.005592251151720452,153,0.2695982060749449,0.01,0.03,QQQ,call,2026-09-22,mid,short,740.745,119260.45745926714,119260.45745926714,3.9494022909368267,0.02,977.0
770.0,2026,9,22,P,0.0014205861711827454,-0.9944077488482795,0,0.5211831705634709,28.29,29.9,QQQ,put,2026-09-22,mid,short,740.745,-0.0,0.0,3.9494022909368267,29.095,0.0
770.0,2026,9,23,C,0.0021449426148476215,0.009769379200227152,16,0.21434588435400867,0.03,0.05,QQQ,call,2026-09-23,mid,short,740.745,18830.988481831413,18830.988481831413,3.9494022909368267,0.04,0.0
770.0,2026,9,23,P,0.0021449426148476215,-0.9902306207997729,0,0.4348868885076603,28.2,30.46,QQQ,put,2026-09-23,mid,short,740.745,-0.0,0.0,3.9494022909368267,29.33,0.0
770.0,2026,9,24,C,0.0028097543040141977,0.014315375555256192,16,0.18610616300132812,0.05,0.08,QQQ,call,2026-09-24,mid,short,740.745,24667.53682332261,24667.53682332261,3.9494022909368267,0.065,0.0
770.0,2026,9,24,P,0.0028097543040141977,-0.9856846244447438,0,0.3598747722415784,28.31,30.45,QQQ,put,2026-09-24,mid,short,740.745,-0.0,0.0,3.9494022909368267,29.38,0.0
770.0,2026,9,25,C,0.003985753755111482,0.024289465979690287,1987,0.17981725688317915,0.11,0.15,QQQ,call,2026-09-25,mid,short,740.745,4345560.377577251,4345560.377577251,3.9494022909368267,0.13,0.0
770.0,2026,9,25,P,0.003985753755111482,-0.9757105340203097,0,0.20212428900188137,28.62,29.14,QQQ,put,2026-09-25,mid,short,740.745,-0.0,0.0,3.9494022909368267,28.880000000000003,0.0
770.0,2026,9,28,C,0.005174111254426337,0.03708175146798078,20,0.1514164062397107,0.22,0.24,QQQ,call,2026-09-28,mid,short,740.745,56781.02339508184,56781.02339508184,3.9494022909368267,0.22999999999999998,0.0
770.0,2026,9,28,P,0.005174111254426337,-0.9629182485320192,0,0.2482501358238611,26.74,30.43,QQQ,put,2026-09-28,mid,short,740.745,-0.0,0.0,3.9494022909368267,28.585,0.0
770.0,2026,9,29,C,0.006086997783113914,0.04992718976400973,17,0.153431796334971,0.34,0.36,QQQ,call,2026-09-29,mid,short,740.745,56779.23309982136,56779.23309982136,3.9494022909368267,0.35,0.0
770.0,2026,9,29,P,0.006086997783113914,-0.9500728102359903,0,0.23762186728256224,26.83,30.49,QQQ,put,2026-09-29,mid,short,740.745,-0.0,0.0,3.9494022909368267,28.659999999999997,0.0
770.0,2026,9,30,C,0.007091702908744012,0.06872097206402569,1995,0.15982327373628474,0.55,0.57,QQQ,call,2026-09-30,mid,short,740.745,7763023.32225298,7763023.32225298,3.9494022909368267,0.56,0.0
770.0,2026,9,30,P,0.007091702908744012,-0.9312790279359743,4,0.131139674869635,28.7,29.22,QQQ,put,2026-09-30,mid,short,740.745,-15564.959042111237,15564.959042111237,3.9494022909368267,28.96,0.0
770.0,2026,10,1,C,0.007674963187084257,0.0832096357784056,4,0.1616681301279441,0.73,0.77,QQQ,call,2026-10-01,mid,short,740.745,16845.106061815444,16845.106061815444,3.9494022909368267,0.75,0.0
770.0,2026,10,1,P,0.007674963187084257,-0.9167903642215944,0,0.23138210076207183,26.98,30.9,QQQ,put,2026-10-01,mid,short,740.745,-0.0,0.0,3.9494022909368267,28.939999999999998,0.0
770.0,2026,10,2,C,0.008198897279146345,0.10070638997088238,1638,0.16620484035223426,0.99,1.04,QQQ,call,2026-10-02,mid,short,740.745,7368970.198251734,7368970.198251734,3.9494022909368267,1.0150000000000001,0.0
770.0,2026,10,2,P,0.008198897279146345,-0.8992936100291176,0,0.15133559379731348,29.01,29.51,QQQ,put,2026-10-02,mid,short,740.745,-0.0,0.0,3.9494022909368267,29.26,0.0
770.0,2026,10,5,C,0.008554330073405643,0.11448863755953274,0,0.15501828344112578,1.22,1.27,QQQ,call,2026-10-05,mid,short,740.745,0.0,0.0,3.9494022909368267,1.245,0.0
770.0,2026,10,5,P,0.008554330073405643,-0.8855113624404672,0,0.20959948661234887,27.2,31.15,QQQ,put,2026-10-05,mid,short,740.745,-0.0,0.0,3.9494022909368267,29.174999999999997,0.0
770.0,2026,10,9,C,0.009048056081737676,0.16028495852586902,1224,0.16328970906806778,2.22,2.25,QQQ,call,2026-10-09,mid,short,740.745,6076789.028724546,6076789.028724546,3.9494022909368267,2.2350000000000003,0.0
770.0,2026,10,9,P,0.009048056081737676,-0.839715041474131,0,0.1535327583570009,29.58,30.15,QQQ,put,2026-10-09,mid,short,740.745,-0.0,0.0,3.9494022909368267,29.865,0.0
770.0,2026,10,16,C,0.00895713272844636,0.20952167514379078,25798,0.1652112729688676,3.7,3.76,QQQ,call,2026-10-16,mid,short,740.745,126792190.6783899,126792190.6783899,3.9494022909368267,3.73,0.0
770.0,2026,10,16,P,0.00895713272844636,-0.7904783248562093,78,0.16143934385328723,30.64,31.16,QQQ,put,2026-10-16,mid,short,740.745,-383354.94506994396,383354.94506994396,3.9494022909368267,30.9,0.0
770.0,2026,10,23,C,0.008557450180338632,0.24802912997760906,899,0.16780416277074647,5.27,5.38,QQQ,call,2026-10-23,mid,short,740.745,4221254.421716035,4221254.421716035,3.9494022909368267,5.324999999999999,0.0
770.0,2026,10,23,P,0.008557450180338632,-0.7519708700223909,3,0.16534771754228828,31.66,32.13,QQQ,put,2026-10-23,mid,short,740.745,-14086.499738763188,14086.499738763188,3.9494022909368267,31.895000000000003,0.0
770.0,2026,10,30,C,0.00791569092914054,0.2859678056722434,1706,0.17632385244744717,7.35,7.53,QQQ,call,2026-10-30,mid,short,740.745,7409779.985459854,7409779.985459854,3.9494022909368267,7.4399999999999995,0.0
770.0,2026,10,30,P,0.00791569092914054,-0.7140321943277566,424,0.1741149825136021,33.14,33.44,QQQ,put,2026-10-30,mid,short,740.745,-1841586.5848974076,1841586.5848974076,3.9494022909368267,33.29,0.0
770.0,2026,11,20,C,0.006546273480502551,0.3511529586447037,15052,0.18775011747582201,12.77,12.95,QQQ,call,2026-11-20,mid,short,740.745,54066195.6535688,54066195.6535688,3.9494022909368267,12.86,0.0
770.0,2026,11,20,P,0.006546273480502551,-0.6488470413552963,118,0.18590619244467615,36.77,37.14,QQQ,put,2026-11-20,mid,short,740.745,-423851.38766417204,423851.38766417204,3.9494022909368267,36.955,0.0
770.0,2026,11,30,C,0.006251095242055546,0.3663650417977064,324,0.18443073345152045,14.33,14.6,QQQ,call,2026-11-30,mid,short,740.745,1111318.6008635566,1111318.6008635566,3.9494022909368267,14.465,0.0
770.0,2026,11,30,P,0.006251095242055546,-0.6336349582022935,8,0.18527248685654038,37.8,38.08,QQQ,put,2026-11-30,mid,short,740.745,-27439.96545342115,27439.96545342115,3.9494022909368267,37.94,0.0
770.0,2026,12,18,C,0.005438034727880003,0.3991688129034137,20629,0.19457079427528734,19.03,19.2,QQQ,call,2026-12-18,mid,short,740.745,61554188.47141684,61554188.47141684,3.9494022909368267,19.115000000000002,0.0
770.0,2026,12,18,P,0.005438034727880003,-0.6008311870965863,569,0.19292203871714056,40.66,41.11,QQQ,put,2026-12-18,mid,short,740.745,-1697820.2162119437,1697820.2162119437,3.9494022909368267,40.885,0.0
770.0,2026,12,31,C,0.0051633475824594925,0.412608446570201,801,0.19268001169377574,21.1,21.34,QQQ,call,2026-12-31,mid,short,740.745,2269349.2322979704,2269349.2322979704,3.9494022909368267,21.22,0.0
770.0,2026,12,31,P,0.0051633475824594925,-0.587391553429799,1685,0.19475066780915004,42.19,42.7,QQQ,put,2026-12-31,mid,short,740.745,-4773849.508641798,4773849.508641798,3.9494022909368267,42.445,0.0
770.0,2027,1,15,C,0.004750838468498308,0.42961913026054954,8480,0.197031956067508,24.39,24.68,QQQ,call,2027-01-15,mid,short,740.745,22105664.480639286,22105664.480639286,3.9494022909368267,24.535,0.0
770.0,2027,1,15,P,0.004750838468498308,-0.5703808697394505,380,0.19828191289075034,44.12,44.51,QQQ,put,2027-01-15,mid,short,740.745,-990584.021538081,990584.021538081,3.9494022909368267,44.315,0.0
770.0,2027,2,19,C,0.004086521525311807,0.45871471094429983,275,0.20279690170037215,31.21,31.58,QQQ,call,2027-02-19,mid,short,740.745,616628.9948544452,616628.9948544452,3.9494022909368267,31.395,0.0
770.0,2027,2,19,P,0.004086521525311807,-0.5412852890557002,706,0.20393683655792244,48.04,48.41,QQQ,put,2027-02-19,mid,short,740.745,-1583054.801335412,1583054.801335412,3.9494022909368267,48.224999999999994,0.0
770.0,2027,3,19,C,0.003658382815427271,0.47743978870248494,4641,0.20889064069234647,36.83,37.24,QQQ,call,2027-03-19,mid,short,740.745,9316186.502242936,9316186.502242936,3.9494022909368267,37.035,0.0
770.0,2027,3,19,P,0.003658382815427271,-0.5225602112975151,1188,0.20880580078449829,51.11,51.54,QQQ,put,2027-03-19,mid,short,740.745,-2384751.0374196526,2384751.0374196526,3.9494022909368267,51.325,0.0
770.0,2027,3,31,C,0.003528521653819761,0.483856027161569,387,0.20293523066133004,37.4,40.77,QQQ,call,2027-03-31,mid,short,740.745,749274.9430776495,749274.9430776495,3.9494022909368267,39.085,0.0
770.0,2027,3,31,P,0.003528521653819761,-0.5161439728384309,25,0.20501802242741668,51.15,52.89,QQQ,put,2027-03-31,mid,short,740.745,-48402.77410062335,48402.77410062335,3.9494022909368267,52.019999999999996,0.0
770.0,2027,6,17,C,0.002787848114254981,0.5193477195190517,6552,0.21928134320509424,52.43,55.21,QQQ,call,2027-06-17,mid,short,740.745,10022601.319057485,10022601.319057485,3.9494022909368267,53.82,0.0
770.0,2027,6,17,P,0.002787848114254981,-0.4806522804809484,1738,0.2139662689657601,57.97,61.57,QQQ,put,2027-06-17,mid,short,740.745,-2658620.435366592,2658620.435366592,3.9494022909368267,59.769999999999996,0.0
770.0,2027,6,30,C,0.0027190128415473407,0.5236291064479206,71,0.21801066737678465,53.9,57.5,QQQ,call,2027-06-30,mid,short,740.745,105927.09565444668,105927.09565444668,3.9494022909368267,55.7,0.0
770.0,2027,6,30,P,0.0027190128415473407,-0.47637089355207946,1,0.2184240876711826,59.83,62.53,QQQ,put,2027-06-30,mid,short,740.745,-1491.9309247105164,1491.9309247105164,3.9494022909368267,61.18,0.0
770.0,2027,9,17,C,0.002314857325494203,0.5473976192942585,1670,0.22552318586293263,66.42,70.37,QQQ,call,2027-09-17,mid,short,740.745,2121183.094945442,2121183.094945442,3.9494022909368267,68.39500000000001,0.0
770.0,2027,9,17,P,0.002314857325494203,-0.4526023807057415,335,0.22580668966453274,65.89,68.21,QQQ,put,2027-09-17,mid,short,740.745,-425506.7885070198,425506.7885070198,3.9494022909368267,67.05,0.0
770.0,2027,12,17,C,0.002007543733969579,0.5686845004383697,2740,0.22976848852533063,79.0,84.0,QQQ,call,2027-12-17,mid,short,740.745,3018234.89106259,3018234.89106259,3.9494022909368267,81.5,0.0
770.0,2027,12,17,P,0.002007543733969579,-0.4313154995616303,48,0.22958483734737553,70.98,75.0,QQQ,put,2027-12-17,mid,short,740.745,-52874.187872629314,52874.187872629314,3.9494022909368267,72.99000000000001,0.0
770.0,2028,1,21,C,0.0019396355504892424,0.5753593576286637,2868,0.22936112970797615,83.0,87.5,QQQ,call,2028-01-21,mid,short,740.745,3052366.9311642232,3052366.9311642232,3.9494022909368267,85.25,0.0
770.0,2028,1,21,P,0.0019396355504892424,-0.4246406423713362,124,0.227172151578935,71.5,76.5,QQQ,put,2028-01-21,mid,short,740.745,-131971.23412286042,131971.23412286042,3.9494022909368267,74.0,0.0
770.0,2028,6,16,C,0.001621986294478453,0.6011568840045457,398,0.23782734747469625,102.5,107.0,QQQ,call,2028-06-16,mid,short,740.745,354215.62088067905,354215.62088067905,3.9494022909368267,104.75,0.0
770.0,2028,6,16,P,0.001621986294478453,-0.3988431159954543,539,0.23365830607821633,78.5,83.5,QQQ,put,2028-06-16,mid,short,740.745,-479704.0694841357,479704.0694841357,3.9494022909368267,81.0,0.0
770.0,2028,12,15,C,0.0013729522548259863,0.6263996398863816,2102,0.2431078387171976,123.5,128.5,QQQ,call,2028-12-15,mid,short,740.745,1583527.4777034267,1583527.4777034267,3.9494022909368267,126.0,0.0
770.0,2028,12,15,P,0.0013729522548259863,-0.37360036011361847,15,0.24100190651072456,86.0,91.0,QQQ,put,2028-12-15,mid,short,740.745,-11300.148508825596,11300.148508825596,3.9494022909368267,88.5,0.0
770.0,2029,1,19,C,0.0013428107528142671,0.6305942650437631,0,0.24318950277365003,127.0,131.5,QQQ,call,2029-01-19,mid,short,740.745,0.0,0.0,3.9494022909368267,129.25,0.0
770.0,2029,1,19,P,0.0013428107528142671,-0.36940573495623685,0,0.24157774349583638,87.0,91.5,QQQ,put,2029-01-19,mid,short,740.745,-0.0,0.0,3.9494022909368267,89.25,0.0
771.0,2026,9,30,C,0.006589336441508539,0.06275981597464173,232,0.15992493298494104,0.49,0.52,QQQ,call,2026-09-30,mid,short,740.745,838816.8092346506,838816.8092346506,4.084401514691289,0.505,0.0
771.0,2026,9,30,P,0.006589336441508539,-0.9372401840253582,0,0.13002317234527677,29.66,30.18,QQQ,put,2026-09-30,mid,short,740.745,-0.0,0.0,4.084401514691289,29.92,0.0
771.0,2026,11,30,C,0.0062242782163607156,0.36012220201611844,15,0.18418359401671067,13.97,14.23,QQQ,call,2026-11-30,mid,short,740.745,51229.21642605756,51229.21642605756,4.084401514691289,14.100000000000001,0.0
771.0,2026,11,30,P,0.0062242782163607156,-0.6398777979838816,2,0.18509326446216917,38.44,38.73,QQQ,put,2026-11-30,mid,short,740.745,-6830.562190141009,6830.562190141009,4.084401514691289,38.584999999999994,0.0
772.0,2026,9,30,C,0.00613430946103791,0.05767606728339955,237,0.16110518702971047,0.45,0.47,QQQ,call,2026-09-30,mid,short,740.745,797721.8443755766,797721.8443755766,4.219400738445754,0.45999999999999996,0.0
772.0,2026,9,30,P,0.00613430946103791,-0.9423239327166004,0,0.12792071638151625,30.62,31.16,QQQ,put,2026-09-30,mid,short,740.745,-0.0,0.0,4.219400738445754,30.89,0.0
772.0,2026,11,30,C,0.006198372636414215,0.3538207023875641,4,0.1838026707683136,13.6,13.86,QQQ,call,2026-11-30,mid,short,740.745,13604.26648648443,13604.26648648443,4.219400738445754,13.73,0.0
772.0,2026,11,30,P,0.006198372636414215,-0.6461792976124359,8,0.18503003956126193,39.1,39.39,QQQ,put,2026-11-30,mid,short,740.745,-27208.53297296886,27208.53297296886,4.219400738445754,39.245000000000005,0.0
773.0,2026,9,30,C,0.00571033804851584,0.0530719817079686,35,0.1620151565537365,0.41,0.43,QQQ,call,2026-09-30,mid,short,740.745,109664.81762179802,109664.81762179802,4.354399962200216,0.42,0.0
773.0,2026,9,30,P,0.00571033804851584,-0.9469280182920314,0,0.12987058641319457,31.61,32.13,QQQ,put,2026-09-30,mid,short,740.745,-0.0,0.0,4.354399962200216,31.87,0.0
773.0,2026,11,30,C,0.006167603606556863,0.3476498856705337,13,0.18353607457083568,13.25,13.51,QQQ,call,2026-11-30,mid,short,740.745,43994.386252197146,43994.386252197146,4.354399962200216,13.379999999999999,0.0
773.0,2026,11,30,P,0.006167603606556863,-0.6523501143294663,0,0.1850018783395128,39.77,40.06,QQQ,put,2026-11-30,mid,short,740.745,-0.0,0.0,4.354399962200216,39.915000000000006,0.0
774.0,2026,9,30,C,0.005294580781583199,0.04851397944608318,37,0.16262197299971673,0.37,0.39,QQQ,call,2026-09-30,mid,short,740.745,107490.66763740897,107490.66763740897,4.489399185954681,0.38,0.0
774.0,2026,9,30,P,0.005294580781583199,-0.9514860205539168,0,0.12561912029231678,32.57,33.11,QQQ,put,2026-09-30,mid,short,740.745,-0.0,0.0,4.489399185954681,32.84,0.0
774.0,2026,11,30,C,0.006136589488991177,0.3414600551627179,1,0.18321815744473893,12.9,13.16,QQQ,call,2026-11-30,mid,short,740.745,3367.1660137027106,3367.1660137027106,4.489399185954681,13.030000000000001,0.0
774.0,2026,11,30,P,0.006136589488991177,-0.6585399448372822,0,0.18492591881078976,40.44,40.74,QQQ,put,2026-11-30,mid,short,740.745,-0.0,0.0,4.489399185954681,40.59,0.0
775.0,2026,9,22,C,0.0011076490557855676,0.004934676217356839,138,0.3099148725437008,0.01,0.03,QQQ,call,2026-09-22,mid,short,740.745,83872.33335666044,83872.33335666044,4.624398409709143,0.02,1997.0
775.0,2026,9,22,P,0.0011076490557855676,-0.9950653237826431,0,0.49924518626068837,33.26,34.51,QQQ,put,2026-09-22,mid,short,740.745,-0.0,0.0,4.624398409709143,33.885,0.0
775.0,2026,9,23,C,0.0014221247218118536,0.0068679151294148335,3,0.23479767210473054,0.02,0.04,QQQ,call,2026-09-23,mid,short,740.745,2340.972965091644,2340.972965091644,4.624398409709143,0.03,0.0
775.0,2026,9,23,P,0.0014221247218118536,-0.9931320848705851,0,0.4828301387288743,33.18,35.43,QQQ,put,2026-09-23,mid,short,740.745,-0.0,0.0,4.624398409709143,34.305,0.0
775.0,2026,9,24,C,0.0016893775857675145,0.008662901317881283,0,0.20020980785915576,0.03,0.05,QQQ,call,2026-09-24,mid,short,740.745,0.0,0.0,4.624398409709143,0.04,0.0
775.0,2026,9,24,P,0.0016893775857675145,-0.9913370986821187,0,0.40184836458870377,33.29,35.45,QQQ,put,2026-09-24,mid,short,740.745,-0.0,0.0,4.624398409709143,34.370000000000005,0.0
775.0,2026,9,25,C,0.0025638464148154613,0.015662586470877378,321,0.19244440240473235,0.07,0.1,QQQ,call,2026-09-25,mid,short,740.745,451579.7879956179,451579.7879956179,4.624398409709143,0.085,0.0
775.0,2026,9,25,P,0.0025638464148154613,-0.9843374135291226,0,0.22647608487024543,33.62,34.12,QQQ,put,2026-09-25,mid,short,740.745,-0.0,0.0,4.624398409709143,33.87,0.0
775.0,2026,9,28,C,0.0032646881753829473,0.02238499445180519,0,0.15618298171410494,0.12,0.15,QQQ,call,2026-09-28,mid,short,740.745,0.0,0.0,4.624398409709143,0.135,0.0
775.0,2026,9,28,P,0.0032646881753829473,-0.9776150055481948,0,0.2758631605257592,33.34,35.41,QQQ,put,2026-09-28,mid,short,740.745,-0.0,0.0,4.624398409709143,34.375,0.0
775.0,2026,9,29,C,0.004005976837174323,0.031094367709717272,124,0.15822722450564705,0.2,0.22,QQQ,call,2026-09-29,mid,short,740.745,272563.4240598131,272563.4240598131,4.624398409709143,0.21000000000000002,0.0
775.0,2026,9,29,P,0.004005976837174323,-0.9689056322902827,0,0.26386762336003,31.76,35.47,QQQ,put,2026-09-29,mid,short,740.745,-0.0,0.0,4.624398409709143,33.615,0.0
775.0,2026,9,30,C,0.004910585702302178,0.044437211493831015,1218,0.16288249848446953,0.33,0.36,QQQ,call,2026-09-30,mid,short,740.745,3281844.8110703616,3281844.8110703616,4.624398409709143,0.345,0.0
775.0,2026,9,30,P,0.004910585702302178,-0.9555627885061689,0,0.12669666991382178,33.56,34.09,QQQ,put,2026-09-30,mid,short,740.745,-0.0,0.0,4.624398409709143,33.825,0.0
775.0,2026,10,1,C,0.005494282247185882,0.05513679903234241,15,0.16472174608894033,0.46,0.48,QQQ,call,2026-10-01,mid,short,740.745,45220.9500544311,45220.9500544311,4.624398409709143,0.47,0.0
775.0,2026,10,1,P,0.005494282247185882,-0.9448632009676576,0,0.24264847114401947,31.84,35.5,QQQ,put,2026-10-01,mid,short,740.745,-0.0,0.0,4.624398409709143,33.67,0.0
775.0,2026,10,2,C,0.006103247608064548,0.06901153951591409,348,0.16833054818042767,0.64,0.67,QQQ,call,2026-10-02,mid,short,740.745,1165407.1840184433,1165407.1840184433,4.624398409709143,0.655,0.0
775.0,2026,10,2,P,0.006103247608064548,-0.9309884604840859,0,0.18532123073266799,32.18,34.28,QQQ,put,2026-10-02,mid,short,740.745,-0.0,0.0,4.624398409709143,33.230000000000004,0.0
775.0,2026,10,5,C,0.006545694010508955,0.08058094376941421,0,0.15625315486925787,0.8,0.85,QQQ,call,2026-10-05,mid,short,740.745,0.0,0.0,4.624398409709143,0.825,0.0
775.0,2026,10,5,P,0.006545694010508955,-0.9194190562305857,0,0.2317129622371198,31.9,36.14,QQQ,put,2026-10-05,mid,short,740.745,-0.0,0.0,4.624398409709143,34.019999999999996,0.0
775.0,2026,10,9,C,0.007472197867704737,0.12154578797980758,434,0.16346369731436147,1.57,1.62,QQQ,call,2026-10-09,mid,short,740.745,1779408.0485216097,1779408.0485216097,4.624398409709143,1.5950000000000002,0.0
775.0,2026,10,9,P,0.007472197867704737,-0.8784542120201924,0,0.15503057357350755,34.03,36.24,QQQ,put,2026-10-09,mid,short,740.745,-0.0,0.0,4.624398409709143,35.135000000000005,0.0
775.0,2026,10,16,C,0.007852599644601813,0.16857356710888846,6052,0.16481909844133905,2.8,2.85,QQQ,call,2026-10-16,mid,short,740.745,26076532.003254596,26076532.003254596,4.624398409709143,2.825,0.0
775.0,2026,10,16,P,0.007852599644601813,-0.8314264328911115,8,0.13050472172478034,33.46,35.4,QQQ,put,2026-10-16,mid,short,740.745,-34469.96960112967,34469.96960112967,4.624398409709143,34.43,0.0
775.0,2026,10,23,C,0.007780458840740742,0.20764725641522472,504,0.16697084007929464,4.16,4.26,QQQ,call,2026-10-23,mid,short,740.745,2151657.805982126,2151657.805982126,4.624398409709143,4.21,0.0
775.0,2026,10,23,P,0.007780458840740742,-0.7923527435847753,0,0.16469139458924031,35.56,36.17,QQQ,put,2026-10-23,mid,short,740.745,-0.0,0.0,4.624398409709143,35.865,0.0
775.0,2026,10,30,C,0.007422961614787362,0.24689721509480306,1053,0.1747788882706172,6.0,6.13,QQQ,call,2026-10-30,mid,short,740.745,4288871.5879194485,4288871.5879194485,4.624398409709143,6.0649999999999995,0.0
775.0,2026,10,30,P,0.007422961614787362,-0.753102784905197,137,0.15174420007884323,35.26,37.54,QQQ,put,2026-10-30,mid,short,740.745,-558001.3366998715,558001.3366998715,4.624398409709143,36.4,0.0
775.0,2026,11,20,C,0.006351239073081798,0.3188181634362086,4109,0.18633119531786962,11.09,11.26,QQQ,call,2026-11-20,mid,short,740.745,14319638.666903425,14319638.666903425,4.624398409709143,11.175,0.0
775.0,2026,11,20,P,0.006351239073081798,-0.6811818365637914,201,0.1855626262711842,40.18,40.53,QQQ,put,2026-11-20,mid,short,740.745,-700473.9284613259,700473.9284613259,4.624398409709143,40.355000000000004,0.0
775.0,2026,11,30,C,0.006103076042519634,0.3353324339610748,108,0.18293274193504572,12.56,12.82,QQQ,call,2026-11-30,mid,short,740.745,361667.9246279056,361667.9246279056,4.624398409709143,12.690000000000001,0.0
775.0,2026,11,30,P,0.006103076042519634,-0.6646675660389252,0,0.1848860835183561,41.12,41.42,QQQ,put,2026-11-30,mid,short,740.745,-0.0,0.0,4.624398409709143,41.269999999999996,0.0
775.0,2026,12,18,C,0.005370211041858002,0.37205385375118283,18125,0.19298666378562265,17.08,17.25,QQQ,call,2026-12-18,mid,short,740.745,53408062.8204436,53408062.8204436,4.624398409709143,17.165,0.0
775.0,2026,12,18,P,0.005370211041858002,-0.6279461462488172,750,0.19237985528318585,43.81,44.26,QQQ,put,2026-12-18,mid,short,740.745,-2209988.8063631835,2209988.8063631835,4.624398409709143,44.035,0.0
775.0,2026,12,31,C,0.005116901606319605,0.38687005499828026,1314,0.19124405495613445,19.1,19.31,QQQ,call,2026-12-31,mid,short,740.745,3689265.3127168366,3689265.3127168366,4.624398409709143,19.205,0.0
775.0,2026,12,31,P,0.005116901606319605,-0.6131299450017198,644,0.1933167618834847,45.13,45.82,QQQ,put,2026-12-31,mid,short,740.745,-1808133.0756389974,1808133.0756389974,4.624398409709143,45.475,0.0
775.0,2027,1,15,C,0.004731205894541339,0.40581942705039326,4210,0.1955557563937133,22.3,22.52,QQQ,call,2027-01-15,mid,short,740.745,10929276.20192646,10929276.20192646,4.624398409709143,22.41,0.0
775.0,2027,1,15,P,0.004731205894541339,-0.5941805729496068,818,0.19764356246409373,47.1,47.52,QQQ,put,2027-01-15,mid,short,740.745,-2123550.577951507,2123550.577951507,4.624398409709143,47.31,0.0
775.0,2027,2,19,C,0.004088731767960411,0.4383725073762762,256,0.2013295705048004,28.98,29.35,QQQ,call,2027-02-19,mid,short,740.745,574336.0054094909,574336.0054094909,4.624398409709143,29.165,0.0
775.0,2027,2,19,P,0.004088731767960411,-0.5616274926237238,63,0.20291413227797603,50.81,51.31,QQQ,put,2027-02-19,mid,short,740.745,-141340.5013312419,141340.5013312419,4.624398409709143,51.06,0.0
775.0,2027,3,19,C,0.0036677609473767074,0.4593194768307459,9326,0.20769179275743793,34.57,34.94,QQQ,call,2027-03-19,mid,short,740.745,18768686.946534947,18768686.946534947,4.624398409709143,34.754999999999995,0.0
775.0,2027,3,19,P,0.0036677609473767074,-0.5406805231692541,712,0.20827277618814713,53.89,54.37,QQQ,put,2027-03-19,mid,short,740.745,-1432908.546636595,1432908.546636595,4.624398409709143,54.129999999999995,0.0
775.0,2027,3,31,C,0.003597577532472678,0.46484845386011364,110,0.20184605621471396,35.14,36.97,QQQ,call,2027-03-31,mid,short,740.745,217140.23567662944,217140.23567662944,4.624398409709143,36.055,0.0
775.0,2027,3,31,P,0.003597577532472678,-0.5351515461398864,559,0.19920674118421372,52.78,55.65,QQQ,put,2027-03-31,mid,short,740.745,-1103467.1976657805,1103467.1976657805,4.624398409709143,54.215,0.0
775.0,2027,6,17,C,0.0028080271987351814,0.5055378354758704,7575,0.217932709674607,49.97,52.74,QQQ,call,2027-06-17,mid,short,740.745,11671358.378815701,11671358.378815701,4.624398409709143,51.355000000000004,0.0
775.0,2027,6,17,P,0.0028080271987351814,-0.49446216452412967,2461,0.21788583173688958,61.7,64.2,QQQ,put,2027-06-17,mid,short,740.745,-3791843.2964046784,3791843.2964046784,4.624398409709143,62.95,0.0
775.0,2027,6,30,C,0.002739526524033711,0.5101672687117724,52,0.21673252654481598,51.44,55.0,QQQ,call,2027-06-30,mid,short,740.745,78165.71604462237,78165.71604462237,4.624398409709143,53.22,0.0
775.0,2027,6,30,P,0.002739526524033711,-0.4898327312882275,31,0.21796235494351965,62.43,65.2,QQQ,put,2027-06-30,mid,short,740.745,-46598.79225737103,46598.79225737103,4.624398409709143,63.815,0.0
775.0,2027,9,17,C,0.002339200207541066,0.5358702622023249,1914,0.2242867795836309,63.89,67.57,QQQ,call,2027-09-17,mid,short,740.745,2456669.7862921245,2456669.7862921245,4.624398409709143,65.72999999999999,0.0
775.0,2027,9,17,P,0.002339200207541066,-0.4641297377976751,9,0.22314852270057758,67.75,72.0,QQQ,put,2027-09-17,mid,short,740.745,-11551.738807016261,11551.738807016261,4.624398409709143,69.875,0.0
775.0,2027,12,17,C,0.0020306218317538904,0.5587050227999701,2801,0.22882498526722256,76.5,81.0,QQQ,call,2027-12-17,mid,short,740.745,3120898.3046945585,3120898.3046945585,4.624398409709143,78.75,0.0
775.0,2027,12,17,P,0.0020306218317538904,-0.4412949772000298,524,0.22637367620759802,72.5,77.5,QQQ,put,2027-12-17,mid,short,740.745,-583845.3094109063,583845.3094109063,4.624398409709143,75.0,0.0
775.0,2028,1,21,C,0.001955577898526882,0.5658773931471048,749,0.22847395110291663,80.5,85.0,QQQ,call,2028-01-21,mid,short,740.745,803700.7903513258,803700.7903513258,4.624398409709143,82.75,0.0
775.0,2028,1,21,P,0.001955577898526882,-0.4341226068528952,28,0.22706585748872077,74.0,79.0,QQQ,put,2028-01-21,mid,short,740.745,-30044.889358928063,30044.889358928063,4.624398409709143,76.5,0.0
775.0,2028,6,16,C,0.0016356049019577352,0.593251140135082,839,0.2370461467818985,100.0,104.5,QQQ,call,2028-06-16,mid,short,740.745,752970.2572959162,752970.2572959162,4.624398409709143,102.25,0.0
775.0,2028,6,16,P,0.0016356049019577352,-0.406748859864918,379,0.23378381178664484,81.0,86.0,QQQ,put,2028-06-16,mid,short,740.745,-340137.9350597762,340137.9350597762,4.624398409709143,83.5,0.0
775.0,2028,12,15,C,0.0013881545338621083,0.619660608118753,41,0.24237982324190538,121.0,125.5,QQQ,call,2028-12-15,mid,short,740.745,31229.07566808828,31229.07566808828,4.624398409709143,123.25,0.0
775.0,2028,12,15,P,0.0013881545338621083,-0.380339391881247,159,0.2412991727666026,88.5,93.0,QQQ,put,2028-12-15,mid,short,740.745,-121107.87881039114,121107.87881039114,4.624398409709143,90.75,0.0
775.0,2029,1,19,C,0.0013544395782158975,0.6240664675877357,1,0.24246992967615252,124.5,129.0,QQQ,call,2029-01-19,mid,short,740.745,743.1852698577932,743.1852698577932,4.624398409709143,126.75,0.0
775.0,2029,1,19,P,0.0013544395782158975,-0.3759335324122643,0,0.24190413182261253,89.5,94.0,QQQ,put,2029-01-19,mid,short,740.745,-0.0,0.0,4.624398409709143,91.75,0.0
776.0,2026,9,30,C,0.004532432803065741,0.04039217405422703,184,0.16375720590133558,0.3,0.32,QQQ,call,2026-09-30,mid,short,740.745,457600.6729324997,457600.6729324997,4.759397633463607,0.31,0.0
776.0,2026,9,30,P,0.004532432803065741,-0.959607825945773,0,0.12450591863337412,34.54,35.07,QQQ,put,2026-09-30,mid,short,740.745,-0.0,0.0,4.759397633463607,34.805,0.0
776.0,2026,11,30,C,0.00606387590500549,0.32940361502858817,12,0.182851343781794,12.25,12.5,QQQ,call,2026-11-30,mid,short,740.745,39927.21408907907,39927.21408907907,4.759397633463607,12.375,0.0
776.0,2026,11,30,P,0.00606387590500549,-0.6705963849714118,0,0.18496856440503137,41.82,42.11,QQQ,put,2026-11-30,mid,short,740.745,-0.0,0.0,4.759397633463607,41.965,0.0
777.0,2026,9,30,C,0.004247376337738909,0.0377724817775776,185,0.16541719521943898,0.28,0.3,QQQ,call,2026-09-30,mid,short,740.745,431151.5274627358,431151.5274627358,4.89439685721807,0.29000000000000004,0.0
777.0,2026,9,30,P,0.004247376337738909,-0.9622275182224224,0,0.1903553404695091,35.39,36.06,QQQ,put,2026-09-30,mid,short,740.745,-0.0,0.0,4.89439685721807,35.725,0.0
777.0,2026,11,30,C,0.006029838039641294,0.32323969908567507,52,0.18237735829764445,11.9,12.17,QQQ,call,2026-11-30,mid,short,740.745,172046.74014532883,172046.74014532883,4.89439685721807,12.035,0.0
777.0,2026,11,30,P,0.006029838039641294,-0.6767603009143249,1,0.1849194269460988,42.51,42.81,QQQ,put,2026-11-30,mid,short,740.745,-3308.5911566409395,3308.5911566409395,4.89439685721807,42.66,0.0
778.0,2026,9,30,C,0.0039108324130382715,0.03425843351601455,216,0.16575568947251532,0.25,0.27,QQQ,call,2026-09-30,mid,short,740.745,463511.39410255686,463511.39410255686,5.029396080972534,0.26,0.0
778.0,2026,9,30,P,0.0039108324130382715,-0.9657415664839855,0,0.12781627166426343,36.53,37.05,QQQ,put,2026-09-30,mid,short,740.745,-0.0,0.0,5.029396080972534,36.79,0.0
778.0,2026,11,30,C,0.005991240005112689,0.3172356261313105,8,0.1821081911750849,11.58,11.85,QQQ,call,2026-11-30,mid,short,740.745,26299.29834653864,26299.29834653864,5.029396080972534,11.715,0.0
778.0,2026,11,30,P,0.005991240005112689,-0.6827643738686895,0,0.1849951273295392,43.22,43.51,QQQ,put,2026-11-30,mid,short,740.745,-0.0,0.0,5.029396080972534,43.364999999999995,0.0
779.0,2026,9,30,C,0.0036749298375844948,0.03220365258066352,122,0.16697119711065497,0.23,0.26,QQQ,call,2026-09-30,mid,short,740.745,246006.36275813103,246006.36275813103,5.164395304726997,0.245,0.0
779.0,2026,9,30,P,0.0036749298375844948,-0.9677963474193365,0,0.269230903652081,36.03,39.41,QQQ,put,2026-09-30,mid,short,740.745,-0.0,0.0,5.164395304726997,37.72,0.0
779.0,2026,11,30,C,0.005948275114334044,0.31140558668013063,11,0.18204909870063085,11.29,11.54,QQQ,call,2026-11-30,mid,short,740.745,35902.21054410961,35902.21054410961,5.164395304726997,11.415,0.0
779.0,2026,11,30,P,0.005948275114334044,-0.6885944133198694,4,0.18502506841815616,43.93,44.23,QQQ,put,2026-11-30,mid,short,740.745,-13055.34928876713,13055.34928876713,5.164395304726997,44.08,0.0
780.0,2026,9,22,C,0.0008933055845036366,0.004429260440058872,36,0.3494873095746986,0.01,0.03,QQQ,call,2026-09-22,mid,short,740.745,17645.745334269497,17645.745334269497,5.299394528481461,0.02,555.0
780.0,2026,9,22,P,0.0008933055845036366,-0.9955707395599411,0,0.7345298934535045,37.0,40.39,QQQ,put,2026-09-22,mid,short,740.745,-0.0,0.0,5.299394528481461,38.695,0.0
780.0,2026,9,23,C,0.0012611694591690785,0.006989671697029373,23,0.2764825159204631,0.03,0.04,QQQ,call,2026-09-23,mid,short,740.745,15916.176209146664,15916.176209146664,5.299394528481461,0.035,0.0
780.0,2026,9,23,P,0.0012611694591690785,-0.9930103283029706,0,0.531981841404601,36.99,40.43,QQQ,put,2026-09-23,mid,short,740.745,-0.0,0.0,5.299394528481461,38.71,0.0
780.0,2026,9,24,C,0.00126543617252416,0.007001550824456112,39,0.21551289859619893,0.02,0.05,QQQ,call,2026-09-24,mid,short,740.745,27079.60399352391,27079.60399352391,5.299394528481461,0.035,0.0
780.0,2026,9,24,P,0.00126543617252416,-0.9929984491755439,0,0.4408717856887287,36.99,40.43,QQQ,put,2026-09-24,mid,short,740.745,-0.0,0.0,5.299394528481461,38.71,0.0
780.0,2026,9,25,C,0.0017314528716165804,0.010770501600811248,837,0.206949894870761,0.05,0.07,QQQ,call,2026-09-25,mid,short,740.745,795194.9079235164,795194.9079235164,5.299394528481461,0.060000000000000005,0.0
780.0,2026,9,25,P,0.0017314528716165804,-0.9892294983991887,0,0.374326759209329,37.01,40.25,QQQ,put,2026-09-25,mid,short,740.745,-0.0,0.0,5.299394528481461,38.629999999999995,0.0
780.0,2026,9,28,C,0.0022402215132112067,0.015482734706911302,52,0.16806295368379037,0.09,0.1,QQQ,call,2026-09-28,mid,short,740.745,63919.26383720119,63919.26383720119,5.299394528481461,0.095,0.0
780.0,2026,9,28,P,0.0022402215132112067,-0.9845172652930887,0,0.3044566800695933,36.99,40.43,QQQ,put,2026-09-28,mid,short,740.745,-0.0,0.0,5.299394528481461,38.71,0.0
780.0,2026,9,29,C,0.002684427291844879,0.02027896643284392,30,0.1635160395248033,0.12,0.15,QQQ,call,2026-09-29,mid,short,740.745,44188.611734115046,44188.611734115046,5.299394528481461,0.135,0.0
780.0,2026,9,29,P,0.002684427291844879,-0.9797210335671561,0,0.2887115890247321,36.99,40.44,QQQ,put,2026-09-29,mid,short,740.745,-0.0,0.0,5.299394528481461,38.715,0.0
780.0,2026,9,30,C,0.003381600437151947,0.02922570303082941,1703,0.1679627099182676,0.21,0.23,QQQ,call,2026-09-30,mid,short,740.745,3159907.6936153253,3159907.6936153253,5.299394528481461,0.22,0.0
780.0,2026,9,30,P,0.003381600437151947,-0.9707742969691706,2,0.2681580286538466,37.02,40.27,QQQ,put,2026-09-30,mid,short,740.745,-3710.989657798385,3710.989657798385,5.299394528481461,38.645,0.0
780.0,2026,10,1,C,0.0038691719699039413,0.036659657464591267,82,0.16815667444780522,0.29,0.31,QQQ,call,2026-10-01,mid,short,740.745,174088.20311208814,174088.20311208814,5.299394528481461,0.3,0.0
780.0,2026,10,1,P,0.0038691719699039413,-0.9633403425354088,0,0.26459585223383725,37.01,40.45,QQQ,put,2026-10-01,mid,short,740.745,-0.0,0.0,5.299394528481461,38.730000000000004,0.0
780.0,2026,10,2,C,0.004438378851014621,0.04697883882725068,693,0.17071678406220528,0.41,0.44,QQQ,call,2026-10-02,mid,short,740.745,1687699.2677723346,1687699.2677723346,5.299394528481461,0.425,0.0
780.0,2026,10,2,P,0.004438378851014621,-0.9530211611727493,0,0.2483726394851509,37.06,40.27,QQQ,put,2026-10-02,mid,short,740.745,-0.0,0.0,5.299394528481461,38.665000000000006,0.0
780.0,2026,10,5,C,0.004894594277358378,0.05636620232168161,0,0.15849804907363027,0.53,0.57,QQQ,call,2026-10-05,mid,short,740.745,0.0,0.0,5.299394528481461,0.55,0.0
780.0,2026,10,5,P,0.004894594277358378,-0.9436337976783183,0,0.23463603518037704,36.77,40.5,QQQ,put,2026-10-05,mid,short,740.745,-0.0,0.0,5.299394528481461,38.635000000000005,0.0
780.0,2026,10,9,C,0.006018501514080985,0.09087100983115487,747,0.16445726376063285,1.11,1.15,QQQ,call,2026-10-09,mid,short,740.745,2466870.964666335,2466870.964666335,5.299394528481461,1.13,0.0
780.0,2026,10,9,P,0.006018501514080985,-0.9091289901688451,0,0.15912769559590598,38.69,39.33,QQQ,put,2026-10-09,mid,short,740.745,-0.0,0.0,5.299394528481461,39.01,0.0
780.0,2026,10,16,C,0.0067344855100193255,0.13391980905324427,6774,0.16502945115719078,2.11,2.14,QQQ,call,2026-10-16,mid,short,740.745,25031511.368743446,25031511.368743446,5.299394528481461,2.125,0.0
780.0,2026,10,16,P,0.0067344855100193255,-0.8660801909467557,17,0.12026851327580966,37.74,40.0,QQQ,put,2026-10-16,mid,short,740.745,-62818.96859590176,62818.96859590176,5.299394528481461,38.870000000000005,0.0
780.0,2026,10,23,C,0.0069433028244731895,0.17256295273260044,504,0.1672297835155471,3.3,3.36,QQQ,call,2026-10-23,mid,short,740.745,1920145.331705546,1920145.331705546,5.299394528481461,3.33,0.0
780.0,2026,10,23,P,0.0069433028244731895,-0.8274370472673995,0,0.16857703732454346,39.9,40.43,QQQ,put,2026-10-23,mid,short,740.745,-0.0,0.0,5.299394528481461,40.165,0.0
780.0,2026,10,30,C,0.006844796173119727,0.21148611229080702,1480,0.17382714244462197,4.88,4.99,QQQ,call,2026-10-30,mid,short,740.745,5558526.658426884,5558526.658426884,5.299394528481461,4.9350000000000005,0.0
780.0,2026,10,30,P,0.006844796173119727,-0.788513887709193,2,0.15108727657559312,39.3,41.6,QQQ,put,2026-10-30,mid,short,740.745,-7511.52251138768,7511.52251138768,5.299394528481461,40.45,0.0
780.0,2026,11,20,C,0.006109657484131159,0.28761371185665074,6431,0.18493175113280552,9.57,9.74,QQQ,call,2026-11-20,mid,short,740.745,21559209.39952278,21559209.39952278,5.299394528481461,9.655000000000001,0.0
780.0,2026,11,20,P,0.006109657484131159,-0.7123862881433493,282,0.18562041117456152,43.78,44.15,QQQ,put,2026-11-20,mid,short,740.745,-945373.5112214936,945373.5112214936,5.299394528481461,43.965,0.0
780.0,2026,11,30,C,0.005909113807950893,0.30536679077744655,352,0.1815891672675344,10.96,11.23,QQQ,call,2026-11-30,mid,short,740.745,1141306.9852182055,1141306.9852182055,5.299394528481461,11.095,0.0
780.0,2026,11,30,P,0.005909113807950893,-0.6946332092225534,2,0.1850963092277804,44.65,44.95,QQQ,put,2026-11-30,mid,short,740.745,-6484.698779648894,6484.698779648894,5.299394528481461,44.8,0.0
780.0,2026,12,18,C,0.0052734065556491105,0.34538493010047316,21851,0.19153010928571973,15.28,15.44,QQQ,call,2026-12-18,mid,short,740.745,63226629.238504775,63226629.238504775,5.299394528481461,15.36,0.0
780.0,2026,12,18,P,0.0052734065556491105,-0.6546150698995268,188,0.1917133889007138,47.07,47.7,QQQ,put,2026-12-18,mid,short,740.745,-543984.5451850668,543984.5451850668,5.299394528481461,47.385000000000005,0.0
780.0,2026,12,31,C,0.005043817574870923,0.36152948407356233,2563,0.18984019439831376,17.23,17.45,QQQ,call,2026-12-31,mid,short,740.745,7093252.73460779,7093252.73460779,5.299394528481461,17.34,0.0
780.0,2026,12,31,P,0.005043817574870923,-0.6384705159264377,599,0.1930863185403648,48.37,49.06,QQQ,put,2026-12-31,mid,short,740.745,-1657767.6114046297,1657767.6114046297,5.299394528481461,48.715,0.0
780.0,2027,1,15,C,0.004683742002298309,0.38248227764613785,6665,0.19410959616155257,20.33,20.62,QQQ,call,2027-01-15,mid,short,740.745,17128943.45320465,17128943.45320465,5.299394528481461,20.475,0.0
780.0,2027,1,15,P,0.004683742002298309,-0.6175177223538622,742,0.18612221510589752,48.46,50.89,QQQ,put,2027-01-15,mid,short,740.745,-1906928.1383762714,1906928.1383762714,5.299394528481461,49.675,0.0
780.0,2027,2,19,C,0.004078238722223408,0.4180890912132319,553,0.19997951955945614,26.87,27.23,QQQ,call,2027-02-19,mid,short,740.745,1237471.5769674971,1237471.5769674971,5.299394528481461,27.05,0.0
780.0,2027,2,19,P,0.004078238722223408,-0.5819109087867681,123,0.20255714081464024,53.8,54.31,QQQ,put,2027-02-19,mid,short,740.745,-275242.32182098035,275242.32182098035,5.299394528481461,54.055,0.0
780.0,2027,3,19,C,0.00367045332824384,0.44114393245729244,2658,0.2063639300630783,32.37,32.73,QQQ,call,2027-03-19,mid,short,740.745,5353183.616758063,5353183.616758063,5.299394528481461,32.55,0.0
780.0,2027,3,19,P,0.00367045332824384,-0.5588560675427076,257,0.20791129797264665,56.79,57.24,QQQ,put,2027-03-19,mid,short,740.745,-517595.2556459076,517595.2556459076,5.299394528481461,57.015,0.0
780.0,2027,3,31,C,0.0036033776862603242,0.4470165751673885,845,0.20054055091269626,32.92,34.72,QQQ,call,2027-03-31,mid,short,740.745,1670721.0758920775,1670721.0758920775,5.299394528481461,33.82,0.0
780.0,2027,3,31,P,0.0036033776862603242,-0.5529834248326115,12,0.2041380164136906,56.78,58.53,QQQ,put,2027-03-31,mid,short,740.745,-23726.216462372697,23726.216462372697,5.299394528481461,57.655,0.0
780.0,2027,6,17,C,0.002840057772971918,0.49119131216813844,13890,0.21683836887899488,47.64,49.67,QQQ,call,2027-06-17,mid,short,740.745,21645462.894108407,21645462.894108407,5.299394528481461,48.655,0.0
780.0,2027,6,17,P,0.002840057772971918,-0.5088086878318616,3014,0.21890195276059035,64.76,66.92,QQQ,put,2027-06-17,mid,short,740.745,-4696862.86269566,4696862.86269566,5.299394528481461,65.84,0.0
780.0,2027,6,30,C,0.002775720211985662,0.4960693053374648,87,0.2157081597031257,49.11,51.72,QQQ,call,2027-06-30,mid,short,740.745,132505.04008713792,132505.04008713792,5.299394528481461,50.415,0.0
780.0,2027,6,30,P,0.002775720211985662,-0.5039306946625353,1,0.21763918266654728,65.13,67.61,QQQ,put,2027-06-30,mid,short,740.745,-1523.0464377831945,1523.0464377831945,5.299394528481461,66.37,0.0
780.0,2027,9,17,C,0.002356857260975661,0.524359541385296,1999,0.2230738599296126,61.42,65.1,QQQ,call,2027-09-17,mid,short,740.745,2585136.8150668098,2585136.8150668098,5.299394528481461,63.26,0.0
780.0,2027,9,17,P,0.002356857260975661,-0.475640458614704,115,0.22283752735310647,70.35,74.5,QQQ,put,2027-09-17,mid,short,740.745,-148719.72672970637,148719.72672970637,5.299394528481461,72.425,0.0
780.0,2027,12,17,C,0.002047145828527267,0.5487565953306814,1353,0.22774204932589284,74.0,78.5,QQQ,call,2027-12-17,mid,short,740.745,1519791.5822521192,1519791.5822521192,5.299394528481461,76.25,0.0
780.0,2027,12,17,P,0.002047145828527267,-0.45124340466931856,66,0.22619204269752258,75.05,80.0,QQQ,put,2027-12-17,mid,short,740.745,-74136.17474400581,74136.17474400581,5.299394528481461,77.525,0.0
780.0,2028,1,21,C,0.001971610937530437,0.5563180220627837,601,0.22745785394362011,78.0,82.5,QQQ,call,2028-01-21,mid,short,740.745,650179.3142847541,650179.3142847541,5.299394528481461,80.25,0.0
780.0,2028,1,21,P,0.001971610937530437,-0.44368197793721637,158,0.22682354513427488,76.5,81.5,QQQ,put,2028-01-21,mid,short,740.745,-170929.00442095034,170929.00442095034,5.299394528481461,79.0,0.0
780.0,2028,6,16,C,0.0016538867445064834,0.5851815644373575,350,0.23485873616409889,97.0,102.0,QQQ,call,2028-06-16,mid,short,740.745,317622.50616765674,317622.50616765674,5.299394528481461,99.5,0.0
780.0,2028,6,16,P,0.0016538867445064834,-0.4148184355626425,125,0.23380607676648565,83.5,88.0,QQQ,put,2028-06-16,mid,short,740.745,-113436.60934559169,113436.60934559169,5.299394528481461,85.75,0.0
780.0,2028,12,15,C,0.0014000754402821447,0.6129252065406624,351,0.24158326083727033,118.5,123.0,QQQ,call,2028-12-15,mid,short,740.745,269647.25978589593,269647.25978589593,5.299394528481461,120.75,0.0
780.0,2028,12,15,P,0.0014000754402821447,-0.3870747934593376,237,0.24033800811899314,90.5,95.5,QQQ,put,2028-12-15,mid,short,740.745,-182069.51729133143,182069.51729133143,5.299394528481461,93.0,0.0
780.0,2029,1,19,C,0.001366131475502503,0.6174987993931815,12,0.24168502077366122,122.0,126.5,QQQ,call,2029-01-19,mid,short,740.745,8995.207809446185,8995.207809446185,5.299394528481461,124.25,0.0
780.0,2029,1,19,P,0.001366131475502503,-0.38250120060681847,1,0.24099543220726602,91.5,96.5,QQQ,put,2029-01-19,mid,short,740.745,-749.600650787182,749.600650787182,5.299394528481461,94.0,0.0
781.0,2026,9,30,C,0.003161433539587136,0.027248136552429403,156,0.16870141934144903,0.19,0.22,QQQ,call,2026-09-30,mid,short,740.745,270611.41498143715,270611.41498143715,5.434393752235924,0.20500000000000002,0.0
781.0,2026,9,30,P,0.003161433539587136,-0.9727518634475706,0,0.27686695063177186,38.02,41.36,QQQ,put,2026-09-30,mid,short,740.745,-0.0,0.0,5.434393752235924,39.69,0.0
781.0,2026,11,30,C,0.005863702545474626,0.29960931852252615,1,0.18151807497303543,10.68,10.93,QQQ,call,2026-11-30,mid,short,740.745,3217.4320868300506,3217.4320868300506,5.434393752235924,10.805,0.0
781.0,2026,11,30,P,0.005863702545474626,-0.7003906814774739,1,0.18521033954607308,45.38,45.68,QQQ,put,2026-11-30,mid,short,740.745,-3217.4320868300506,3217.4320868300506,5.434393752235924,45.53,0.0
782.0,2026,9,30,C,0.002948225631313043,0.025303930712150542,258,0.17068305272141185,0.18,0.2,QQQ,call,2026-09-30,mid,short,740.745,417366.7820517761,417366.7820517761,5.569392975990387,0.19,0.0
782.0,2026,9,30,P,0.002948225631313043,-0.9746960692878495,0,0.28512197036619535,38.99,42.44,QQQ,put,2026-09-30,mid,short,740.745,-0.0,0.0,5.569392975990387,40.715,0.0
782.0,2026,11,30,C,0.005819983682578742,0.29373571547573557,49,0.18112924344157275,10.37,10.64,QQQ,call,2026-11-30,mid,short,740.745,156478.72703242372,156478.72703242372,5.569392975990387,10.504999999999999,0.0
782.0,2026,11,30,P,0.005819983682578742,-0.7062642845242644,0,0.1852797199482357,46.11,46.41,QQQ,put,2026-11-30,mid,short,740.745,-0.0,0.0,5.569392975990387,46.26,0.0
783.0,2026,9,30,C,0.0027409529075487905,0.02338827707587431,282,0.17093807790408674,0.16,0.19,QQQ,call,2026-09-30,mid,short,740.745,424119.4012974452,424119.4012974452,5.704392199744851,0.175,0.0
783.0,2026,9,30,P,0.0027409529075487905,-0.9766117229241257,0,0.28779315088327384,40.01,43.39,QQQ,put,2026-09-30,mid,short,740.745,-0.0,0.0,5.704392199744851,41.7,0.0
783.0,2026,11,30,C,0.005774059899850926,0.2879500832645171,38,0.1808668300194981,10.08,10.35,QQQ,call,2026-11-30,mid,short,740.745,120393.30560535849,120393.30560535849,5.704392199744851,10.215,0.0
783.0,2026,11,30,P,0.005774059899850926,-0.7120499167354829,0,0.18557314797130708,46.87,47.16,QQQ,put,2026-11-30,mid,short,740.745,-0.0,0.0,5.704392199744851,47.015,0.0
784.0,2026,9,30,C,0.0025764908096433427,0.021999703727374822,106,0.17259860343192954,0.15,0.18,QQQ,call,2026-09-30,mid,short,740.745,149855.2354312872,149855.2354312872,5.839391423499314,0.16499999999999998,0.0
784.0,2026,9,30,P,0.0025764908096433427,-0.9780002962726252,0,0.2780165620758326,41.01,44.07,QQQ,put,2026-09-30,mid,short,740.745,-0.0,0.0,5.839391423499314,42.54,0.0
784.0,2026,11,30,C,0.00572691307013048,0.2822024952826822,66,0.180643443309902,9.8,10.06,QQQ,call,2026-11-30,mid,short,740.745,207396.7678288772,207396.7678288772,5.839391423499314,9.93,0.0
784.0,2026,11,30,P,0.00572691307013048,-0.7177975047173177,0,0.18555383118807225,47.6,48.17,QQQ,put,2026-11-30,mid,short,740.745,-0.0,0.0,5.839391423499314,47.885000000000005,0.0
785.0,2026,9,22,C,0.0007392526077047943,0.004027644818833146,44,0.3883973841659196,0.01,0.03,QQQ,call,2026-09-22,mid,short,740.745,17847.730481155486,17847.730481155486,5.974390647253778,0.02,976.0
785.0,2026,9,22,P,0.0007392526077047943,-0.9959723551811669,0,0.8074993356779503,42.0,45.43,QQQ,put,2026-09-22,mid,short,740.745,-0.0,0.0,5.974390647253778,43.715,0.0
785.0,2026,9,23,C,0.0007415268929437221,0.004033860498535012,0,0.2741687637872382,0.01,0.03,QQQ,call,2026-09-23,mid,short,740.745,0.0,0.0,5.974390647253778,0.02,0.0
785.0,2026,9,23,P,0.0007415268929437221,-0.995966139501465,0,0.5797968322037352,41.99,45.43,QQQ,put,2026-09-23,mid,short,740.745,-0.0,0.0,5.974390647253778,43.71,0.0
785.0,2026,9,24,C,0.0009568980261372252,0.005627735555294614,11,0.23929996875315956,0.02,0.04,QQQ,call,2026-09-24,mid,short,740.745,5775.5826257655945,5775.5826257655945,5.974390647253778,0.03,0.0
785.0,2026,9,24,P,0.0009568980261372252,-0.9943722644447054,0,0.4820904319752672,41.99,45.45,QQQ,put,2026-09-24,mid,short,740.745,-0.0,0.0,5.974390647253778,43.72,0.0
785.0,2026,9,25,C,0.0013733952517862092,0.00917191992772368,213,0.22934739884571526,0.05,0.06,QQQ,call,2026-09-25,mid,short,740.745,160513.88355105827,160513.88355105827,5.974390647253778,0.055,0.0
785.0,2026,9,25,P,0.0013733952517862092,-0.9908280800722763,0,0.4218237738272412,41.99,45.43,QQQ,put,2026-09-25,mid,short,740.745,-0.0,0.0,5.974390647253778,43.71,0.0
785.0,2026,9,28,C,0.001522935154978181,0.010515085802533049,47,0.17250412249926783,0.05,0.08,QQQ,call,2026-09-28,mid,short,740.745,39275.04824844571,39275.04824844571,5.974390647253778,0.065,0.0
785.0,2026,9,28,P,0.001522935154978181,-0.989484914197467,0,0.32926552825474437,41.98,45.39,QQQ,put,2026-09-28,mid,short,740.745,-0.0,0.0,5.974390647253778,43.685,0.0
785.0,2026,9,29,C,0.0018784695854973195,0.014168082387469728,0,0.17101226178950404,0.08,0.11,QQQ,call,2026-09-29,mid,short,740.745,0.0,0.0,5.974390647253778,0.095,0.0
785.0,2026,9,29,P,0.0018784695854973195,-0.9858319176125303,0,0.31458153297928754,41.99,45.45,QQQ,put,2026-09-29,mid,short,740.745,-0.0,0.0,5.974390647253778,43.72,0.0
785.0,2026,9,30,C,0.0023794556190536585,0.020133073625467877,1229,0.1741209494487505,0.14,0.16,QQQ,call,2026-09-30,mid,short,740.745,1604600.595857133,1604600.595857133,5.974390647253778,0.15000000000000002,0.0
785.0,2026,9,30,P,0.0023794556190536585,-0.9798669263745321,0,0.29689411165913204,42.01,45.38,QQQ,put,2026-09-30,mid,short,740.745,-0.0,0.0,5.974390647253778,43.695,0.0
785.0,2026,10,1,C,0.0027376564133865444,0.025020374928398814,40,0.17282121143847695,0.19,0.21,QQQ,call,2026-10-01,mid,short,740.745,60086.428455984904,60086.428455984904,5.974390647253778,0.2,0.0
785.0,2026,10,1,P,0.0027376564133865444,-0.9749796250716012,0,0.2873055320104465,41.99,45.44,QQQ,put,2026-10-01,mid,short,740.745,-0.0,0.0,5.974390647253778,43.715,0.0
785.0,2026,10,2,C,0.003189962078660887,0.03209551982447274,164,0.17430990237179908,0.27,0.29,QQQ,call,2026-10-02,mid,short,740.745,287056.13014329906,287056.13014329906,5.974390647253778,0.28,0.0
785.0,2026,10,2,P,0.003189962078660887,-0.9679044801755272,0,0.2757210512878968,42.01,45.41,QQQ,put,2026-10-02,mid,short,740.745,-0.0,0.0,5.974390647253778,43.709999999999994,0.0
785.0,2026,10,5,C,0.003607280156864083,0.03939108594629549,0,0.1618103413893112,0.36,0.38,QQQ,call,2026-10-05,mid,short,740.745,0.0,0.0,5.974390647253778,0.37,0.0
785.0,2026,10,5,P,0.003607280156864083,-0.9606089140537045,0,0.25258994047511046,42.02,45.43,QQQ,put,2026-10-05,mid,short,740.745,-0.0,0.0,5.974390647253778,43.725,0.0
785.0,2026,10,9,C,0.004753728834073605,0.06736701447936562,337,0.1657623237714724,0.78,0.82,QQQ,call,2026-10-09,mid,short,740.745,879026.0851642621,879026.0851642621,5.974390647253778,0.8,0.0
785.0,2026,10,9,P,0.004753728834073605,-0.9326329855206343,0,0.22752643878532283,42.13,45.3,QQQ,put,2026-10-09,mid,short,740.745,-0.0,0.0,5.974390647253778,43.715,0.0
785.0,2026,10,16,C,0.005668878946707823,0.1054548921089459,2718,0.16555202124105944,1.58,1.61,QQQ,call,2026-10-16,mid,short,740.745,8454425.333229372,8454425.333229372,5.974390647253778,1.5950000000000002,0.0
785.0,2026,10,16,P,0.005668878946707823,-0.8945451078910541,3,0.11464687394560312,42.4,44.64,QQQ,put,2026-10-16,mid,short,740.745,-9331.595290540145,9331.595290540145,5.974390647253778,43.519999999999996,0.0
785.0,2026,10,23,C,0.00609211188194987,0.14041910115314782,153,0.1659923295868369,2.52,2.61,QQQ,call,2026-10-23,mid,short,740.745,511442.43458985124,511442.43458985124,5.974390647253778,2.565,0.0
785.0,2026,10,23,P,0.00609211188194987,-0.8595808988468522,0,0.16950890510855343,44.2,44.89,QQQ,put,2026-10-23,mid,short,740.745,-0.0,0.0,5.974390647253778,44.545,0.0
785.0,2026,10,30,C,0.006220437521469932,0.1798270311337693,344,0.17324284561915626,3.95,4.06,QQQ,call,2026-10-30,mid,short,740.745,1174131.7506212564,1174131.7506212564,5.974390647253778,4.005,0.0
785.0,2026,10,30,P,0.006220437521469932,-0.8201729688662307,6,0.15136164359849513,43.56,45.86,QQQ,put,2026-10-30,mid,short,740.745,-20479.04216199866,20479.04216199866,5.974390647253778,44.71,0.0
785.0,2026,11,20,C,0.005830738133910844,0.25747078936268114,1512,0.18381907289066246,8.23,8.31,QQQ,call,2026-11-20,mid,short,740.745,4837408.748224609,4837408.748224609,5.974390647253778,8.27,0.0
785.0,2026,11,20,P,0.005830738133910844,-0.7425292106373189,279,0.1849868180917976,47.45,48.1,QQQ,put,2026-11-20,mid,short,740.745,-892617.0904462077,892617.0904462077,5.974390647253778,47.775000000000006,0.0
785.0,2026,11,30,C,0.005675094592184138,0.2767223382581676,519,0.18064531149186078,9.55,9.79,QQQ,call,2026-11-30,mid,short,740.745,1616136.0577465144,1616136.0577465144,5.974390647253778,9.67,0.0
785.0,2026,11,30,P,0.005675094592184138,-0.7232776617418324,0,0.16968066471190776,46.63,48.97,QQQ,put,2026-11-30,mid,short,740.745,-0.0,0.0,5.974390647253778,47.8,0.0
785.0,2026,12,18,C,0.005146883867592864,0.3194299503183257,2430,0.19022706887532678,13.63,13.79,QQQ,call,2026-12-18,mid,short,740.745,6862590.742570014,6862590.742570014,5.974390647253778,13.71,0.0
785.0,2026,12,18,P,0.005146883867592864,-0.6805700496816742,268,0.1916312895245406,50.53,51.2,QQQ,put,2026-12-18,mid,short,740.745,-756861.8596743884,756861.8596743884,5.974390647253778,50.865,0.0
785.0,2026,12,31,C,0.004945535657273564,0.3367416938412092,942,0.18862159172971865,15.51,15.73,QQQ,call,2026-12-31,mid,short,740.745,2556240.419365432,2556240.419365432,5.974390647253778,15.620000000000001,0.0
785.0,2026,12,31,P,0.004945535657273564,-0.6632583061587908,15,0.19303824895579327,51.75,52.47,QQQ,put,2026-12-31,mid,short,740.745,-40704.46527651962,40704.46527651962,5.974390647253778,52.11,0.0
785.0,2027,1,15,C,0.004620855859776673,0.35934985895664073,2093,0.19282793953411045,18.5,18.78,QQQ,call,2027-01-15,mid,short,740.745,5306755.849943734,5306755.849943734,5.974390647253778,18.64,0.0
785.0,2027,1,15,P,0.004620855859776673,-0.6406501410433593,138,0.18604272164787525,51.78,54.16,QQQ,put,2027-01-15,mid,short,740.745,-349895.99010618025,349895.99010618025,5.974390647253778,52.97,0.0
785.0,2027,2,19,C,0.004054943389528589,0.39794593545340584,144,0.19869651332828026,24.87,25.23,QQQ,call,2027-02-19,mid,short,740.745,320394.273304623,320394.273304623,5.974390647253778,25.05,0.0
785.0,2027,2,19,P,0.004054943389528589,-0.6020540645465942,66,0.20245764879535508,56.93,57.45,QQQ,put,2027-02-19,mid,short,740.745,-146847.3752646189,146847.3752646189,5.974390647253778,57.19,0.0
785.0,2027,3,19,C,0.0036642334072655046,0.4230132791222006,1554,0.20510129323461912,30.27,30.62,QQQ,call,2027-03-19,mid,short,740.745,3124435.77426287,3124435.77426287,5.974390647253778,30.445,0.0
785.0,2027,3,19,P,0.0036642334072655046,-0.5769867208777995,172,0.20763124300263675,59.79,60.31,QQQ,put,2027-03-19,mid,short,740.745,-345819.14618610917,345819.14618610917,5.974390647253778,60.05,0.0
785.0,2027,3,31,C,0.0035208256801254,0.4322336604225919,321,0.20177364463175212,31.32,34.11,QQQ,call,2027-03-31,mid,short,740.745,620136.0990318895,620136.0990318895,5.974390647253778,32.715,0.0
785.0,2027,3,31,P,0.0035208256801254,-0.5677663395774081,138,0.20393882061679736,59.77,61.53,QQQ,put,2027-03-31,mid,short,740.745,-266600.5659389431,266600.5659389431,5.974390647253778,60.650000000000006,0.0
785.0,2027,6,17,C,0.0028606109502250167,0.4769106587259756,1797,0.21544503316166586,45.3,47.07,QQQ,call,2027-06-17,mid,short,740.745,2820618.3778764918,2820618.3778764918,5.974390647253778,46.185,0.0
785.0,2027,6,17,P,0.0028606109502250167,-0.5230893412740244,31,0.21721658892470128,67.2,69.73,QQQ,put,2027-06-17,mid,short,740.745,-48658.41386431342,48658.41386431342,5.974390647253778,68.465,0.0
785.0,2027,6,30,C,0.0027722999612124224,0.48297065264775024,55,0.21432031242021596,46.75,50.12,QQQ,call,2027-06-30,mid,short,740.745,83664.33544661177,83664.33544661177,5.974390647253778,48.435,0.0
785.0,2027,6,30,P,0.0027722999612124224,-0.5170293473522498,1,0.21745653295095047,67.93,70.39,QQQ,put,2027-06-30,mid,short,740.745,-1521.1697353929412,1521.1697353929412,5.974390647253778,69.16,0.0
785.0,2027,9,17,C,0.002368535947003714,0.5129160643094168,1180,0.2219172186143775,59.02,62.9,QQQ,call,2027-09-17,mid,short,740.745,1533555.3133550559,1533555.3133550559,5.974390647253778,60.96,0.0
785.0,2027,9,17,P,0.002368535947003714,-0.4870839356905831,22,0.22264769121757205,73.04,77.0,QQQ,put,2027-09-17,mid,short,740.745,-28591.70923204341,28591.70923204341,5.974390647253778,75.02000000000001,0.0
785.0,2027,12,17,C,0.0020637639153166065,0.5387107290571419,537,0.22652038267177615,71.5,76.0,QQQ,call,2027-12-17,mid,short,740.745,608095.4553282404,608095.4553282404,5.974390647253778,73.75,0.0
785.0,2027,12,17,P,0.0020637639153166065,-0.4612892709428581,465,0.22571252911239667,77.55,82.5,QQQ,put,2027-12-17,mid,short,740.745,-526563.1037758506,526563.1037758506,5.974390647253778,80.025,0.0
785.0,2028,1,21,C,0.0019877369784698515,0.546670507553257,596,0.2263136961840875,75.5,80.0,QQQ,call,2028-01-21,mid,short,740.745,650043.8206619759,650043.8206619759,5.974390647253778,77.75,0.0
785.0,2028,1,21,P,0.0019877369784698515,-0.453329492446743,694,0.22644752171748364,79.0,84.0,QQQ,put,2028-01-21,mid,short,740.745,-756930.22070371,756930.22070371,5.974390647253778,81.5,0.0
785.0,2028,6,16,C,0.001667704901568859,0.5771398987211409,406,0.23389802157579315,94.5,99.5,QQQ,call,2028-06-16,mid,short,740.745,371520.42610344494,371520.42610344494,5.974390647253778,97.0,0.0
785.0,2028,6,16,P,0.001667704901568859,-0.4228601012788591,504,0.23372739027871248,86.0,90.5,QQQ,put,2028-06-16,mid,short,740.745,-461197.770335311,461197.770335311,5.974390647253778,88.25,0.0
785.0,2028,12,15,C,0.0014120639713680902,0.6061445622151213,22,0.24071907849315094,116.0,120.5,QQQ,call,2028-12-15,mid,short,740.745,17045.68703610965,17045.68703610965,5.974390647253778,118.25,0.0
785.0,2028,12,15,P,0.0014120639713680902,-0.39385543778487875,721,0.2404831515994528,93.0,98.0,QQQ,put,2028-12-15,mid,short,740.745,-558633.6524106846,558633.6524106846,5.974390647253778,95.5,0.0
785.0,2029,1,19,C,0.001381211017400044,0.6108034623157115,0,0.23968349364359048,119.0,124.0,QQQ,call,2029-01-19,mid,short,740.745,0.0,0.0,5.974390647253778,121.5,0.0
785.0,2029,1,19,P,0.001381211017400044,-0.3891965376842886,0,0.24117563678491183,94.0,99.0,QQQ,put,2029-01-19,mid,short,740.745,-0.0,0.0,5.974390647253778,96.5,0.0
786.0,2026,9,30,C,0.0022255437070708194,0.018793893537989055,298,0.1754924828817766,0.13,0.15,QQQ,call,2026-09-30,mid,short,740.745,363906.53040730633,363906.53040730633,6.109389871008241,0.14,0.0
786.0,2026,9,30,P,0.0022255437070708194,-0.9812061064620109,0,0.2952683720467832,43.01,46.24,QQQ,put,2026-09-30,mid,short,740.745,-0.0,0.0,6.109389871008241,44.625,0.0
787.0,2026,9,30,C,0.002116269616382179,0.017987028777580908,130,0.17669776773742804,0.12,0.15,QQQ,call,2026-09-30,mid,short,740.745,150956.49600101824,150956.49600101824,6.244389094762704,0.135,0.0
787.0,2026,9,30,P,0.002116269616382179,-0.982012971222419,0,0.30452283048094597,44.01,47.34,QQQ,put,2026-09-30,mid,short,740.745,-0.0,0.0,6.244389094762704,45.675,0.0
788.0,2026,9,30,C,0.0019718550977128177,0.016691371402314706,141,0.17771768016230288,0.11,0.14,QQQ,call,2026-09-30,mid,short,740.745,152556.79898476854,152556.79898476854,6.379388318517168,0.125,0.0
788.0,2026,9,30,P,0.0019718550977128177,-0.9833086285976853,0,0.3045506910553448,45.01,48.24,QQQ,put,2026-09-30,mid,short,740.745,-0.0,0.0,6.379388318517168,46.625,0.0
789.0,2026,9,30,C,0.0018309237814672869,0.01541205052251486,164,0.17852812606307,0.1,0.13,QQQ,call,2026-09-30,mid,short,740.745,164759.91950223022,164759.91950223022,6.514387542271631,0.115,0.0
789.0,2026,9,30,P,0.0018309237814672869,-0.9845879494774852,0,0.3091589335175806,46.01,49.24,QQQ,put,2026-09-30,mid,short,740.745,-0.0,0.0,6.514387542271631,47.625,0.0
790.0,2026,9,22,C,0.0006243334573080927,0.0037001908417782945,120,0.4267074773942346,0.01,0.03,QQQ,call,2026-09-22,mid,short,740.745,41108.848537514,41108.848537514,6.649386766026094,0.02,155.0
790.0,2026,9,22,P,0.0006243334573080927,-0.9962998091582217,0,0.872692972492452,47.0,50.43,QQQ,put,2026-09-22,mid,short,740.745,-0.0,0.0,6.649386766026094,48.715,0.0
790.0,2026,9,23,C,0.0006260689032139149,0.0037053481784477395,3,0.30126212593155444,0.01,0.03,QQQ,call,2026-09-23,mid,short,740.745,1030.5779473695495,1030.5779473695495,6.649386766026094,0.02,0.0
790.0,2026,9,23,P,0.0006260689032139149,-0.9962946518215523,0,0.6264395108307974,47.0,50.43,QQQ,put,2026-09-23,mid,short,740.745,-0.0,0.0,6.649386766026094,48.715,0.0
790.0,2026,9,24,C,0.0008095898063445035,0.005174560728788343,0,0.26269970310387264,0.02,0.04,QQQ,call,2026-09-24,mid,short,740.745,0.0,0.0,6.649386766026094,0.03,0.0
790.0,2026,9,24,P,0.0008095898063445035,-0.9948254392712117,0,0.5188591425653725,46.99,50.43,QQQ,put,2026-09-24,mid,short,740.745,-0.0,0.0,6.649386766026094,48.71,0.0
790.0,2026,9,25,C,0.0009668741247809829,0.006543474543672628,174,0.23711119924607735,0.03,0.05,QQQ,call,2026-09-25,mid,short,740.745,92311.67760360878,92311.67760360878,6.649386766026094,0.04,0.0
790.0,2026,9,25,P,0.0009668741247809829,-0.9934565254563273,3,0.4404529240950878,47.01,50.24,QQQ,put,2026-09-25,mid,short,740.745,-1591.5806483380825,1591.5806483380825,6.649386766026094,48.625,0.0
790.0,2026,9,28,C,0.0011758124347527208,0.008482901585483465,530,0.18426822908940926,0.04,0.07,QQQ,call,2026-09-28,mid,short,740.745,341941.1561132158,341941.1561132158,6.649386766026094,0.05500000000000001,0.0
790.0,2026,9,28,P,0.0011758124347527208,-0.9915170984145165,0,0.3575640150192057,46.99,50.43,QQQ,put,2026-09-28,mid,short,740.745,-0.0,0.0,6.649386766026094,48.71,0.0
790.0,2026,9,29,C,0.001405950734944453,0.010861034896852483,200,0.1806161125198696,0.06,0.09,QQQ,call,2026-09-29,mid,short,740.745,154289.92081474778,154289.92081474778,6.649386766026094,0.075,0.0
790.0,2026,9,29,P,0.001405950734944453,-0.9891389651031475,0,0.337882208219864,46.99,50.42,QQQ,put,2026-09-29,mid,short,740.745,-0.0,0.0,6.649386766026094,48.705,0.0
790.0,2026,9,30,C,0.0017350358982787693,0.014665120016752452,1724,0.1816528862906324,0.1,0.12,QQQ,call,2026-09-30,mid,short,740.745,1641281.9136094453,1641281.9136094453,6.649386766026094,0.11,0.0
790.0,2026,9,30,P,0.0017350358982787693,-0.9853348799832475,5,0.3207845782117853,47.01,50.39,QQQ,put,2026-09-30,mid,short,740.745,-4760.098357335979,4760.098357335979,6.649386766026094,48.7,0.0
790.0,2026,10,1,C,0.0019706356679068896,0.017676304489074642,0,0.1784847206233104,0.13,0.15,QQQ,call,2026-10-01,mid,short,740.745,0.0,0.0,6.649386766026094,0.14,0.0
790.0,2026,10,1,P,0.0019706356679068896,-0.9823236955109254,0,0.3106686646694748,46.99,50.46,QQQ,put,2026-10-01,mid,short,740.745,-0.0,0.0,6.649386766026094,48.725,0.0
790.0,2026,10,2,C,0.0023255134106786534,0.022747246331166017,200,0.17830921441286068,0.18,0.21,QQQ,call,2026-10-02,mid,short,740.745,255203.30909846516,255203.30909846516,6.649386766026094,0.195,0.0
790.0,2026,10,2,P,0.0023255134106786534,-0.977252753668834,0,0.29163386103042993,47.01,50.27,QQQ,put,2026-10-02,mid,short,740.745,-0.0,0.0,6.649386766026094,48.64,0.0
790.0,2026,10,5,C,0.0027216590294340958,0.029075591669006744,0,0.16578035724157564,0.25,0.29,QQQ,call,2026-10-05,mid,short,740.745,0.0,0.0,6.649386766026094,0.27,0.0
790.0,2026,10,5,P,0.0027216590294340958,-0.9709244083309932,0,0.27318522124117434,46.99,50.46,QQQ,put,2026-10-05,mid,short,740.745,-0.0,0.0,6.649386766026094,48.725,0.0
790.0,2026,10,9,C,0.003717485711198059,0.050151733034488034,724,0.16817514149883098,0.56,0.59,QQQ,call,2026-10-09,mid,short,740.745,1476812.4042701856,1476812.4042701856,6.649386766026094,0.575,0.0
790.0,2026,10,9,P,0.003717485711198059,-0.949848266965512,0,0.2442712851973937,47.04,50.27,QQQ,put,2026-10-09,mid,short,740.745,-0.0,0.0,6.649386766026094,48.655,0.0
790.0,2026,10,16,C,0.004698561179053768,0.08243221868640083,2976,0.16643291852029196,1.18,1.21,QQQ,call,2026-10-16,mid,short,740.745,7672471.2608417645,7672471.2608417645,6.649386766026094,1.1949999999999998,0.0
790.0,2026,10,16,P,0.004698561179053768,-0.9175677813135992,6,0.2267562564103933,47.03,50.6,QQQ,put,2026-10-16,mid,short,740.745,-15468.692058148717,15468.692058148717,6.649386766026094,48.815,0.0
790.0,2026,10,23,C,0.005266743442973039,0.11430763196052292,187,0.166125398100986,1.95,2.05,QQQ,call,2026-10-23,mid,short,740.745,540407.3251030425,540407.3251030425,6.649386766026094,2.0,0.0
790.0,2026,10,23,P,0.005266743442973039,-0.885692368039477,0,0.1744147601271683,48.8,49.52,QQQ,put,2026-10-23,mid,short,740.745,-0.0,0.0,6.649386766026094,49.16,0.0
790.0,2026,10,30,C,0.0055807596384788005,0.15184990423429862,1125,0.17325467623116697,3.2,3.28,QQQ,call,2026-10-30,mid,short,740.745,3444952.9737031832,3444952.9737031832,6.649386766026094,3.24,0.0
790.0,2026,10,30,P,0.0055807596384788005,-0.8481500957657013,1,0.15259737488002834,48.0,50.3,QQQ,put,2026-10-30,mid,short,740.745,-3062.180421069497,3062.180421069497,6.649386766026094,49.15,0.0
790.0,2026,11,20,C,0.005503742793589869,0.23007054770457128,6445,0.18279196691044233,7.04,7.2,QQQ,call,2026-11-20,mid,short,740.745,19463391.072436754,19463391.072436754,6.649386766026094,7.12,0.0
790.0,2026,11,20,P,0.005503742793589869,-0.7699294522954288,561,0.18678955478620177,51.48,52.08,QQQ,put,2026-11-20,mid,short,740.745,-1694175.7007970551,1694175.7007970551,6.649386766026094,51.78,0.0
790.0,2026,11,30,C,0.005410572885865764,0.2493611228074119,167,0.17953800252461347,8.26,8.51,QQQ,call,2026-11-30,mid,short,740.745,495789.33496553305,495789.33496553305,6.649386766026094,8.385,0.0
790.0,2026,11,30,P,0.005410572885865764,-0.750638877192588,1160,0.17030453211231072,50.54,52.88,QQQ,put,2026-11-30,mid,short,740.745,-3443806.1590420264,3443806.1590420264,6.649386766026094,51.71,0.0
790.0,2026,12,18,C,0.004994585846752238,0.29428231517036396,7116,0.1891158366270679,12.13,12.27,QQQ,call,2026-12-18,mid,short,740.745,19501718.306503262,19501718.306503262,6.649386766026094,12.2,0.0
790.0,2026,12,18,P,0.004994585846752238,-0.705717684829636,52,0.19214601642331863,54.18,54.9,QQQ,put,2026-12-18,mid,short,740.745,-142508.34063212055,142508.34063212055,6.649386766026094,54.54,0.0
790.0,2026,12,31,C,0.0048252129974689605,0.3125722935329849,1389,0.18747506588527532,13.92,14.14,QQQ,call,2026-12-31,mid,short,740.745,3677529.7279812307,3677529.7279812307,6.649386766026094,14.030000000000001,0.0
790.0,2026,12,31,P,0.0048252129974689605,-0.6874277064670151,116,0.19292690656810813,55.23,56.09,QQQ,put,2026-12-31,mid,short,740.745,-307122.7130639473,307122.7130639473,6.649386766026094,55.66,0.0
790.0,2027,1,15,C,0.004543696843743457,0.33641700047364054,3446,0.19166483305801912,16.8,16.99,QQQ,call,2027-01-15,mid,short,740.745,8591363.174880577,8591363.174880577,6.649386766026094,16.895,0.0
790.0,2027,1,15,P,0.004543696843743457,-0.6635829995263595,91,0.1873710416831786,55.42,57.61,QQQ,put,2027-01-15,mid,short,740.745,-226875.81222116438,226875.81222116438,6.649386766026094,56.515,0.0
790.0,2027,2,19,C,0.004018398724670687,0.37805079583801454,1056,0.19759623926026465,23.0,23.34,QQQ,call,2027-02-19,mid,short,740.745,2328382.909644256,2328382.909644256,6.649386766026094,23.17,0.0
790.0,2027,2,19,P,0.004018398724670687,-0.6219492041619854,119,0.20147915351785173,59.99,60.79,QQQ,put,2027-02-19,mid,short,740.745,-262384.0589466538,262384.0589466538,6.649386766026094,60.39,0.0
790.0,2027,3,19,C,0.0036486196791054117,0.4050007596985902,5780,0.20390619655314027,28.27,28.62,QQQ,call,2027-03-19,mid,short,740.745,11571612.76799814,11571612.76799814,6.649386766026094,28.445,0.0
790.0,2027,3,19,P,0.0036486196791054117,-0.5949992403014098,52,0.20759012390716602,62.92,63.46,QQQ,put,2027-03-19,mid,short,740.745,-104104.474729395,104104.474729395,6.649386766026094,63.19,0.0
790.0,2027,3,31,C,0.0035293566795166903,0.4141193998515386,1422,0.19817426229854168,28.79,32.07,QQQ,call,2027-03-31,mid,short,740.745,2753801.324558818,2753801.324558818,6.649386766026094,30.43,0.0
790.0,2027,3,31,P,0.0035293566795166903,-0.5858806001484613,81,0.20392834812892716,62.88,64.64,QQQ,put,2027-03-31,mid,short,740.745,-156862.10076600866,156862.10076600866,6.649386766026094,63.760000000000005,0.0
790.0,2027,6,17,C,0.0028592210010786206,0.46323968115550507,4114,0.21569037022967985,43.44,44.85,QQQ,call,2027-06-17,mid,short,740.745,6454304.785421749,6454304.785421749,6.649386766026094,44.144999999999996,0.0
790.0,2027,6,17,P,0.0028592210010786206,-0.5367603188444949,1010,0.21752695887760223,70.21,72.64,QQQ,put,2027-06-17,mid,short,740.745,-1584552.220047634,1584552.220047634,6.649386766026094,71.425,0.0
790.0,2027,6,30,C,0.002782700862319251,0.4693216816728946,55,0.2134162191461409,44.58,47.75,QQQ,call,2027-06-30,mid,short,740.745,83978.22084549487,83978.22084549487,6.649386766026094,46.165,0.0
790.0,2027,6,30,P,0.002782700862319251,-0.5306783183271053,24,0.21737893927644927,70.82,74.12,QQQ,put,2027-06-30,mid,short,740.745,-36645.04182348867,36645.04182348867,6.649386766026094,72.47,0.0
790.0,2027,9,17,C,0.002374870500719719,0.5015813622526683,462,0.22255115228403285,57.2,60.42,QQQ,call,2027-09-17,mid,short,740.745,602031.7086725688,602031.7086725688,6.649386766026094,58.81,0.0
790.0,2027,9,17,P,0.002374870500719719,-0.49841863774733175,550,0.22254620974388886,75.81,80.0,QQQ,put,2027-09-17,mid,short,740.745,-716704.4150863911,716704.4150863911,6.649386766026094,77.905,0.0
790.0,2027,12,17,C,0.0020749479464195687,0.5287498189622504,2199,0.2251601954502338,69.0,73.9,QQQ,call,2027-12-17,mid,short,740.745,2503628.535884023,2503628.535884023,6.649386766026094,71.45,0.0
790.0,2027,12,17,P,0.0020749479464195687,-0.47125018103774957,165,0.22557801335443942,80.21,85.0,QQQ,put,2027-12-17,mid,short,740.745,-187857.52997765524,187857.52997765524,6.649386766026094,82.60499999999999,0.0
790.0,2028,1,21,C,0.002003955879509074,0.5369237853342882,1395,0.22504191425080597,73.0,77.5,QQQ,call,2028-01-21,mid,short,740.745,1533909.7944964513,1533909.7944964513,6.649386766026094,75.25,0.0
790.0,2028,1,21,P,0.002003955879509074,-0.4630762146657118,99,0.2274101662662982,82.0,86.5,QQQ,put,2028-01-21,mid,short,740.745,-108858.11444813525,108858.11444813525,6.649386766026094,84.25,0.0
790.0,2028,6,16,C,0.0016816052163919092,0.5690311249675621,771,0.2328454865622265,92.0,97.0,QQQ,call,2028-06-16,mid,short,740.745,711403.3096481094,711403.3096481094,6.649386766026094,94.5,0.0
790.0,2028,6,16,P,0.0016816052163919092,-0.4309688750324379,105,0.2335497701835325,88.5,93.0,QQQ,put,2028-06-16,mid,short,740.745,-96883.71921277755,96883.71921277755,6.649386766026094,90.75,0.0
790.0,2028,12,15,C,0.001424122979042516,0.5993148421721313,324,0.23978807614031383,113.5,118.0,QQQ,call,2028-12-15,mid,short,740.745,253180.33004513066,253180.33004513066,6.649386766026094,115.75,0.0
790.0,2028,12,15,P,0.001424122979042516,-0.4006851578278687,126,0.24055181702515044,95.5,100.5,QQQ,put,2028-12-15,mid,short,740.745,-98459.01723977305,98459.01723977305,6.649386766026094,98.0,0.0
790.0,2029,1,19,C,0.001393072059082021,0.6041307712233306,5,0.2387760235661383,116.5,121.5,QQQ,call,2029-01-19,mid,short,740.745,3821.91516997739,3821.91516997739,6.649386766026094,119.0,0.0
790.0,2029,1,19,P,0.001393072059082021,-0.39586922877666936,0,0.24128229937008105,96.5,101.0,QQQ,put,2029-01-19,mid,short,740.745,-0.0,0.0,6.649386766026094,98.75,0.0
791.0,2026,9,30,C,0.0016005700460517034,0.013415939274089935,158,0.182178210658869,0.09,0.11,QQQ,call,2026-09-30,mid,short,740.745,138761.5777889185,138761.5777889185,6.784385989780558,0.1,0.0
791.0,2026,9,30,P,0.0016005700460517034,-0.9865840607259101,0,0.3187932716240532,48.01,51.25,QQQ,put,2026-09-30,mid,short,740.745,-0.0,0.0,6.784385989780558,49.629999999999995,0.0
792.0,2026,9,30,C,0.0015116519815564047,0.012700375253172263,168,0.18241994103111964,0.08,0.11,QQQ,call,2026-09-30,mid,short,740.745,139347.29954540514,139347.29954540514,6.919385213535022,0.095,0.0
792.0,2026,9,30,P,0.0015116519815564047,-0.9872996247468278,0,0.32334299132750766,49.01,52.25,QQQ,put,2026-09-30,mid,short,740.745,-0.0,0.0,6.919385213535022,50.629999999999995,0.0
793.0,2026,9,30,C,0.0014684941037517115,0.012516645753405609,64,0.1854429261654783,0.08,0.11,QQQ,call,2026-09-30,mid,short,740.745,51569.11026330712,51569.11026330712,7.054384437289485,0.095,0.0
793.0,2026,9,30,P,0.0014684941037517115,-0.9874833542465944,0,0.327383794392227,50.01,53.24,QQQ,put,2026-09-30,mid,short,740.745,-0.0,0.0,7.054384437289485,51.625,0.0
794.0,2026,9,30,C,0.0013427912254444275,0.011308800664566961,195,0.18529531417254255,0.07,0.1,QQQ,call,2026-09-30,mid,short,740.745,143674.78747854245,143674.78747854245,7.189383661043948,0.085,0.0
794.0,2026,9,30,P,0.0013427912254444275,-0.988691199335433,0,0.3318901989569456,51.01,54.24,QQQ,put,2026-09-30,mid,short,740.745,-0.0,0.0,7.189383661043948,52.625,0.0
795.0,2026,9,22,C,0.0005360270256000645,0.0034276726216166823,258,0.46446679883390274,0.01,0.03,QQQ,call,2026-09-22,mid,short,740.745,75882.88779235884,75882.88779235884,7.324382884798412,0.02,29.0
795.0,2026,9,22,P,0.0005360270256000645,-0.9965723273783833,0,0.9293323665449555,52.0,55.39,QQQ,put,2026-09-22,mid,short,740.745,-0.0,0.0,7.324382884798412,53.695,0.0
795.0,2026,9,23,C,0.0005373868210239099,0.003432030978486933,5,0.32796557878501703,0.01,0.03,QQQ,call,2026-09-23,mid,short,740.745,1474.3292208233718,1474.3292208233718,7.324382884798412,0.02,0.0
795.0,2026,9,23,P,0.0005373868210239099,-0.996567969021513,0,0.6720372091014899,52.0,55.43,QQQ,put,2026-09-23,mid,short,740.745,-0.0,0.0,7.324382884798412,53.715,0.0
795.0,2026,9,24,C,0.0006210560449993069,0.004130978888037649,0,0.2674054680488464,0.01,0.04,QQQ,call,2026-09-24,mid,short,740.745,0.0,0.0,7.324382884798412,0.025,0.0
795.0,2026,9,24,P,0.0006210560449993069,-0.9958690211119624,0,0.5565024616080808,51.99,55.43,QQQ,put,2026-09-24,mid,short,740.745,-0.0,0.0,7.324382884798412,53.71,0.0
795.0,2026,9,25,C,0.0007675966593224463,0.005446633386523824,212,0.24711742393354255,0.02,0.05,QQQ,call,2026-09-25,mid,short,740.745,89290.73425645778,89290.73425645778,7.324382884798412,0.035,0.0
795.0,2026,9,25,P,0.0007675966593224463,-0.9945533666134762,0,0.47274556519879096,52.01,55.24,QQQ,put,2026-09-25,mid,short,740.745,-0.0,0.0,7.324382884798412,53.625,0.0
795.0,2026,9,28,C,0.0009003809825781267,0.006701402962785256,0,0.1940495090712244,0.03,0.06,QQQ,call,2026-09-28,mid,short,740.745,0.0,0.0,7.324382884798412,0.045,0.0
795.0,2026,9,28,P,0.0009003809825781267,-0.9932985970372148,0,0.38318724680532795,51.99,55.43,QQQ,put,2026-09-28,mid,short,740.745,-0.0,0.0,7.324382884798412,53.71,0.0
795.0,2026,9,29,C,0.0010690690363276247,0.008451346090507666,0,0.18710754336333638,0.04,0.08,QQQ,call,2026-09-29,mid,short,740.745,0.0,0.0,7.324382884798412,0.06,0.0
795.0,2026,9,29,P,0.0010690690363276247,-0.9915486539094923,0,0.36204038359324286,51.99,55.42,QQQ,put,2026-09-29,mid,short,740.745,-0.0,0.0,7.324382884798412,53.705,0.0
795.0,2026,9,30,C,0.0013056636936366072,0.011150482457386767,477,0.18825922834954714,0.07,0.1,QQQ,call,2026-09-30,mid,short,740.745,341733.1929237006,341733.1929237006,7.324382884798412,0.085,0.0
795.0,2026,9,30,P,0.0013056636936366072,-0.9888495175426132,0,0.34128788377156466,52.01,55.34,QQQ,put,2026-09-30,mid,short,740.745,-0.0,0.0,7.324382884798412,53.675,0.0
795.0,2026,10,1,C,0.0015062218096890123,0.013657602613104886,0,0.18416849243837644,0.09,0.13,QQQ,call,2026-10-01,mid,short,740.745,0.0,0.0,7.324382884798412,0.11,0.0
795.0,2026,10,1,P,0.0015062218096890123,-0.9863423973868951,0,0.3313809109862501,51.99,55.43,QQQ,put,2026-10-01,mid,short,740.745,-0.0,0.0,7.324382884798412,53.71,0.0
795.0,2026,10,2,C,0.0017136590992707448,0.01647519214531851,274,0.18431228816395318,0.13,0.15,QQQ,call,2026-10-02,mid,short,740.745,257639.5023075611,257639.5023075611,7.324382884798412,0.14,0.0
795.0,2026,10,2,P,0.0017136590992707448,-0.9835248078546814,0,0.31121860907086946,52.01,55.24,QQQ,put,2026-10-02,mid,short,740.745,-0.0,0.0,7.324382884798412,53.625,0.0
795.0,2026,10,9,C,0.002881423856230715,0.03728785558727701,399,0.17056474086005965,0.4,0.43,QQQ,call,2026-10-09,mid,short,740.745,630837.49799036,630837.49799036,7.324382884798412,0.41500000000000004,0.0
795.0,2026,10,9,P,0.002881423856230715,-0.962712144412723,0,0.20640087221358644,53.72,55.42,QQQ,put,2026-10-09,mid,short,740.745,-0.0,0.0,7.324382884798412,54.57,0.0
795.0,2026,10,16,C,0.0038521702096287426,0.06433162792894234,3906,0.16760326726472383,0.88,0.92,QQQ,call,2026-10-16,mid,short,740.745,8256104.183781065,8256104.183781065,7.324382884798412,0.9,0.0
795.0,2026,10,16,P,0.0038521702096287426,-0.9356683720710577,2,0.23631493058113523,52.07,55.34,QQQ,put,2026-10-16,mid,short,740.745,-4227.395895433213,4227.395895433213,7.324382884798412,53.705,0.0
795.0,2026,10,23,C,0.00449603264626801,0.09242834280451627,60,0.16671364258363722,1.51,1.6,QQQ,call,2026-10-23,mid,short,740.745,148019.23788615942,148019.23788615942,7.324382884798412,1.5550000000000002,0.0
795.0,2026,10,23,P,0.00449603264626801,-0.9075716571954837,0,0.18427367580835366,53.67,54.27,QQQ,put,2026-10-23,mid,short,740.745,-0.0,0.0,7.324382884798412,53.97,0.0
795.0,2026,10,30,C,0.004953909387851062,0.1280333514496594,180,0.17301726750994254,2.56,2.71,QQQ,call,2026-10-30,mid,short,740.745,489280.627947932,489280.627947932,7.324382884798412,2.635,0.0
795.0,2026,10,30,P,0.004953909387851062,-0.8719666485503406,35,0.15499115990771398,52.59,54.9,QQQ,put,2026-10-30,mid,short,740.745,-95137.89987876457,95137.89987876457,7.324382884798412,53.745000000000005,0.0
795.0,2026,11,20,C,0.005156623174948943,0.2041799423260814,1067,0.18207952969782978,6.01,6.16,QQQ,call,2026-11-20,mid,short,740.745,3019028.9175292756,3019028.9175292756,7.324382884798412,6.085,0.0
795.0,2026,11,20,P,0.005156623174948943,-0.7958200576739186,6,0.18812095245647711,55.57,56.27,QQQ,put,2026-11-20,mid,short,740.745,-16976.732432217108,16976.732432217108,7.324382884798412,55.92,0.0
795.0,2026,11,30,C,0.005120750427412053,0.22337925566123057,278,0.17882342040292298,7.14,7.32,QQQ,call,2026-11-30,mid,short,740.745,781116.5925414179,781116.5925414179,7.324382884798412,7.23,0.0
795.0,2026,11,30,P,0.005120750427412053,-0.7766207443387694,0,0.17151770635549082,54.62,57.16,QQQ,put,2026-11-30,mid,short,740.745,-0.0,0.0,7.324382884798412,55.89,0.0
795.0,2026,12,18,C,0.004818528522597153,0.2701378483580235,5507,0.18808341801628836,10.76,10.9,QQQ,call,2026-12-18,mid,short,740.745,14560187.508719042,14560187.508719042,7.324382884798412,10.83,0.0
795.0,2026,12,18,P,0.004818528522597153,-0.7298621516419765,203,0.19344873894674094,58.03,58.7,QQQ,put,2026-12-18,mid,short,740.745,-536720.1859941831,536720.1859941831,7.324382884798412,58.365,0.0
795.0,2026,12,31,C,0.004683465880236396,0.28921881174233705,756,0.18650462319624064,12.47,12.68,QQQ,call,2026-12-31,mid,short,740.745,1942793.373732863,1942793.373732863,7.324382884798412,12.575,0.0
795.0,2026,12,31,P,0.004683465880236396,-0.7107811882576629,102,0.19396503143111785,58.97,59.76,QQQ,put,2026-12-31,mid,short,740.745,-262122.91550364022,262122.91550364022,7.324382884798412,59.364999999999995,0.0
795.0,2027,1,15,C,0.004442529235553061,0.3143547086528442,1912,0.1906426566701381,15.23,15.42,QQQ,call,2027-01-15,mid,short,740.745,4660748.192587721,4660748.192587721,7.324382884798412,15.325,0.0
795.0,2027,1,15,P,0.004442529235553061,-0.6856452913471558,161,0.18678863036695645,58.87,61.23,QQQ,put,2027-01-15,mid,short,740.745,-392458.39906204137,392458.39906204137,7.324382884798412,60.05,0.0
795.0,2027,2,19,C,0.003971167216648363,0.35837002362602854,226,0.19641150021693354,21.21,21.56,QQQ,call,2027-02-19,mid,short,740.745,492452.1876849378,492452.1876849378,7.324382884798412,21.384999999999998,0.0
795.0,2027,2,19,P,0.003971167216648363,-0.6416299763739715,119,0.20183017837353132,63.38,64.19,QQQ,put,2027-02-19,mid,short,740.745,-259300.0457279097,259300.0457279097,7.324382884798412,63.785,0.0
795.0,2027,3,19,C,0.003624024043714005,0.38714992051079117,3293,0.20278274989435177,26.37,26.72,QQQ,call,2027-03-19,mid,short,740.745,6548174.7140319925,6548174.7140319925,7.324382884798412,26.545,0.0
795.0,2027,3,19,P,0.003624024043714005,-0.6128500794892089,131,0.1987379443030097,64.38,68.25,QQQ,put,2027-03-19,mid,short,740.745,-260495.2588940756,260495.2588940756,7.324382884798412,66.315,0.0
795.0,2027,3,31,C,0.0035145865200816675,0.3966657250687812,309,0.19712010438100144,26.88,30.0,QQQ,call,2027-03-31,mid,short,740.745,595895.5960627382,595895.5960627382,7.324382884798412,28.439999999999998,0.0
795.0,2027,3,31,P,0.0035145865200816675,-0.6033342749312187,12,0.1987363417274228,65.0,67.86,QQQ,put,2027-03-31,mid,short,740.745,-23141.57654612576,23141.57654612576,7.324382884798412,66.43,0.0
795.0,2027,6,17,C,0.002862690788381291,0.4492689407658206,1687,0.21457119031780963,41.3,42.71,QQQ,call,2027-06-17,mid,short,740.745,2649884.7175810966,2649884.7175810966,7.324382884798412,42.004999999999995,0.0
795.0,2027,6,17,P,0.002862690788381291,-0.5507310592341794,44,0.21719111634635396,73.12,75.64,QQQ,put,2027-06-17,mid,short,740.745,-69113.76856761605,69113.76856761605,7.324382884798412,74.38,0.0
795.0,2027,6,30,C,0.002789078425724951,0.4556717111007556,53,0.21214673116998908,42.38,45.57,QQQ,call,2027-06-30,mid,short,740.745,81109.93498579436,81109.93498579436,7.324382884798412,43.975,0.0
795.0,2027,6,30,P,0.002789078425724951,-0.5443282888992445,11,0.21741037117828527,73.8,77.1,QQQ,put,2027-06-30,mid,short,740.745,-16834.137449881848,16834.137449881848,7.324382884798412,75.44999999999999,0.0
795.0,2027,9,17,C,0.0024008020932365045,0.4893623556922033,1148,0.2217775748774536,55.02,57.2,QQQ,call,2027-09-17,mid,short,740.745,1512292.1802556196,1512292.1802556196,7.324382884798412,56.11,0.0
795.0,2027,9,17,P,0.0024008020932365045,-0.5106376443077967,943,0.22253498828850404,78.66,82.5,QQQ,put,2027-09-17,mid,short,740.745,-1242240.005209973,1242240.005209973,7.324382884798412,80.58,0.0
795.0,2027,12,17,C,0.002090302343954286,0.5185528507580501,924,0.2236611959324342,66.5,71.5,QQQ,call,2027-12-17,mid,short,740.745,1059786.8737614956,1059786.8737614956,7.324382884798412,69.0,0.0
795.0,2027,12,17,P,0.002090302343954286,-0.4814471492419499,110,0.2256963953872849,83.0,88.0,QQQ,put,2027-12-17,mid,short,740.745,-126165.10401922565,126165.10401922565,7.324382884798412,85.5,0.0
795.0,2028,1,21,C,0.0020176571349043064,0.5271668652724227,624,0.22364251816835787,70.5,75.2,QQQ,call,2028-01-21,mid,short,740.745,690827.1774647535,690827.1774647535,7.324382884798412,72.85,0.0
795.0,2028,1,21,P,0.0020176571349043064,-0.47283313472757726,1363,0.22676909309629315,84.5,89.0,QQQ,put,2028-01-21,mid,short,740.745,-1508970.261032787,1508970.261032787,7.324382884798412,86.75,0.0
795.0,2028,6,16,C,0.0016955895035899394,0.5608487197447836,2342,0.2317017152467191,89.5,94.5,QQQ,call,2028-06-16,mid,short,740.745,2178938.9765986456,2178938.9765986456,7.324382884798412,92.0,0.0
795.0,2028,6,16,P,0.0016955895035899394,-0.43915128025521644,2,0.23327497906325437,91.0,95.5,QQQ,put,2028-06-16,mid,short,740.745,-1860.7506204941465,1860.7506204941465,7.324382884798412,93.25,0.0
795.0,2028,12,15,C,0.0014362549200318195,0.5924321483707686,523,0.23879092993941983,111.0,115.5,QQQ,call,2028-12-15,mid,short,740.745,412164.5879597769,412164.5879597769,7.324382884798412,113.25,0.0
795.0,2028,12,15,P,0.0014362549200318195,-0.40756785162923137,3,0.24054571419798398,98.0,102.5,QQQ,put,2028-12-15,mid,short,740.745,-2364.232818124915,2364.232818124915,7.324382884798412,100.25,0.0
795.0,2029,1,19,C,0.0014016154816750657,0.59752117655423,0,0.23894676648197102,114.5,119.0,QQQ,call,2029-01-19,mid,short,740.745,0.0,0.0,7.324382884798412,116.75,0.0
795.0,2029,1,19,P,0.0014016154816750657,-0.40247882344577,0,0.24131711079164683,99.0,103.5,QQQ,put,2029-01-19,mid,short,740.745,-0.0,0.0,7.324382884798412,101.25,0.0
796.0,2026,9,30,C,0.0012279564979391293,0.010484171294963368,153,0.1912137570727005,0.07,0.09,QQQ,call,2026-09-30,mid,short,740.745,103088.89151185546,103088.89151185546,7.459382108552876,0.08,0.0
796.0,2026,9,30,P,0.0012279564979391293,-0.9895158287050366,0,0.3413464459904648,53.02,56.25,QQQ,put,2026-09-30,mid,short,740.745,-0.0,0.0,7.459382108552876,54.635000000000005,0.0
797.0,2026,9,30,C,0.0011524080513796485,0.009827707513975563,85,0.19053720252301953,0.06,0.09,QQQ,call,2026-09-30,mid,short,740.745,53748.04436179916,53748.04436179916,7.594381332307338,0.075,0.0
797.0,2026,9,30,P,0.0011524080513796485,-0.9901722924860245,0,0.3452962960599012,54.02,57.24,QQQ,put,2026-09-30,mid,short,740.745,-0.0,0.0,7.594381332307338,55.63,0.0
798.0,2026,9,30,C,0.001122042020648785,0.009696716604480479,149,0.19343026040934685,0.06,0.09,QQQ,call,2026-09-30,mid,short,740.745,91734.53152329155,91734.53152329155,7.729380556061802,0.075,0.0
798.0,2026,9,30,P,0.001122042020648785,-0.9903032833955195,0,0.3577029278752472,55.0,58.4,QQQ,put,2026-09-30,mid,short,740.745,-0.0,0.0,7.729380556061802,56.7,0.0
799.0,2026,9,30,C,0.0010929870088398502,0.00956973444502877,284,0.1963146057352667,0.06,0.09,QQQ,call,2026-09-30,mid,short,740.745,170322.01932310083,170322.01932310083,7.8643797798162645,0.075,0.0
799.0,2026,9,30,P,0.0010929870088398502,-0.9904302655549713,0,0.3611877962816878,56.02,59.38,QQQ,put,2026-09-30,mid,short,740.745,-0.0,0.0,7.8643797798162645,57.7,0.0
800.0,2026,9,22,C,0.0003864834188208748,0.0025157607817888126,3,0.5017152464915996,0.01,0.02,QQQ,call,2026-09-22,mid,short,740.745,636.1940138155875,636.1940138155875,7.99937900357073,0.015,422.0
800.0,2026,9,22,P,0.0003864834188208748,-0.9974842392182112,0,0.9988488533635462,57.0,60.43,QQQ,put,2026-09-22,mid,short,740.745,-0.0,0.0,7.99937900357073,58.715,0.0
800.0,2026,9,23,C,0.000467597716110899,0.0032007869697927155,27,0.35430742269109733,0.01,0.03,QQQ,call,2026-09-23,mid,short,740.745,6927.453237038433,6927.453237038433,7.99937900357073,0.02,0.0
800.0,2026,9,23,P,0.000467597716110899,-0.9967992130302072,0,0.7166913111959469,57.0,60.43,QQQ,put,2026-09-23,mid,short,740.745,-0.0,0.0,7.99937900357073,58.715,0.0
800.0,2026,9,24,C,0.0005408332047030719,0.0038541120186900953,21,0.288916122076374,0.01,0.04,QQQ,call,2026-09-24,mid,short,740.745,6231.894601020002,6231.894601020002,7.99937900357073,0.025,0.0
800.0,2026,9,24,P,0.0005408332047030719,-0.9961458879813099,0,0.5933653153206228,57.0,60.43,QQQ,put,2026-09-24,mid,short,740.745,-0.0,0.0,7.99937900357073,58.715,0.0
800.0,2026,9,25,C,0.0006693964369457718,0.005085053650024591,652,0.2781376010966737,0.03,0.04,QQQ,call,2026-09-25,mid,short,740.745,239479.55886834432,239479.55886834432,7.99937900357073,0.035,0.0
800.0,2026,9,25,P,0.0006693964369457718,-0.9949149463499755,7,0.5043788918116113,57.01,60.24,QQQ,put,2026-09-25,mid,short,740.745,-2571.099558402469,2571.099558402469,7.99937900357073,58.625,0.0
800.0,2026,9,28,C,0.0007315938774303014,0.005688654285429144,0,0.20090056615335428,0.02,0.06,QQQ,call,2026-09-28,mid,short,740.745,0.0,0.0,7.99937900357073,0.04,0.0
800.0,2026,9,28,P,0.0007315938774303014,-0.9943113457145708,0,0.408274341257445,56.99,60.43,QQQ,put,2026-09-28,mid,short,740.745,-0.0,0.0,7.99937900357073,58.71,0.0
800.0,2026,9,29,C,0.0008389113619872832,0.006822193294804949,0,0.20188425199662302,0.04,0.06,QQQ,call,2026-09-29,mid,short,740.745,0.0,0.0,7.99937900357073,0.05,0.0
800.0,2026,9,29,P,0.0008389113619872832,-0.9931778067051951,0,0.3862262990124112,57.0,60.43,QQQ,put,2026-09-29,mid,short,740.745,-0.0,0.0,7.99937900357073,58.715,0.0
800.0,2026,9,30,C,0.0009364106853036226,0.007907244101416638,7225,0.1949694404936636,0.05,0.07,QQQ,call,2026-09-30,mid,short,740.745,3712288.068897215,3712288.068897215,7.99937900357073,0.060000000000000005,0.0
800.0,2026,9,30,P,0.0009364106853036226,-0.9920927558985834,1,0.3661323305882447,57.02,60.39,QQQ,put,2026-09-30,mid,short,740.745,-513.8114974252202,513.8114974252202,7.99937900357073,58.705,0.0
800.0,2026,10,1,C,0.0011458348076716987,0.01044214374445251,0,0.19228426776709062,0.07,0.1,QQQ,call,2026-10-01,mid,short,740.745,0.0,0.0,7.99937900357073,0.085,0.0
800.0,2026,10,1,P,0.0011458348076716987,-0.9895578562555475,0,0.3529010829918263,57.0,60.43,QQQ,put,2026-10-01,mid,short,740.745,-0.0,0.0,7.99937900357073,58.715,0.0
800.0,2026,10,2,C,0.0013238358571162807,0.012799187958667925,1501,0.19157932407145362,0.1,0.12,QQQ,call,2026-10-02,mid,short,740.745,1090315.7602139274,1090315.7602139274,7.99937900357073,0.11,0.0
800.0,2026,10,2,P,0.0013238358571162807,-0.987200812041332,0,0.33775762803422654,57.02,60.38,QQQ,put,2026-10-02,mid,short,740.745,-0.0,0.0,7.99937900357073,58.7,0.0
800.0,2026,10,9,C,0.00224968750516592,0.028342832306533568,372,0.1744400279223544,0.3,0.32,QQQ,call,2026-10-09,mid,short,740.745,459200.75506860844,459200.75506860844,7.99937900357073,0.31,0.0
800.0,2026,10,9,P,0.00224968750516592,-0.9716571676934664,0,0.21585849067655363,58.61,60.43,QQQ,put,2026-10-09,mid,short,740.745,-0.0,0.0,7.99937900357073,59.519999999999996,0.0
800.0,2026,10,16,C,0.0031314040179305476,0.05011955841703451,34923,0.16921091195569637,0.66,0.7,QQQ,call,2026-10-16,mid,short,740.745,60005091.98302504,60005091.98302504,7.99937900357073,0.6799999999999999,0.0
800.0,2026,10,16,P,0.0031314040179305476,-0.9498804415829655,8,0.23366263095695883,57.01,59.63,QQQ,put,2026-10-16,mid,short,740.745,-13745.690114371624,13745.690114371624,7.99937900357073,58.32,0.0
800.0,2026,10,23,C,0.0037994021902601634,0.07446005385262397,661,0.16762856588440894,1.17,1.25,QQQ,call,2026-10-23,mid,short,740.745,1378015.7635120717,1378015.7635120717,7.99937900357073,1.21,0.0
800.0,2026,10,23,P,0.0037994021902601634,-0.925539946147376,0,0.14723169870484742,57.09,60.16,QQQ,put,2026-10-23,mid,short,740.745,-0.0,0.0,7.99937900357073,58.625,0.0
800.0,2026,10,30,C,0.004345719834682883,0.10640283302127271,1262,0.1736834518247141,2.07,2.14,QQQ,call,2026-10-30,mid,short,740.745,3009251.8523912667,3009251.8523912667,7.99937900357073,2.105,0.0
800.0,2026,10,30,P,0.004345719834682883,-0.8935971669787273,1,0.1592177844332482,57.32,59.5,QQQ,put,2026-10-30,mid,short,740.745,-2384.5101841452192,2384.5101841452192,7.99937900357073,58.41,0.0
800.0,2026,11,20,C,0.004793418920455348,0.1800598532379719,8711,0.1817390998778076,5.13,5.21,QQQ,call,2026-11-20,mid,short,740.745,22911359.344525415,22911359.344525415,7.99937900357073,5.17,0.0
800.0,2026,11,20,P,0.004793418920455348,-0.8199401467620281,2,0.19023101570501608,59.82,60.64,QQQ,put,2026-11-20,mid,short,740.745,-5260.328170020757,5260.328170020757,7.99937900357073,60.230000000000004,0.0
800.0,2026,11,30,C,0.004808080049309461,0.19947370891985283,457,0.17810906826373948,6.14,6.33,QQQ,call,2026-11-30,mid,short,740.745,1205661.3725496687,1205661.3725496687,7.99937900357073,6.234999999999999,0.0
800.0,2026,11,30,P,0.004808080049309461,-0.8005262910801472,0,0.1751221917897733,59.01,61.4,QQQ,put,2026-11-30,mid,short,740.745,-0.0,0.0,7.99937900357073,60.205,0.0
800.0,2026,12,18,C,0.004623039780426933,0.24703533229213578,40265,0.1871782449160701,9.52,9.65,QQQ,call,2026-12-18,mid,short,740.745,102139279.80908513,102139279.80908513,7.99937900357073,9.585,0.0
800.0,2026,12,18,P,0.004623039780426933,-0.7529646677078642,569,0.19448607277873944,61.94,62.72,QQQ,put,2026-12-18,mid,short,740.745,-1443368.9360826884,1443368.9360826884,7.99937900357073,62.33,0.0
800.0,2026,12,31,C,0.004522772860908124,0.2668086713455989,12825,0.18575804430863202,11.16,11.34,QQQ,call,2026-12-31,mid,short,740.745,31827286.142950237,31827286.142950237,7.99937900357073,11.25,0.0
800.0,2026,12,31,P,0.004522772860908124,-0.7331913286544012,27,0.19530611594157618,62.84,63.63,QQQ,put,2026-12-31,mid,short,740.745,-67004.81293252678,67004.81293252678,7.99937900357073,63.235,0.0
800.0,2027,1,15,C,0.004326293735735651,0.2928825933369507,12688,0.1897915286900487,13.79,13.94,QQQ,call,2027-01-15,mid,short,740.745,30119421.771742325,30119421.771742325,7.99937900357073,13.864999999999998,0.0
800.0,2027,1,15,P,0.004326293735735651,-0.7071174066630492,695,0.18765533262612316,62.63,65.17,QQQ,put,2027-01-15,mid,short,740.745,-1649826.4605423168,1649826.4605423168,7.99937900357073,63.900000000000006,0.0
800.0,2027,2,19,C,0.003911134615278344,0.33910510969646207,227,0.1954884246119993,19.56,19.88,QQQ,call,2027-02-19,mid,short,740.745,487153.7820106728,487153.7820106728,7.99937900357073,19.72,0.0
800.0,2027,2,19,P,0.003911134615278344,-0.6608948903035379,442,0.2023378820013917,66.88,67.73,QQQ,put,2027-02-19,mid,short,740.745,-948554.9411837768,948554.9411837768,7.99937900357073,67.305,0.0
800.0,2027,3,19,C,0.0035909032278783476,0.3694973977889506,7348,0.20173701442011605,24.57,24.91,QQQ,call,2027-03-19,mid,short,740.745,14478057.809507294,14478057.809507294,7.99937900357073,24.740000000000002,0.0
800.0,2027,3,19,P,0.0035909032278783476,-0.6305026022110494,178,0.19981993074804696,67.91,71.83,QQQ,put,2027-03-19,mid,short,740.745,-350720.5076336825,350720.5076336825,7.99937900357073,69.87,0.0
800.0,2027,3,31,C,0.003487723402209971,0.379573821966984,3780,0.19609400648050646,25.06,28.14,QQQ,call,2027-03-31,mid,short,740.745,7233879.874966183,7233879.874966183,7.99937900357073,26.6,0.0
800.0,2027,3,31,P,0.003487723402209971,-0.620426178033016,126,0.20467551087853708,69.49,71.2,QQQ,put,2027-03-31,mid,short,740.745,-241129.3291655394,241129.3291655394,7.99937900357073,70.345,0.0
800.0,2027,6,17,C,0.0028640925809824825,0.4352294746032016,19715,0.21350999249589014,39.24,40.56,QQQ,call,2027-06-17,mid,short,740.745,30982844.768267065,30982844.768267065,7.99937900357073,39.900000000000006,0.0
800.0,2027,6,17,P,0.0028640925809824825,-0.5647705253967984,2173,0.21744267095560701,76.24,78.74,QQQ,put,2027-06-17,mid,short,740.745,-3414949.108873666,3414949.108873666,7.99937900357073,77.49,0.0
800.0,2027,6,30,C,0.0027882843976350636,0.44220228316013205,396,0.2112865676796452,40.35,43.51,QQQ,call,2027-06-30,mid,short,740.745,605856.4166513791,605856.4166513791,7.99937900357073,41.93,0.0
800.0,2027,6,30,P,0.0027882843976350636,-0.557797716839868,38,0.2180614859104756,77.0,80.07,QQQ,put,2027-06-30,mid,short,740.745,-58137.73695139496,58137.73695139496,7.99937900357073,78.535,0.0
800.0,2027,9,17,C,0.0024129398290614473,0.4775205342051773,4731,0.22044707055449878,52.73,54.86,QQQ,call,2027-09-17,mid,short,740.745,6263785.794939888,6263785.794939888,7.99937900357073,53.795,0.0
800.0,2027,9,17,P,0.0024129398290614473,-0.5224794657948226,3798,0.2229573202968564,81.69,85.5,QQQ,put,2027-09-17,mid,short,740.745,-5028505.273553519,5028505.273553519,7.99937900357073,83.595,0.0
800.0,2027,12,17,C,0.0021001225582888768,0.5084812372650468,11619,0.22354307529110776,64.5,69.0,QQQ,call,2027-12-17,mid,short,740.745,13389083.468198238,13389083.468198238,7.99937900357073,66.75,0.0
800.0,2027,12,17,P,0.0021001225582888768,-0.4915187627349532,2638,0.22558189229228548,85.76,90.5,QQQ,put,2027-12-17,mid,short,740.745,-3039883.1387474784,3039883.1387474784,7.99937900357073,88.13,0.0
800.0,2028,1,21,C,0.0020293036190781838,0.517402505224936,5934,0.22522252050044436,69.06,72.0,QQQ,call,2028-01-21,mid,short,740.745,6607421.760063839,6607421.760063839,7.99937900357073,70.53,0.0
800.0,2028,1,21,P,0.0020293036190781838,-0.482597494775064,1558,0.22599949007455977,87.0,92.0,QQQ,put,2028-01-21,mid,short,740.745,-1734810.0947387028,1734810.0947387028,7.99937900357073,89.5,0.0
800.0,2028,6,16,C,0.0017096585465448209,0.5525859644221909,8417,0.2304670702400918,87.0,92.0,QQQ,call,2028-06-16,mid,short,740.745,7895945.939093211,7895945.939093211,7.99937900357073,89.5,0.0
800.0,2028,6,16,P,0.0017096585465448209,-0.4474140355778092,346,0.23290453735526379,93.5,98.5,QQQ,put,2028-06-16,mid,short,740.745,-324580.88332259125,324580.88332259125,7.99937900357073,96.0,0.0
800.0,2028,12,15,C,0.0014484618476278963,0.5854925014531573,3410,0.2377281946547844,108.5,113.0,QQQ,call,2028-12-15,mid,short,740.745,2710184.747328277,2710184.747328277,7.99937900357073,110.75,0.0
800.0,2028,12,15,P,0.0014484618476278963,-0.41450749854684266,2780,0.24046639683181756,100.5,105.5,QQQ,put,2028-12-15,mid,short,740.745,-2209476.1283204136,2209476.1283204136,7.99937900357073,103.0,0.0
800.0,2029,1,19,C,0.0014135878128920024,0.5907583604762423,3,0.2379084280873823,112.0,116.5,QQQ,call,2029-01-19,mid,short,740.745,2326.9202785161933,2326.9202785161933,7.99937900357073,114.25,0.0
800.0,2029,1,19,P,0.0014135878128920024,-0.40924163952375764,2,0.24128161496654818,101.5,106.5,QQQ,put,2029-01-19,mid,short,740.745,-1551.2801856774622,1551.2801856774622,7.99937900357073,104.0,0.0
801.0,2026,9,30,C,0.0009563633338027595,0.00832239437714791,102,0.1977884629788952,0.05,0.08,QQQ,call,2026-09-30,mid,short,740.745,53525.47701799574,53525.47701799574,8.134378227325193,0.065,0.0
801.0,2026,9,30,P,0.0009563633338027595,-0.9916776056228521,0,0.36292039612225674,58.02,61.24,QQQ,put,2026-09-30,mid,short,740.745,-0.0,0.0,8.134378227325193,59.63,0.0
802.0,2026,9,30,C,0.000932672031182507,0.008218226665124884,186,0.2005994003872364,0.05,0.08,QQQ,call,2026-09-30,mid,short,740.745,95187.37601709554,95187.37601709554,8.269377451079656,0.065,0.0
802.0,2026,9,30,P,0.000932672031182507,-0.9917817733348752,0,0.3672838174473569,59.02,62.24,QQQ,put,2026-09-30,mid,short,740.745,-0.0,0.0,8.269377451079656,60.63,0.0
803.0,2026,9,30,C,0.0009099429433522529,0.008117054986528455,115,0.2034023630170083,0.05,0.08,QQQ,call,2026-09-30,mid,short,740.745,57418.18484966334,57418.18484966334,8.404376674834118,0.065,0.0
803.0,2026,9,30,P,0.0009099429433522529,-0.9918829450134715,0,0.37163079252717174,60.02,63.24,QQQ,put,2026-09-30,mid,short,740.745,-0.0,0.0,8.404376674834118,61.63,0.0
804.0,2026,9,30,C,0.0008473993284984306,0.007520519405495069,210,0.20109975306348774,0.04,0.08,QQQ,call,2026-09-30,mid,short,740.745,97643.8438737626,97643.8438737626,8.539375898588581,0.06,0.0
804.0,2026,9,30,P,0.0008473993284984306,-0.992479480594505,0,0.3759616002826583,61.02,64.24,QQQ,put,2026-09-30,mid,short,740.745,-0.0,0.0,8.539375898588581,62.629999999999995,0.0
805.0,2026,9,22,C,0.000339852204170895,0.002358784466297492,55,0.5384858975993407,0.01,0.02,QQQ,call,2026-09-22,mid,short,740.745,10256.28871689238,10256.28871689238,8.674375122343045,0.015,294.0
805.0,2026,9,22,P,0.000339852204170895,-0.9976412155337026,0,1.0600659994459136,62.0,65.43,QQQ,put,2026-09-22,mid,short,740.745,-0.0,0.0,8.674375122343045,63.715,0.0
805.0,2026,9,23,C,0.0004115570939511588,0.003002390783360433,0,0.3803111116373743,0.01,0.03,QQQ,call,2026-09-23,mid,short,740.745,0.0,0.0,8.674375122343045,0.02,0.0
805.0,2026,9,23,P,0.0004115570939511588,-0.9969976092166396,0,0.7591821324533745,62.0,65.42,QQQ,put,2026-09-23,mid,short,740.745,-0.0,0.0,8.674375122343045,63.71,0.0
805.0,2026,9,24,C,0.00047636297523478223,0.003616484565877707,0,0.3101504266850491,0.01,0.04,QQQ,call,2026-09-24,mid,short,740.745,0.0,0.0,8.674375122343045,0.025,0.0
805.0,2026,9,24,P,0.00047636297523478223,-0.9963835154341223,0,0.629516415436725,62.0,65.43,QQQ,put,2026-09-24,mid,short,740.745,-0.0,0.0,8.674375122343045,63.715,0.0
805.0,2026,9,25,C,0.0005903613573179603,0.004774488196171136,241,0.28620728492974923,0.02,0.05,QQQ,call,2026-09-25,mid,short,740.745,78067.8865870147,78067.8865870147,8.674375122343045,0.035,0.0
805.0,2026,9,25,P,0.0005903613573179603,-0.9952255118038289,0,0.5354110122472614,62.01,65.24,QQQ,put,2026-09-25,mid,short,740.745,-0.0,0.0,8.674375122343045,63.625,0.0
805.0,2026,9,28,C,0.00059414953783765,0.004789826880036554,0,0.21558055501135234,0.02,0.05,QQQ,call,2026-09-28,mid,short,740.745,0.0,0.0,8.674375122343045,0.035,0.0
805.0,2026,9,28,P,0.00059414953783765,-0.9952101731199634,0,0.43287347278251187,62.0,65.43,QQQ,put,2026-09-28,mid,short,740.745,-0.0,0.0,8.674375122343045,63.715,0.0
805.0,2026,9,29,C,0.0006949197996460733,0.005884452710461842,0,0.20987626973981094,0.03,0.06,QQQ,call,2026-09-29,mid,short,740.745,0.0,0.0,8.674375122343045,0.045,0.0
805.0,2026,9,29,P,0.0006949197996460733,-0.9941155472895381,0,0.40943576560893064,62.0,65.43,QQQ,put,2026-09-29,mid,short,740.745,-0.0,0.0,8.674375122343045,63.715,0.0
805.0,2026,9,30,C,0.0007857445891976551,0.006928318487211951,546,0.2038317844165042,0.04,0.07,QQQ,call,2026-09-30,mid,short,740.745,235402.73218457043,235402.73218457043,8.674375122343045,0.05500000000000001,0.0
805.0,2026,9,30,P,0.0007857445891976551,-0.993071681512788,0,0.3876146431386204,62.02,65.38,QQQ,put,2026-09-30,mid,short,740.745,-0.0,0.0,8.674375122343045,63.7,0.0
805.0,2026,10,1,C,0.0009072995480624771,0.008415661514725071,0,0.19802740618254394,0.05,0.09,QQQ,call,2026-10-01,mid,short,740.745,0.0,0.0,8.674375122343045,0.07,0.0
805.0,2026,10,1,P,0.0009072995480624771,-0.9915843384852749,0,0.3725763750833104,62.0,65.4,QQQ,put,2026-10-01,mid,short,740.745,-0.0,0.0,8.674375122343045,63.7,0.0
805.0,2026,10,2,C,0.0010162402333920076,0.009831164291476914,180,0.19619180868513783,0.07,0.1,QQQ,call,2026-10-02,mid,short,740.745,100370.56001859665,100370.56001859665,8.674375122343045,0.085,0.0
805.0,2026,10,2,P,0.0010162402333920076,-0.9901688357085231,0,0.357958241145264,62.02,65.38,QQQ,put,2026-10-02,mid,short,740.745,-0.0,0.0,8.674375122343045,63.7,0.0
805.0,2026,10,9,C,0.0017435000270298604,0.02140176787626146,62,0.17758751683186189,0.22,0.24,QQQ,call,2026-10-09,mid,short,740.745,59313.16586828235,59313.16586828235,8.674375122343045,0.22999999999999998,0.0
805.0,2026,10,9,P,0.0017435000270298604,-0.9785982321237385,0,0.2996872252871668,61.99,65.43,QQQ,put,2026-10-09,mid,short,740.745,-0.0,0.0,8.674375122343045,63.71000000000001,0.0
805.0,2026,10,16,C,0.002538057801725656,0.039261456391532064,2301,0.17127474473062,0.5,0.54,QQQ,call,2026-10-16,mid,short,740.745,3204465.3842416145,3204465.3842416145,8.674375122343045,0.52,0.0
805.0,2026,10,16,P,0.002538057801725656,-0.9607385436084679,0,0.26556658483907936,62.0,65.33,QQQ,put,2026-10-16,mid,short,740.745,-0.0,0.0,8.674375122343045,63.665,0.0
805.0,2026,10,23,C,0.003186947391296303,0.05992294878495849,47,0.16850316924793077,0.9,0.99,QQQ,call,2026-10-23,mid,short,740.745,82188.34015963982,82188.34015963982,8.674375122343045,0.9450000000000001,0.0
805.0,2026,10,23,P,0.003186947391296303,-0.9400770512150415,0,0.15505198016663232,62.03,64.66,QQQ,put,2026-10-23,mid,short,740.745,-0.0,0.0,8.674375122343045,63.345,0.0
805.0,2026,10,30,C,0.0037853704318311647,0.08869070492165944,376,0.1739575102162878,1.65,1.75,QQQ,call,2026-10-30,mid,short,740.745,780968.8067804241,780968.8067804241,8.674375122343045,1.7,0.0
805.0,2026,10,30,P,0.0037853704318311647,-0.9113092950783406,1,0.16483621824861633,62.14,65.23,QQQ,put,2026-10-30,mid,short,740.745,-2077.0446988841068,2077.0446988841068,8.674375122343045,63.685,0.0
805.0,2026,11,20,C,0.004421366169046205,0.15842961519504922,2023,0.18130216109678624,4.35,4.45,QQQ,call,2026-11-20,mid,short,740.745,4907833.536981859,4907833.536981859,8.674375122343045,4.4,0.0
805.0,2026,11,20,P,0.004421366169046205,-0.8415703848049507,0,0.1951924031904603,64.37,65.05,QQQ,put,2026-11-20,mid,short,740.745,-0.0,0.0,8.674375122343045,64.71000000000001,0.0
805.0,2026,11,30,C,0.004483178406860391,0.17750331400567707,74,0.17772690389039583,5.28,5.46,QQQ,call,2026-11-30,mid,short,740.745,182035.12609243445,182035.12609243445,8.674375122343045,5.37,0.0
805.0,2026,11,30,P,0.004483178406860391,-0.8224966859943229,0,0.19487550439070594,64.88,65.81,QQQ,put,2026-11-30,mid,short,740.745,-0.0,0.0,8.674375122343045,65.345,0.0
805.0,2026,12,18,C,0.004407719491856589,0.22564565306863973,3403,0.18646442648088118,8.41,8.6,QQQ,call,2026-12-18,mid,short,740.745,8230256.200374403,8230256.200374403,8.674375122343045,8.504999999999999,0.0
805.0,2026,12,18,P,0.004407719491856589,-0.7743543469313603,1,0.19643767737278317,66.04,66.86,QQQ,put,2026-12-18,mid,short,740.745,-2418.5295916469004,2418.5295916469004,8.674375122343045,66.45,0.0
805.0,2026,12,31,C,0.004346805678497213,0.24535172123201074,537,0.18488946356397248,9.94,10.14,QQQ,call,2026-12-31,mid,short,740.745,1280801.9166686675,1280801.9166686675,8.674375122343045,10.04,0.0
805.0,2026,12,31,P,0.004346805678497213,-0.7546482787679892,3,0.19891919468932978,67.08,67.61,QQQ,put,2026-12-31,mid,short,740.745,-7155.3179702160205,7155.3179702160205,8.674375122343045,67.345,0.0
805.0,2027,1,15,C,0.004194567915529932,0.2722399033764059,3956,0.1888619297217668,12.44,12.62,QQQ,call,2027-01-15,mid,short,740.745,9105021.400306059,9105021.400306059,8.674375122343045,12.53,0.0
805.0,2027,1,15,P,0.004194567915529932,-0.7277600966235941,235,0.18898673501622168,66.54,68.88,QQQ,put,2027-01-15,mid,short,740.745,-540869.5725662092,540869.5725662092,8.674375122343045,67.71000000000001,0.0
805.0,2027,2,19,C,0.003840961422229637,0.3202006147061777,273,0.1944421931889249,17.98,18.32,QQQ,call,2027-02-19,mid,short,740.745,575360.5086429325,575360.5086429325,8.674375122343045,18.15,0.0
805.0,2027,2,19,P,0.003840961422229637,-0.6797993852938222,801,0.20302836604347244,70.49,71.39,QQQ,put,2027-02-19,mid,short,740.745,-1688145.6682160771,1688145.6682160771,8.674375122343045,70.94,0.0
805.0,2027,3,19,C,0.0035490090881806252,0.35212261170853937,17604,0.20077720031223228,22.87,23.2,QQQ,call,2027-03-19,mid,short,740.745,34281193.12652468,34281193.12652468,8.674375122343045,23.035,0.0
805.0,2027,3,19,P,0.0035490090881806252,-0.6478773882914606,51,0.20047755276256832,71.43,75.33,QQQ,put,2027-03-19,mid,short,740.745,-99314.97667875249,99314.97667875249,8.674375122343045,73.38,0.0
805.0,2027,3,31,C,0.0034460450823919275,0.36317116675823574,576,0.19500121760642627,23.31,26.6,QQQ,call,2027-03-31,mid,short,740.745,1089132.946022498,1089132.946022498,8.674375122343045,24.955,0.0
805.0,2027,3,31,P,0.0034460450823919275,-0.6368288332417642,75,0.1993503009475242,71.76,74.67,QQQ,put,2027-03-31,mid,short,740.745,-141814.18568001274,141814.18568001274,8.674375122343045,73.215,0.0
805.0,2027,6,17,C,0.002865564176230069,0.4209874343231631,3537,0.21109957503241297,36.91,38.66,QQQ,call,2027-06-17,mid,short,740.745,5561381.097347878,5561381.097347878,8.674375122343045,37.785,0.0
805.0,2027,6,17,P,0.002865564176230069,-0.5790125656768369,11,0.2190179403305884,79.75,81.93,QQQ,put,2027-06-17,mid,short,740.745,-17295.785148664592,17295.785148664592,8.674375122343045,80.84,0.0
805.0,2027,6,30,C,0.0027867160333230018,0.42863486647059806,443,0.21017644676341324,38.32,41.47,QQQ,call,2027-06-30,mid,short,740.745,677382.3866818863,677382.3866818863,8.674375122343045,39.894999999999996,0.0
805.0,2027,6,30,P,0.0027867160333230018,-0.5713651335294019,2,0.21797728773516745,80.07,82.8,QQQ,put,2027-06-30,mid,short,740.745,-3058.1597592861685,3058.1597592861685,8.674375122343045,81.435,0.0
805.0,2027,9,17,C,0.0024152316795793168,0.4660286329302459,443,0.21971807541219496,50.67,52.83,QQQ,call,2027-09-17,mid,short,740.745,587083.642516765,587083.642516765,8.674375122343045,51.75,0.0
805.0,2027,9,17,P,0.0024152316795793168,-0.5339713670697541,1263,0.22289616395375542,84.63,88.5,QQQ,put,2027-09-17,mid,short,740.745,-1673784.7415319958,1673784.7415319958,8.674375122343045,86.565,0.0
805.0,2027,12,17,C,0.002109922059417376,0.49832776106324034,248,0.2217634766803454,62.0,67.0,QQQ,call,2027-12-17,mid,short,740.745,287114.7809330716,287114.7809330716,8.674375122343045,64.5,0.0
805.0,2027,12,17,P,0.002109922059417376,-0.5016722389367596,15,0.22575339873309982,88.66,93.5,QQQ,put,2027-12-17,mid,short,740.745,-17365.8133628874,17365.8133628874,8.674375122343045,91.08,0.0
805.0,2028,1,21,C,0.0020399058277680926,0.5075989683629167,423,0.22192352688929717,66.0,70.5,QQQ,call,2028-01-21,mid,short,740.745,473465.0690240501,473465.0690240501,8.674375122343045,68.25,0.0
805.0,2028,1,21,P,0.0020399058277680926,-0.4924010316370833,228,0.22656686346272967,90.0,94.7,QQQ,put,2028-01-21,mid,short,740.745,-255201.03011225397,255201.03011225397,8.674375122343045,92.35,0.0
805.0,2028,6,16,C,0.0017189945435349603,0.5444525017218562,744,0.23043273338987166,85.0,89.5,QQQ,call,2028-06-16,mid,short,740.745,701753.9907542439,701753.9907542439,8.674375122343045,87.25,0.0
805.0,2028,6,16,P,0.0017189945435349603,-0.4555474982781437,5,0.23373116707106742,96.5,101.0,QQQ,put,2028-06-16,mid,short,740.745,-4716.088647541961,4716.088647541961,8.674375122343045,98.75,0.0
805.0,2028,12,15,C,0.001460745396779912,0.5784918239273871,230,0.2366003051392326,106.0,110.5,QQQ,call,2028-12-15,mid,short,740.745,184348.58981731813,184348.58981731813,8.674375122343045,108.25,0.0
805.0,2028,12,15,P,0.001460745396779912,-0.421508176072613,233,0.24031527195838093,103.0,108.0,QQQ,put,2028-12-15,mid,short,740.745,-186753.13664102225,186753.13664102225,8.674375122343045,105.5,0.0
805.0,2029,1,19,C,0.0014256355334214567,0.5839375196703687,4,0.23680814571912545,109.5,114.0,QQQ,call,2029-01-19,mid,short,740.745,3129.002860416409,3129.002860416409,8.674375122343045,111.75,0.0
805.0,2029,1,19,P,0.0014256355334214567,-0.41606248032963133,0,0.24117721802794428,104.0,109.0,QQQ,put,2029-01-19,mid,short,740.745,-0.0,0.0,8.674375122343045,106.5,0.0
806.0,2026,9,30,C,0.0007673609782713232,0.006846501416739868,65,0.20655642470703048,0.04,0.07,QQQ,call,2026-09-30,mid,short,740.745,27368.470338335457,27368.470338335457,8.80937434609751,0.05500000000000001,0.0
806.0,2026,9,30,P,0.0007673609782713232,-0.9931534985832602,0,0.38457578105287726,63.02,66.24,QQQ,put,2026-09-30,mid,short,740.745,-0.0,0.0,8.80937434609751,64.63,0.0
807.0,2026,9,30,C,0.0007496827955806736,0.006766905461701186,106,0.2092737658007374,0.04,0.07,QQQ,call,2026-09-30,mid,short,740.745,43603.45141152624,43603.45141152624,8.944373569851972,0.05500000000000001,0.0
807.0,2026,9,30,P,0.0007496827955806736,-0.9932330945382988,0,0.3988852576289752,64.0,67.43,QQQ,put,2026-09-30,mid,short,740.745,-0.0,0.0,8.944373569851972,65.715,0.0
808.0,2026,9,30,C,0.0007326729728326035,0.006689438569214403,49,0.21198389672776707,0.04,0.07,QQQ,call,2026-09-30,mid,short,740.745,19698.97861794499,19698.97861794499,9.079372793606435,0.05500000000000001,0.0
808.0,2026,9,30,P,0.0007326729728326035,-0.9933105614307856,0,0.4032171126229695,65.0,68.43,QQQ,put,2026-09-30,mid,short,740.745,-0.0,0.0,9.079372793606435,66.715,0.0
809.0,2026,9,30,C,0.0007162969005399807,0.0066140138080170875,97,0.2146869038147327,0.04,0.07,QQQ,call,2026-09-30,mid,short,740.745,38124.333818308856,38124.333818308856,9.2143720173609,0.05500000000000001,0.0
809.0,2026,9,30,P,0.0007162969005399807,-0.9933859861919829,0,0.4059624926319251,66.0,69.4,QQQ,put,2026-09-30,mid,short,740.745,-0.0,0.0,9.2143720173609,67.7,0.0
810.0,2026,9,22,C,0.000301799058141051,0.0022225713023801327,0,0.5748066845830524,0.01,0.02,QQQ,call,2026-09-22,mid,short,740.745,0.0,0.0,9.349371241115364,0.015,1292.0
810.0,2026,9,22,P,0.000301799058141051,-0.9977774286976199,0,1.1182005852241341,67.0,70.42,QQQ,put,2026-09-22,mid,short,740.745,-0.0,0.0,9.349371241115364,68.71000000000001,0.0
810.0,2026,9,23,C,0.0003657828074243486,0.0028301585571081523,0,0.40599644637570487,0.01,0.03,QQQ,call,2026-09-23,mid,short,740.745,0.0,0.0,9.349371241115364,0.02,0.0
810.0,2026,9,23,P,0.0003657828074243486,-0.9971698414428919,0,0.8034849171736762,67.0,70.43,QQQ,put,2026-09-23,mid,short,740.745,-0.0,0.0,9.349371241115364,68.715,0.0
810.0,2026,9,24,C,0.0004236647897430742,0.0034101232127096482,0,0.33112458964112507,0.01,0.04,QQQ,call,2026-09-24,mid,short,740.745,0.0,0.0,9.349371241115364,0.025,0.0
810.0,2026,9,24,P,0.0004236647897430742,-0.9965898767872904,0,0.6650127479322042,67.0,70.43,QQQ,put,2026-09-24,mid,short,740.745,-0.0,0.0,9.349371241115364,68.715,0.0
810.0,2026,9,25,C,0.0004769857283202194,0.003968457762068469,216,0.3053715855552715,0.02,0.04,QQQ,call,2026-09-25,mid,short,740.745,56532.29199073961,56532.29199073961,9.349371241115364,0.03,0.0
810.0,2026,9,25,P,0.0004769857283202194,-0.9960315422379316,0,0.5658900941520858,67.01,70.24,QQQ,put,2026-09-25,mid,short,740.745,-0.0,0.0,9.349371241115364,68.625,0.0
810.0,2026,9,28,C,0.000528813584031334,0.004518083817359809,0,0.23007232882455883,0.02,0.05,QQQ,call,2026-09-28,mid,short,740.745,0.0,0.0,9.349371241115364,0.035,0.0
810.0,2026,9,28,P,0.000528813584031334,-0.9954819161826401,0,0.45640048733254873,67.0,70.42,QQQ,put,2026-09-28,mid,short,740.745,-0.0,0.0,9.349371241115364,68.71000000000001,0.0
810.0,2026,9,29,C,0.0006190752933594311,0.005553075249602878,0,0.22389523620052687,0.03,0.06,QQQ,call,2026-09-29,mid,short,740.745,0.0,0.0,9.349371241115364,0.045,0.0
810.0,2026,9,29,P,0.0006190752933594311,-0.9944469247503971,0,0.4316516195798638,67.0,70.42,QQQ,put,2026-09-29,mid,short,740.745,-0.0,0.0,9.349371241115364,68.71000000000001,0.0
810.0,2026,9,30,C,0.0007005222299726721,0.0065405489878223935,533,0.21738287082976276,0.04,0.07,QQQ,call,2026-09-30,mid,short,740.745,204873.87788136498,204873.87788136498,9.349371241115364,0.05500000000000001,0.0
810.0,2026,9,30,P,0.0007005222299726721,-0.9934594510121776,0,0.4118349677853857,67.0,70.43,QQQ,put,2026-09-30,mid,short,740.745,-0.0,0.0,9.349371241115364,68.715,0.0
810.0,2026,10,1,C,0.0007018988962766155,0.006546992647965523,0,0.2060007469068993,0.04,0.07,QQQ,call,2026-10-01,mid,short,740.745,0.0,0.0,9.349371241115364,0.05500000000000001,0.0
810.0,2026,10,1,P,0.0007018988962766155,-0.9934530073520345,0,0.39324432845297813,67.0,70.4,QQQ,put,2026-10-01,mid,short,740.745,-0.0,0.0,9.349371241115364,68.7,0.0
810.0,2026,10,2,C,0.0008112923906272893,0.007956281021813874,72,0.2010966566932079,0.05,0.09,QQQ,call,2026-10-02,mid,short,740.745,32051.425995717724,32051.425995717724,9.349371241115364,0.07,0.0
810.0,2026,10,2,P,0.0008112923906272893,-0.9920437189781861,0,0.3800805390577163,67.0,70.43,QQQ,put,2026-10-02,mid,short,740.745,-0.0,0.0,9.349371241115364,68.715,0.0
810.0,2026,10,9,C,0.0013835359887926875,0.016812934671506637,116,0.18201834668399844,0.17,0.19,QQQ,call,2026-10-09,mid,short,740.745,88061.46520837696,88061.46520837696,9.349371241115364,0.18,0.0
810.0,2026,10,9,P,0.0013835359887926875,-0.9831870653284933,0,0.31567405264168025,67.01,70.42,QQQ,put,2026-10-09,mid,short,740.745,-0.0,0.0,9.349371241115364,68.715,0.0
810.0,2026,10,16,C,0.002051084054925648,0.03082136614330696,1680,0.17348701250159243,0.38,0.42,QQQ,call,2026-10-16,mid,short,740.745,1890732.9708274114,1890732.9708274114,9.349371241115364,0.4,0.0
810.0,2026,10,16,P,0.002051084054925648,-0.969178633856693,1,0.2776254888236059,67.01,70.24,QQQ,put,2026-10-16,mid,short,740.745,-1125.4362921591737,1125.4362921591737,9.349371241115364,68.625,0.0
810.0,2026,10,23,C,0.0026637989631298283,0.04840458406858729,46,0.16993645227823245,0.7,0.79,QQQ,call,2026-10-23,mid,short,740.745,67235.20518939638,67235.20518939638,9.349371241115364,0.745,0.0
810.0,2026,10,23,P,0.0026637989631298283,-0.9515954159314127,0,0.16402629916976205,67.0,69.65,QQQ,put,2026-10-23,mid,short,740.745,-0.0,0.0,9.349371241115364,68.325,0.0
810.0,2026,10,30,C,0.003272250407124491,0.07361271169975069,428,0.17493746225828052,1.33,1.41,QQQ,call,2026-10-30,mid,short,740.745,768471.484396209,768471.484396209,9.349371241115364,1.37,0.0
810.0,2026,10,30,P,0.003272250407124491,-0.9263872883002493,1,0.17185911215666366,67.03,70.45,QQQ,put,2026-10-30,mid,short,740.745,-1795.4941224210488,1795.4941224210488,9.349371241115364,68.74000000000001,0.0
810.0,2026,11,20,C,0.004049817020952391,0.13870975776455052,953,0.18103139122496864,3.68,3.78,QQQ,call,2026-11-20,mid,short,740.745,2117706.4499670085,2117706.4499670085,9.349371241115364,3.73,0.0
810.0,2026,11,20,P,0.004049817020952391,-0.8612902422354495,0,0.19816781513824192,68.82,69.74,QQQ,put,2026-11-20,mid,short,740.745,-0.0,0.0,9.349371241115364,69.28,0.0
810.0,2026,11,30,C,0.004153593960760339,0.15736241842378826,291,0.1774766653563633,4.53,4.7,QQQ,call,2026-11-30,mid,short,740.745,663215.2222899374,663215.2222899374,9.349371241115364,4.615,0.0
810.0,2026,11,30,P,0.004153593960760339,-0.8426375815762117,0,0.19871707489024307,69.34,70.25,QQQ,put,2026-11-30,mid,short,740.745,-0.0,0.0,9.349371241115364,69.795,0.0
810.0,2026,12,18,C,0.004185467932284029,0.20466513242138182,19453,0.18583192993608622,7.41,7.53,QQQ,call,2026-12-18,mid,short,740.745,44675360.22954818,44675360.22954818,9.349371241115364,7.470000000000001,0.0
810.0,2026,12,18,P,0.004185467932284029,-0.7953348675786182,1,0.19910463687940838,70.29,71.13,QQQ,put,2026-12-18,mid,short,740.745,-2296.5794597002096,2296.5794597002096,9.349371241115364,70.71000000000001,0.0
810.0,2026,12,31,C,0.004157746078761132,0.2249882046722426,1555,0.18426252597980242,8.85,9.04,QQQ,call,2026-12-31,mid,short,740.745,3547527.84833008,3547527.84833008,9.349371241115364,8.945,0.0
810.0,2026,12,31,P,0.004157746078761132,-0.7750117953277574,0,0.19904138144776815,70.95,71.79,QQQ,put,2026-12-31,mid,short,740.745,-0.0,0.0,9.349371241115364,71.37,0.0
810.0,2027,1,15,C,0.004050730466473598,0.2523778615337148,5146,0.1881700281546868,11.22,11.38,QQQ,call,2027-01-15,mid,short,740.745,11437749.629267821,11437749.629267821,9.349371241115364,11.3,0.0
810.0,2027,1,15,P,0.004050730466473598,-0.7476221384662852,139,0.1906431920678013,70.57,72.92,QQQ,put,2027-01-15,mid,short,740.745,-308948.15360828355,308948.15360828355,9.349371241115364,71.745,0.0
810.0,2027,2,19,C,0.0037594535944713106,0.3018593376389825,96,0.19369642845798715,16.54,16.85,QQQ,call,2027-02-19,mid,short,740.745,198031.10865182258,198031.10865182258,9.349371241115364,16.695,0.0
810.0,2027,2,19,P,0.0037594535944713106,-0.6981406623610176,3240,0.20428724851928146,74.27,75.19,QQQ,put,2027-02-19,mid,short,740.745,-6683549.916999012,6683549.916999012,9.349371241115364,74.72999999999999,0.0
810.0,2027,3,19,C,0.0034989398039071526,0.33506200218797855,8154,0.19986094350358197,21.26,21.59,QQQ,call,2027-03-19,mid,short,740.745,15654695.890856821,15654695.890856821,9.349371241115364,21.425,0.0
810.0,2027,3,19,P,0.0034989398039071526,-0.6649379978120215,150,0.2007581525584011,74.95,78.83,QQQ,put,2027-03-19,mid,short,740.745,-287981.89644696144,287981.89644696144,9.349371241115364,76.89,0.0
810.0,2027,3,31,C,0.0034029560503705783,0.34671475456253475,2214,0.19414937609004088,21.69,24.95,QQQ,call,2027-03-31,mid,short,740.745,4134008.964846945,4134008.964846945,9.349371241115364,23.32,0.0
810.0,2027,3,31,P,0.0034029560503705783,-0.6532852454374652,48,0.20612841402391205,76.53,78.25,QQQ,put,2027-03-31,mid,short,740.745,-89626.21061998798,89626.21061998798,9.349371241115364,77.39,0.0
810.0,2027,6,17,C,0.0028471452550509137,0.4077438865772658,2728,0.21164966824212403,35.38,36.75,QQQ,call,2027-06-17,mid,short,740.745,4261784.12986372,4261784.12986372,9.349371241115364,36.065,0.0
810.0,2027,6,17,P,0.0028471452550509137,-0.5922561134227342,33,0.21960418216764988,83.07,85.22,QQQ,put,2027-06-17,mid,short,740.745,-51553.84028060953,51553.84028060953,9.349371241115364,84.145,0.0
810.0,2027,6,30,C,0.0027662133234497405,0.4160640456856565,131,0.21106269542108255,36.86,39.66,QQQ,call,2027-06-30,mid,short,740.745,198835.72712442733,198835.72712442733,9.349371241115364,38.26,0.0
810.0,2027,6,30,P,0.0027662133234497405,-0.5839359543143434,6,0.21840926426270174,83.33,86.5,QQQ,put,2027-06-30,mid,short,740.745,-9106.97986829438,9106.97986829438,9.349371241115364,84.91499999999999,0.0
810.0,2027,9,17,C,0.002418288758629734,0.45440816672201245,882,0.21887572812524825,48.63,50.73,QQQ,call,2027-09-17,mid,short,740.745,1170345.796370274,1170345.796370274,9.349371241115364,49.68,0.0
810.0,2027,9,17,P,0.002418288758629734,-0.5455918332779875,82,0.22327567840590412,87.75,91.5,QQQ,put,2027-09-17,mid,short,740.745,-108807.65907297331,108807.65907297331,9.349371241115364,89.625,0.0
810.0,2027,12,17,C,0.002120104775380632,0.4880571307341671,731,0.22136365824912047,60.0,64.47,QQQ,call,2027-12-17,mid,short,740.745,850378.2790207277,850378.2790207277,9.349371241115364,62.235,0.0
810.0,2027,12,17,P,0.002120104775380632,-0.5119428692658329,993,0.22599989123332206,91.63,96.5,QQQ,put,2027-12-17,mid,short,740.745,-1155165.0219802773,1155165.0219802773,9.349371241115364,94.065,0.0
810.0,2028,1,21,C,0.0020536641237120907,0.497539017698575,907,0.22013695508803263,63.5,68.2,QQQ,call,2028-01-21,mid,short,740.745,1022054.7495265257,1022054.7495265257,9.349371241115364,65.85,0.0
810.0,2028,1,21,P,0.0020536641237120907,-0.502460982301425,495,0.22700619506139127,93.0,97.5,QQQ,put,2028-01-21,mid,short,740.745,-557791.7321010256,557791.7321010256,9.349371241115364,95.25,0.0
810.0,2028,6,16,C,0.0017331838492390147,0.536030369788662,1151,0.22901385491109175,82.5,87.0,QQQ,call,2028-06-16,mid,short,740.745,1094604.9667095104,1094604.9667095104,9.349371241115364,84.75,0.0
810.0,2028,6,16,P,0.0017331838492390147,-0.46396963021133797,16,0.2331704348776675,99.0,103.5,QQQ,put,2028-06-16,mid,short,740.745,-15216.055141053143,15216.055141053143,9.349371241115364,101.25,0.0
810.0,2028,12,15,C,0.0014694802990559985,0.5715945378480625,197,0.2354075769409952,103.5,108.5,QQQ,call,2028-12-15,mid,short,740.745,158842.76983880406,158842.76983880406,9.349371241115364,106.0,0.0
810.0,2028,12,15,P,0.0014694802990559985,-0.4284054621519375,25,0.24124367362168622,106.0,110.5,QQQ,put,2028-12-15,mid,short,740.745,-20157.711908477675,20157.711908477675,9.349371241115364,108.25,0.0
810.0,2029,1,19,C,0.0014377600183136227,0.5770547786502866,51,0.23564626502142066,107.0,111.5,QQQ,call,2029-01-19,mid,short,740.745,40234.07636909182,40234.07636909182,9.349371241115364,109.25,0.0
810.0,2029,1,19,P,0.0014377600183136227,-0.42294522134971335,0,0.24213451592187427,107.0,111.5,QQQ,put,2029-01-19,mid,short,740.745,-0.0,0.0,9.349371241115364,109.25,0.0
811.0,2026,9,30,C,0.0006469914130412595,0.0059885522914467386,87,0.21348076670950616,0.03,0.07,QQQ,call,2026-09-30,mid,short,740.745,30885.541976054516,30885.541976054516,9.484370464869826,0.05,0.0
811.0,2026,9,30,P,0.0006469914130412595,-0.9940114477085532,0,0.4161214299922043,68.0,71.43,QQQ,put,2026-09-30,mid,short,740.745,-0.0,0.0,9.484370464869826,69.715,0.0
812.0,2026,9,30,C,0.0006330992279391252,0.005923727474326264,48,0.216097655918841,0.03,0.07,QQQ,call,2026-09-30,mid,short,740.745,16674.410103076298,16674.410103076298,9.619369688624289,0.05,0.0
812.0,2026,9,30,P,0.0006330992279391252,-0.9940762725256738,0,0.42039321121266854,69.0,72.43,QQQ,put,2026-09-30,mid,short,740.745,-0.0,0.0,9.619369688624289,70.715,0.0
813.0,2026,9,30,C,0.0006196974624891982,0.005860521233983355,34,0.21870803360186095,0.03,0.07,QQQ,call,2026-09-30,mid,short,740.745,11561.01839617953,11561.01839617953,9.754368912378752,0.05,0.0
813.0,2026,9,30,P,0.0006196974624891982,-0.9941394787660166,0,0.4246505248243313,70.0,73.43,QQQ,put,2026-09-30,mid,short,740.745,-0.0,0.0,9.754368912378752,71.715,0.0
814.0,2026,9,30,C,0.0005688610317193503,0.005322505284785178,47,0.2213119698738124,0.03,0.06,QQQ,call,2026-09-30,mid,short,740.745,14670.384615133651,14670.384615133651,9.889368136133218,0.045,0.0
814.0,2026,9,30,P,0.0005688610317193503,-0.9946774947152148,0,0.4267333603237895,71.0,74.39,QQQ,put,2026-09-30,mid,short,740.745,-0.0,0.0,9.889368136133218,72.695,0.0
815.0,2026,9,22,C,0.0002702871580144692,0.0021031723999917545,10,0.6107015638316211,0.01,0.02,QQQ,call,2026-09-22,mid,short,740.745,1483.0741636527998,1483.0741636527998,10.02436735988768,0.015,10.0
815.0,2026,9,22,P,0.0002702871580144692,-0.9978968276000082,0,1.1792582696018723,72.0,75.43,QQQ,put,2026-09-22,mid,short,740.745,-0.0,0.0,10.02436735988768,73.715,0.0
815.0,2026,9,23,C,0.00032784445983571046,0.002679123761642791,0,0.4313804050768793,0.01,0.03,QQQ,call,2026-09-23,mid,short,740.745,0.0,0.0,10.02436735988768,0.02,0.0
815.0,2026,9,23,P,0.00032784445983571046,-0.9973208762383572,0,0.8457506697270443,72.0,75.43,QQQ,put,2026-09-23,mid,short,740.745,-0.0,0.0,10.02436735988768,73.715,0.0
815.0,2026,9,24,C,0.000328464264718339,0.0026816588947196295,0,0.3518525050796688,0.01,0.03,QQQ,call,2026-09-24,mid,short,740.745,0.0,0.0,10.02436735988768,0.02,0.0
815.0,2026,9,24,P,0.000328464264718339,-0.9973183411052804,0,0.6999023271956335,72.0,75.43,QQQ,put,2026-09-24,mid,short,740.745,-0.0,0.0,10.02436735988768,73.715,0.0
815.0,2026,9,25,C,0.00038067256017427267,0.0032321403288425115,268,0.30439437612769443,0.01,0.04,QQQ,call,2026-09-25,mid,short,740.745,55978.83092615011,55978.83092615011,10.02436735988768,0.025,0.0
815.0,2026,9,25,P,0.00038067256017427267,-0.9967678596711574,0,0.5958567046555814,72.01,75.24,QQQ,put,2026-09-25,mid,short,740.745,-0.0,0.0,10.02436735988768,73.625,0.0
815.0,2026,9,28,C,0.00047459394561460993,0.004279668342460163,0,0.24438642468128946,0.02,0.05,QQQ,call,2026-09-28,mid,short,740.745,0.0,0.0,10.02436735988768,0.035,0.0
815.0,2026,9,28,P,0.00047459394561460993,-0.9957203316575398,0,0.4807610802433398,72.0,75.43,QQQ,put,2026-09-28,mid,short,740.745,-0.0,0.0,10.02436735988768,73.715,0.0
815.0,2026,9,29,C,0.00047548028650937267,0.004283671139561354,0,0.22836480877658438,0.02,0.05,QQQ,call,2026-09-29,mid,short,740.745,0.0,0.0,10.02436735988768,0.035,0.0
815.0,2026,9,29,P,0.00047548028650937267,-0.9957163288604386,0,0.4540288578975221,72.0,75.42,QQQ,put,2026-09-29,mid,short,740.745,-0.0,0.0,10.02436735988768,73.71000000000001,0.0
815.0,2026,9,30,C,0.0005571044271357495,0.005267084106061128,770,0.22390953291045648,0.03,0.06,QQQ,call,2026-09-30,mid,short,740.745,235377.4167727914,235377.4167727914,10.02436735988768,0.045,0.0
815.0,2026,9,30,P,0.0005571044271357495,-0.9947329158939389,0,0.433122570610308,72.0,75.43,QQQ,put,2026-09-30,mid,short,740.745,-0.0,0.0,10.02436735988768,73.715,0.0
815.0,2026,10,1,C,0.0005953697499745296,0.005744033457261963,0,0.212199394475846,0.03,0.07,QQQ,call,2026-10-01,mid,short,740.745,0.0,0.0,10.02436735988768,0.05,0.0
815.0,2026,10,1,P,0.0005953697499745296,-0.9942559665427381,0,0.415067522256503,72.0,75.43,QQQ,put,2026-10-01,mid,short,740.745,-0.0,0.0,10.02436735988768,73.715,0.0
815.0,2026,10,2,C,0.000631996629836658,0.006211491241873287,85,0.20830053387433126,0.04,0.07,QQQ,call,2026-10-02,mid,short,740.745,29476.176304306016,29476.176304306016,10.02436735988768,0.05500000000000001,0.0
815.0,2026,10,2,P,0.000631996629836658,-0.9937885087581267,0,0.39963660044794835,72.0,75.43,QQQ,put,2026-10-02,mid,short,740.745,-0.0,0.0,10.02436735988768,73.715,0.0
815.0,2026,10,9,C,0.001114669894259907,0.013510408746878842,25,0.18600932969715434,0.13,0.16,QQQ,call,2026-10-09,mid,short,740.745,15290.572194794851,15290.572194794851,10.02436735988768,0.14500000000000002,0.0
815.0,2026,10,9,P,0.001114669894259907,-0.9864895912531212,0,0.33168445081052383,72.0,75.42,QQQ,put,2026-10-09,mid,short,740.745,-0.0,0.0,10.02436735988768,73.71000000000001,0.0
815.0,2026,10,16,C,0.001656267526978716,0.02429058120251427,1709,0.17583218749300122,0.29,0.33,QQQ,call,2026-10-16,mid,short,740.745,1553137.862910317,1553137.862910317,10.02436735988768,0.31,0.0
815.0,2026,10,16,P,0.001656267526978716,-0.9757094187974857,1,0.29445713432772364,72.01,75.35,QQQ,put,2026-10-16,mid,short,740.745,-908.7992176186759,908.7992176186759,10.02436735988768,73.68,0.0
815.0,2026,10,23,C,0.0022039078343256287,0.0386702364605092,14,0.17121404456437422,0.54,0.62,QQQ,call,2026-10-23,mid,short,740.745,16930.07654910303,16930.07654910303,10.02436735988768,0.5800000000000001,0.0
815.0,2026,10,23,P,0.0022039078343256287,-0.9613297635394908,0,0.17494096747097998,72.01,75.24,QQQ,put,2026-10-23,mid,short,740.745,-0.0,0.0,10.02436735988768,73.625,0.0
815.0,2026,10,30,C,0.002819846897158939,0.06135124197191956,327,0.17598367660023626,1.07,1.16,QQQ,call,2026-10-30,mid,short,740.745,505953.6567548513,505953.6567548513,10.02436735988768,1.115,0.0
815.0,2026,10,30,P,0.002819846897158939,-0.9386487580280805,1,0.18072864161056185,71.99,75.45,QQQ,put,2026-10-30,mid,short,740.745,-1547.2588891585667,1547.2588891585667,10.02436735988768,73.72,0.0
815.0,2026,11,20,C,0.0036875359950454766,0.12131593619164527,855,0.18112817832868852,3.12,3.22,QQQ,call,2026-11-20,mid,short,740.745,1729975.0527109983,1729975.0527109983,10.02436735988768,3.17,0.0
815.0,2026,11,20,P,0.0036875359950454766,-0.8786840638083547,70,0.20548591645182224,73.63,74.46,QQQ,put,2026-11-20,mid,short,740.745,-141635.38443247942,141635.38443247942,10.02436735988768,74.04499999999999,0.0
815.0,2026,11,30,C,0.0038254070693789105,0.1390548187458013,150,0.17736734069315613,3.88,4.04,QQQ,call,2026-11-30,mid,short,740.745,314851.9392334721,314851.9392334721,10.02436735988768,3.96,0.0
815.0,2026,11,30,P,0.0038254070693789105,-0.8609451812541987,0,0.18510470048600852,72.47,74.99,QQQ,put,2026-11-30,mid,short,740.745,-0.0,0.0,10.02436735988768,73.72999999999999,0.0
815.0,2026,12,18,C,0.00395081494739979,0.18607490069337282,6211,0.18535383524995944,6.52,6.72,QQQ,call,2026-12-18,mid,short,740.745,13464358.755552946,13464358.755552946,10.02436735988768,6.619999999999999,0.0
815.0,2026,12,18,P,0.00395081494739979,-0.8139250993066272,0,0.20282281950871592,74.71,75.54,QQQ,put,2026-12-18,mid,short,740.745,-0.0,0.0,10.02436735988768,75.125,0.0
815.0,2026,12,31,C,0.003958587085657113,0.2058047089004411,322,0.18377775396130724,7.87,8.05,QQQ,call,2026-12-31,mid,short,740.745,699412.7299158914,699412.7299158914,10.02436735988768,7.960000000000001,0.0
815.0,2026,12,31,P,0.003958587085657113,-0.7941952910995589,1,0.2017736555353949,75.21,76.18,QQQ,put,2026-12-31,mid,short,740.745,-2172.089223341278,2172.089223341278,10.02436735988768,75.695,0.0
815.0,2027,1,15,C,0.0038959170622994946,0.23345603646133897,1123,0.18753955366816605,10.1,10.26,QQQ,call,2027-01-15,mid,short,740.745,2400639.327806796,2400639.327806796,10.02436735988768,10.18,0.0
815.0,2027,1,15,P,0.0038959170622994946,-0.766543963538661,4,0.20519675366316775,76.37,77.05,QQQ,put,2027-01-15,mid,short,740.745,-8550.807935197849,8550.807935197849,10.02436735988768,76.71000000000001,0.0
815.0,2027,2,19,C,0.0036710278499701493,0.28380709705937585,195,0.19291715978389823,15.18,15.43,QQQ,call,2027-02-19,mid,short,740.745,392789.3898753364,392789.3898753364,10.02436735988768,15.305,0.0
815.0,2027,2,19,P,0.0036710278499701493,-0.7161929029406242,447,0.205747768520974,78.15,79.11,QQQ,put,2027-02-19,mid,short,740.745,-900394.1398680788,900394.1398680788,10.02436735988768,78.63,0.0
815.0,2027,3,19,C,0.003440989025477908,0.3183746125027527,22390,0.19905224579157227,19.75,20.07,QQQ,call,2027-03-19,mid,short,740.745,42274145.56162242,42274145.56162242,10.02436735988768,19.91,0.0
815.0,2027,3,19,P,0.003440989025477908,-0.6816253874972473,111,0.21003819562400658,80.22,82.62,QQQ,put,2027-03-19,mid,short,740.745,-209577.05035016028,209577.05035016028,10.02436735988768,81.42,0.0
815.0,2027,3,31,C,0.003358650906090479,0.3300993940041615,53,0.19335079015825235,20.16,23.21,QQQ,call,2027-03-31,mid,short,740.745,97673.82448636931,97673.82448636931,10.02436735988768,21.685000000000002,0.0
815.0,2027,3,31,P,0.003358650906090479,-0.6699006059958386,793,0.20731664144898904,80.24,81.95,QQQ,put,2027-03-31,mid,short,740.745,-1461421.5625979407,1461421.5625979407,10.02436735988768,81.095,0.0
815.0,2027,6,17,C,0.002833068369628625,0.39414567514163384,4880,0.210857528522223,33.58,34.92,QQQ,call,2027-06-17,mid,short,740.745,7586026.1377457855,7586026.1377457855,10.02436735988768,34.25,0.0
815.0,2027,6,17,P,0.002833068369628625,-0.6058543248583661,824,0.22028746476521197,86.47,88.61,QQQ,put,2027-06-17,mid,short,740.745,-1280919.1675210097,1280919.1675210097,10.02436735988768,87.53999999999999,0.0
815.0,2027,6,30,C,0.002763638150969024,0.40228316317681156,274,0.20838330822286136,34.56,37.9,QQQ,call,2027-06-30,mid,short,740.745,415498.25054286,415498.25054286,10.02436735988768,36.230000000000004,0.0
815.0,2027,6,30,P,0.002763638150969024,-0.5977168368231884,1,0.21917428721073498,86.73,89.89,QQQ,put,2027-06-30,mid,short,740.745,-1516.4169727841609,1516.4169727841609,10.02436735988768,88.31,0.0
815.0,2027,9,17,C,0.0024191992760390444,0.4428048931268048,575,0.21795400638921433,46.62,48.71,QQQ,call,2027-09-17,mid,short,740.745,763267.8083531712,763267.8083531712,10.02436735988768,47.665,0.0
815.0,2027,9,17,P,0.0024191992760390444,-0.5571951068731952,53,0.22396550317319366,91.01,94.5,QQQ,put,2027-09-17,mid,short,740.745,-70353.38059603143,70353.38059603143,10.02436735988768,92.755,0.0
815.0,2027,12,17,C,0.002129389021135572,0.4777241076740852,293,0.21930027526445225,57.5,62.5,QQQ,call,2027-12-17,mid,short,740.745,342341.9249325966,342341.9249325966,10.02436735988768,60.0,0.0
815.0,2027,12,17,P,0.002129389021135572,-0.5222758923259148,37,0.22635414617573324,94.68,99.5,QQQ,put,2027-12-17,mid,short,740.745,-43230.891544389335,43230.891544389335,10.02436735988768,97.09,0.0
815.0,2028,1,21,C,0.0020528767972891092,0.48817473691297686,270,0.21968516546516548,61.5,66.5,QQQ,call,2028-01-21,mid,short,740.745,304133.39339854097,304133.39339854097,10.02436735988768,64.0,0.0
815.0,2028,1,21,P,0.0020528767972891092,-0.5118252630870231,684,0.22731980979705335,96.0,100.5,QQQ,put,2028-01-21,mid,short,740.745,-770471.2632763035,770471.2632763035,10.02436735988768,98.25,0.0
815.0,2028,6,16,C,0.0017425671314917886,0.5277681233242411,181,0.22750443041912502,80.0,85.0,QQQ,call,2028-06-16,mid,short,740.745,173063.5270035259,173063.5270035259,10.02436735988768,82.5,0.0
815.0,2028,6,16,P,0.0017425671314917886,-0.472231876675759,1,0.23380463754953737,102.0,106.5,QQQ,put,2028-06-16,mid,short,740.745,-956.1520828924085,956.1520828924085,10.02436735988768,104.25,0.0
815.0,2028,12,15,C,0.0014818837733899057,0.5644752663823123,16,0.23415020602842887,101.0,106.0,QQQ,call,2028-12-15,mid,short,740.745,13009.828829430293,13009.828829430293,10.02436735988768,103.5,0.0
815.0,2028,12,15,P,0.0014818837733899057,-0.4355247336176878,24,0.2409491942512204,108.5,113.5,QQQ,put,2028-12-15,mid,short,740.745,-19514.743244145444,19514.743244145444,10.02436735988768,111.0,0.0
815.0,2029,1,19,C,0.0014429523684553328,0.5704550306865004,0,0.23554780378831286,105.0,109.5,QQQ,call,2029-01-19,mid,short,740.745,0.0,0.0,10.02436735988768,107.25,0.0
815.0,2029,1,19,P,0.0014429523684553328,-0.4295449693134996,0,0.24189247372217737,109.5,114.0,QQQ,put,2029-01-19,mid,short,740.745,-0.0,0.0,10.02436735988768,111.75,0.0
816.0,2026,9,30,C,0.0005457474952898492,0.005212994944741036,1401,0.2265007890620779,0.03,0.06,QQQ,call,2026-09-30,mid,short,740.745,419534.1748900568,419534.1748900568,10.159366583642143,0.045,0.0
816.0,2026,9,30,P,0.0005457474952898492,-0.994787005055259,0,0.43733769827185287,73.0,76.43,QQQ,put,2026-09-30,mid,short,740.745,-0.0,0.0,10.159366583642143,74.715,0.0
817.0,2026,9,30,C,0.0005347716125309079,0.005160188932758989,52,0.22908580293058853,0.03,0.06,QQQ,call,2026-09-30,mid,short,740.745,15258.405292702832,15258.405292702832,10.294365807396606,0.045,0.0
817.0,2026,9,30,P,0.0005347716125309079,-0.9948398110672411,0,0.4415391498300302,74.0,77.43,QQQ,put,2026-09-30,mid,short,740.745,-0.0,0.0,10.294365807396606,75.715,0.0
818.0,2026,9,30,C,0.0005241592509905703,0.005108619600755346,20,0.23166463744236093,0.03,0.06,QQQ,call,2026-09-30,mid,short,740.745,5752.156695081336,5752.156695081336,10.42936503115107,0.045,0.0
818.0,2026,9,30,P,0.0005241592509905703,-0.9948913803992446,0,0.44572710898953033,75.0,78.43,QQQ,put,2026-09-30,mid,short,740.745,-0.0,0.0,10.42936503115107,76.715,0.0
819.0,2026,9,30,C,0.000513893901028813,0.005058242731184505,36,0.23423735391704545,0.03,0.06,QQQ,call,2026-09-30,mid,short,740.745,10151.107374334133,10151.107374334133,10.564364254905534,0.045,0.0
819.0,2026,9,30,P,0.000513893901028813,-0.9949417572688155,0,0.4493485497549762,76.0,79.42,QQQ,put,2026-09-30,mid,short,740.745,-0.0,0.0,10.564364254905534,77.71000000000001,0.0
820.0,2026,9,22,C,0.00024385852674675026,0.001997590790903745,0,0.6461913548467295,0.01,0.02,QQQ,call,2026-09-22,mid,short,740.745,0.0,0.0,10.699363478659997,0.015,1.0
820.0,2026,9,22,P,0.00024385852674675026,-0.9980024092090962,0,1.2352764823741964,77.0,80.42,QQQ,put,2026-09-22,mid,short,740.745,-0.0,0.0,10.699363478659997,78.71000000000001,0.0
820.0,2026,9,23,C,0.00029600075613418964,0.002545515492362399,0,0.4564777397865059,0.01,0.03,QQQ,call,2026-09-23,mid,short,740.745,0.0,0.0,10.699363478659997,0.02,0.0
820.0,2026,9,23,P,0.00029600075613418964,-0.9974544845076376,0,0.8873309741456678,77.0,80.43,QQQ,put,2026-09-23,mid,short,740.745,-0.0,0.0,10.699363478659997,78.715,0.0
820.0,2026,9,24,C,0.0002965272437046759,0.002547780915782457,0,0.3723462429362456,0.01,0.03,QQQ,call,2026-09-24,mid,short,740.745,0.0,0.0,10.699363478659997,0.02,0.0
820.0,2026,9,24,P,0.0002965272437046759,-0.9974522190842176,0,0.7342261593934782,77.0,80.43,QQQ,put,2026-09-24,mid,short,740.745,-0.0,0.0,10.699363478659997,78.715,0.0
820.0,2026,9,25,C,0.00034385714171725434,0.003071634319339399,272,0.3221440777582533,0.01,0.04,QQQ,call,2026-09-25,mid,short,740.745,51319.735602372995,51319.735602372995,10.699363478659997,0.025,0.0
820.0,2026,9,25,P,0.00034385714171725434,-0.9969283656806606,0,0.643986627373048,77.0,80.43,QQQ,put,2026-09-25,mid,short,740.745,-0.0,0.0,10.699363478659997,78.715,0.0
820.0,2026,9,28,C,0.00038888345524247693,0.0035825602631065026,0,0.24279850240743936,0.01,0.05,QQQ,call,2026-09-28,mid,short,740.745,0.0,0.0,10.699363478659997,0.030000000000000002,0.0
820.0,2026,9,28,P,0.00038888345524247693,-0.9964174397368935,0,0.5041117359432612,77.0,80.43,QQQ,put,2026-09-28,mid,short,740.745,-0.0,0.0,10.699363478659997,78.715,0.0
820.0,2026,9,29,C,0.0004297836569172985,0.004072238858170396,0,0.24159805777700674,0.02,0.05,QQQ,call,2026-09-29,mid,short,740.745,0.0,0.0,10.699363478659997,0.035,0.0
820.0,2026,9,29,P,0.0004297836569172985,-0.9959277611418296,0,0.4766458406501882,77.0,80.43,QQQ,put,2026-09-29,mid,short,740.745,-0.0,0.0,10.699363478659997,78.715,0.0
820.0,2026,9,30,C,0.0005039600000895061,0.005009016222389906,6350,0.23680401213266722,0.03,0.06,QQQ,call,2026-09-30,mid,short,740.745,1755930.2070524967,1755930.2070524967,10.699363478659997,0.045,0.0
820.0,2026,9,30,P,0.0005039600000895061,-0.9949909837776101,0,0.45406325920573787,77.0,80.43,QQQ,put,2026-09-30,mid,short,740.745,-0.0,0.0,10.699363478659997,78.715,0.0
820.0,2026,10,1,C,0.0005048394761378864,0.005013393640085773,0,0.22443344521538502,0.03,0.06,QQQ,call,2026-10-01,mid,short,740.745,0.0,0.0,10.699363478659997,0.045,0.0
820.0,2026,10,1,P,0.0005048394761378864,-0.9949866063599142,0,0.43509057558660436,77.0,80.43,QQQ,put,2026-10-01,mid,short,740.745,-0.0,0.0,10.699363478659997,78.715,0.0
820.0,2026,10,2,C,0.0005396659853199832,0.005468101123620779,66,0.2137804782466751,0.03,0.07,QQQ,call,2026-10-02,mid,short,740.745,19543.68430111351,19543.68430111351,10.699363478659997,0.05,0.0
820.0,2026,10,2,P,0.0005396659853199832,-0.9945318988763793,0,0.4169382675185837,77.0,80.39,QQQ,put,2026-10-02,mid,short,740.745,-0.0,0.0,10.699363478659997,78.695,0.0
820.0,2026,10,9,C,0.0008910688913270414,0.010731204665117143,138,0.18999304028923844,0.1,0.13,QQQ,call,2026-10-09,mid,short,740.745,67472.65905817716,67472.65905817716,10.699363478659997,0.115,0.0
820.0,2026,10,9,P,0.0008910688913270414,-0.9892687953348829,0,0.3420119197339829,77.01,80.26,QQQ,put,2026-10-09,mid,short,740.745,-0.0,0.0,10.699363478659997,78.635,0.0
820.0,2026,10,16,C,0.0013324455904491124,0.019104912622648674,3763,0.17801463186729444,0.22,0.26,QQQ,call,2026-10-16,mid,short,740.745,2751193.6449615853,2751193.6449615853,10.699363478659997,0.24,0.0
820.0,2026,10,16,P,0.0013324455904491124,-0.9808950873773513,4,0.30540658140715343,77.01,80.24,QQQ,put,2026-10-16,mid,short,740.745,-2924.4683975143075,2924.4683975143075,10.699363478659997,78.625,0.0
820.0,2026,10,23,C,0.0018456483240624857,0.03174364911550207,4,0.17417576272959795,0.44,0.5,QQQ,call,2026-10-23,mid,short,740.745,4050.852233918759,4050.852233918759,10.699363478659997,0.47,0.0
820.0,2026,10,23,P,0.0018456483240624857,-0.9682563508844979,1,0.1857781483818086,77.02,80.24,QQQ,put,2026-10-23,mid,short,740.745,-1012.7130584796897,1012.7130584796897,10.699363478659997,78.63,0.0
820.0,2026,10,30,C,0.0024164311241668115,0.05094131646770637,392,0.17751354180620962,0.87,0.94,QQQ,call,2026-10-30,mid,short,740.745,519754.1256385273,519754.1256385273,10.699363478659997,0.905,0.0
820.0,2026,10,30,P,0.0024164311241668115,-0.9490586835322936,105,0.19107424342810073,77.0,80.25,QQQ,put,2026-10-30,mid,short,740.745,-139219.8550817484,139219.8550817484,10.699363478659997,78.625,0.0
820.0,2026,11,20,C,0.0033401242685676133,0.10589819077614288,2982,0.18150213366671614,2.65,2.74,QQQ,call,2026-11-20,mid,short,740.745,5465220.911977764,5465220.911977764,10.699363478659997,2.6950000000000003,0.0
820.0,2026,11,20,P,0.0033401242685676133,-0.8941018092238571,0,0.19255561908508764,77.16,80.46,QQQ,put,2026-11-20,mid,short,740.745,-0.0,0.0,10.699363478659997,78.81,0.0
820.0,2026,11,30,C,0.003504739927827014,0.12265625811888466,146,0.17740759142913545,3.32,3.48,QQQ,call,2026-11-30,mid,short,740.745,280767.0309673529,280767.0309673529,10.699363478659997,3.4,0.0
820.0,2026,11,30,P,0.003504739927827014,-0.8773437418811153,0,0.19114166764287388,77.25,79.75,QQQ,put,2026-11-30,mid,short,740.745,-0.0,0.0,10.699363478659997,78.5,0.0
820.0,2026,12,18,C,0.0037137505859103485,0.16824843668891645,19093,0.18501478822995793,5.73,5.92,QQQ,call,2026-12-18,mid,short,740.745,38906697.0455363,38906697.0455363,10.699363478659997,5.825,0.0
820.0,2026,12,18,P,0.0037137505859103485,-0.8317515633110836,0,0.20627476970029202,79.15,80.06,QQQ,put,2026-12-18,mid,short,740.745,-0.0,0.0,10.699363478659997,79.605,0.0
820.0,2026,12,31,C,0.0037526328951337077,0.1878102284215447,268,0.18331634728011806,6.98,7.17,QQQ,call,2026-12-31,mid,short,740.745,551833.8444684048,551833.8444684048,10.699363478659997,7.075,0.0
820.0,2026,12,31,P,0.0037526328951337077,-0.8121897715784553,0,0.20507875830213154,79.59,80.6,QQQ,put,2026-12-31,mid,short,740.745,-0.0,0.0,10.699363478659997,80.095,0.0
820.0,2027,1,15,C,0.0037302363312755106,0.21605471648467964,3466,0.18709337026192363,9.09,9.33,QQQ,call,2027-01-15,mid,short,740.745,7094182.610764506,7094182.610764506,10.699363478659997,9.21,0.0
820.0,2027,1,15,P,0.0037302363312755106,-0.7839452835153203,1,0.19570703779581533,79.05,81.38,QQQ,put,2027-01-15,mid,short,740.745,-2046.7924439597539,2046.7924439597539,10.699363478659997,80.215,0.0
820.0,2027,2,19,C,0.003571257646473756,0.26663112148555795,476,0.19224464929551363,13.92,14.18,QQQ,call,2027-02-19,mid,short,740.745,932750.7209009976,932750.7209009976,10.699363478659997,14.05,0.0
820.0,2027,2,19,P,0.003571257646473756,-0.7333688785144421,2926,0.20775464505285324,82.18,83.15,QQQ,put,2027-02-19,mid,short,740.745,-5733673.549067898,5733673.549067898,10.699363478659997,82.665,0.0
820.0,2027,3,19,C,0.003375547890458645,0.30212182125733233,2982,0.19836699029745675,18.34,18.64,QQQ,call,2027-03-19,mid,short,740.745,5523182.204304137,5523182.204304137,10.699363478659997,18.490000000000002,0.0
820.0,2027,3,19,P,0.003375547890458645,-0.6978781787426677,74,0.21158360458162026,84.08,84.99,QQQ,put,2027-03-19,mid,short,740.745,-137060.8595300155,137060.8595300155,10.699363478659997,84.535,0.0
820.0,2027,3,31,C,0.0032959119141201167,0.31486834490448246,431,0.19283007963245594,18.76,21.89,QQQ,call,2027-03-31,mid,short,740.745,779453.7016297058,779453.7016297058,10.699363478659997,20.325000000000003,0.0
820.0,2027,3,31,P,0.0032959119141201167,-0.6851316550955175,238,0.20871212977317766,84.05,85.76,QQQ,put,2027-03-31,mid,short,740.745,-430417.5892990024,430417.5892990024,10.699363478659997,84.905,0.0
820.0,2027,6,17,C,0.0028165971831135153,0.38057050508204393,13113,0.20988811692567472,31.8,33.15,QQQ,call,2027-06-17,mid,short,740.745,20265823.651487283,20265823.651487283,10.699363478659997,32.475,0.0
820.0,2027,6,17,P,0.0028165971831135153,-0.6194294949179561,413,0.22124079514225795,89.99,92.09,QQQ,put,2027-06-17,mid,short,740.745,-638281.4892140812,638281.4892140812,10.699363478659997,91.03999999999999,0.0
820.0,2027,6,30,C,0.0027513961933451677,0.3889659315664213,201,0.2077106812662786,32.83,35.97,QQQ,call,2027-06-30,mid,short,740.745,303449.654174466,303449.654174466,10.699363478659997,34.4,0.0
820.0,2027,6,30,P,0.0027513961933451677,-0.6110340684335787,8,0.22000623044153184,90.2,93.33,QQQ,put,2027-06-30,mid,short,740.745,-12077.598176098147,12077.598176098147,10.699363478659997,91.765,0.0
820.0,2027,9,17,C,0.0024174129323402166,0.4312658293943681,546,0.21705624268071433,44.67,46.77,QQQ,call,2027-09-17,mid,short,740.745,724237.3882234292,724237.3882234292,10.699363478659997,45.72,0.0
820.0,2027,9,17,P,0.0024174129323402166,-0.5687341706056319,315,0.2243864506286383,94.24,98.0,QQQ,put,2027-09-17,mid,short,740.745,-417829.2624365939,417829.2624365939,10.699363478659997,96.12,0.0
820.0,2027,12,17,C,0.0021239126335795733,0.46821042325803525,2492,0.2213961491777161,56.41,60.17,QQQ,call,2027-12-17,mid,short,740.745,2904170.7271020813,2904170.7271020813,10.699363478659997,58.29,0.0
820.0,2027,12,17,P,0.0021239126335795733,-0.5317895767419647,45,0.22684944260076945,97.82,102.5,QQQ,put,2027-12-17,mid,short,740.745,-52442.89033691559,52442.89033691559,10.699363478659997,100.16,0.0
820.0,2028,1,21,C,0.002062567037561786,0.47815314699523204,478,0.2191039509689924,59.5,64.0,QQQ,call,2028-01-21,mid,short,740.745,540970.3055792241,540970.3055792241,10.699363478659997,61.75,0.0
820.0,2028,1,21,P,0.002062567037561786,-0.521846853004768,5,0.22750965205888335,99.0,103.5,QQQ,put,2028-01-21,mid,short,740.745,-5658.685204803599,5658.685204803599,10.699363478659997,101.25,0.0
820.0,2028,6,16,C,0.0017519573871687007,0.5194424870761999,57,0.22718880584653559,78.0,82.5,QQQ,call,2028-06-16,mid,short,740.745,54794.35911110283,54794.35911110283,10.699363478659997,80.25,0.0
820.0,2028,6,16,P,0.0017519573871687007,-0.4805575129238001,10,0.23434454363089754,105.0,109.5,QQQ,put,2028-06-16,mid,short,740.745,-9613.045458088216,9613.045458088216,10.699363478659997,107.25,0.0
820.0,2028,12,15,C,0.0014906831418111375,0.5574833125530589,225,0.23397089895852377,99.0,103.5,QQQ,call,2028-12-15,mid,short,740.745,184037.07218722889,184037.07218722889,10.699363478659997,101.25,0.0
820.0,2028,12,15,P,0.0014906831418111375,-0.4425166874469411,3,0.24173044116496162,111.5,116.0,QQQ,put,2028-12-15,mid,short,740.745,-2453.8276291630523,2453.8276291630523,10.699363478659997,113.75,0.0
820.0,2029,1,19,C,0.0014551620989326536,0.5634675623800391,1,0.23425998279582882,102.5,107.0,QQQ,call,2029-01-19,mid,short,740.745,798.4520347571482,798.4520347571482,10.699363478659997,104.75,0.0
820.0,2029,1,19,P,0.0014551620989326536,-0.4365324376199608,0,0.2427080588923659,112.5,117.0,QQQ,put,2029-01-19,mid,short,740.745,-0.0,0.0,10.699363478659997,114.75,0.0
821.0,2026,9,30,C,0.0004943428673144197,0.004960899962068042,5,0.23936467038723597,0.03,0.06,QQQ,call,2026-09-30,mid,short,740.745,1356.237454797635,1356.237454797635,10.83436270241446,0.045,0.0
821.0,2026,9,30,P,0.0004943428673144197,-0.995039100037932,0,0.45765267842144547,78.0,81.42,QQQ,put,2026-09-30,mid,short,740.745,-0.0,0.0,10.83436270241446,79.71000000000001,0.0
822.0,2026,9,30,C,0.00048502864321290566,0.004913855707055081,40,0.24191938555710174,0.03,0.06,QQQ,call,2026-09-30,mid,short,740.745,10645.469872336658,10645.469872336658,10.969361926168924,0.045,0.0
822.0,2026,9,30,P,0.00048502864321290566,-0.995086144292945,0,0.4623475185837952,79.0,82.43,QQQ,put,2026-09-30,mid,short,740.745,-0.0,0.0,10.969361926168924,80.715,0.0
823.0,2026,9,30,C,0.00047600423551891614,0.004867846990230697,105,0.24446821315226905,0.03,0.06,QQQ,call,2026-09-30,mid,short,740.745,27424.42771262171,27424.42771262171,11.104361149923388,0.045,0.0
823.0,2026,9,30,P,0.00047600423551891614,-0.9951321530097693,0,0.46647059709252636,80.0,83.43,QQQ,put,2026-09-30,mid,short,740.745,-0.0,0.0,11.104361149923388,81.715,0.0
824.0,2026,9,30,C,0.00043406345156541553,0.004378834107485119,52,0.23743761898317556,0.02,0.06,QQQ,call,2026-09-30,mid,short,740.745,12384.943238459211,12384.943238459211,11.239360373677851,0.04,0.0
824.0,2026,9,30,P,0.00043406345156541553,-0.9956211658925149,0,0.4705811836626488,81.0,84.43,QQQ,put,2026-09-30,mid,short,740.745,-0.0,0.0,11.239360373677851,82.715,0.0
825.0,2026,9,22,C,0.00022144561791076188,0.0019035091536063913,0,0.6812943580069479,0.01,0.02,QQQ,call,2026-09-22,mid,short,740.745,0.0,0.0,11.374359597432314,0.015,106.0
825.0,2026,9,22,P,0.00022144561791076188,-0.9980964908463936,0,1.2946061780722145,82.0,85.43,QQQ,put,2026-09-22,mid,short,740.745,-0.0,0.0,11.374359597432314,83.715,0.0
825.0,2026,9,23,C,0.0002689756141686329,0.002426416827735715,0,0.4813014153097191,0.01,0.03,QQQ,call,2026-09-23,mid,short,740.745,0.0,0.0,11.374359597432314,0.02,0.0
825.0,2026,9,23,P,0.0002689756141686329,-0.9975735831722643,0,0.9267915254867751,82.0,85.42,QQQ,put,2026-09-23,mid,short,740.745,-0.0,0.0,11.374359597432314,83.71000000000001,0.0
825.0,2026,9,24,C,0.00026942746620858794,0.0024284556927407592,0,0.3926164089895648,0.01,0.03,QQQ,call,2026-09-24,mid,short,740.745,0.0,0.0,11.374359597432314,0.02,0.0
825.0,2026,9,24,P,0.00026942746620858794,-0.9975715443072593,0,0.7680196776123889,82.0,85.43,QQQ,put,2026-09-24,mid,short,740.745,-0.0,0.0,11.374359597432314,83.715,0.0
825.0,2026,9,25,C,0.00031259957394101775,0.002928535320355185,177,0.3397000476763926,0.01,0.04,QQQ,call,2026-09-25,mid,short,740.745,30359.813929120573,30359.813929120573,11.374359597432314,0.025,0.0
825.0,2026,9,25,P,0.00031259957394101775,-0.9970714646796448,0,0.650172948450341,82.0,85.2,QQQ,put,2026-09-25,mid,short,740.745,-0.0,0.0,11.374359597432314,83.6,0.0
825.0,2026,9,28,C,0.0003141719459350044,0.0029358986863720947,0,0.25607295780302836,0.01,0.04,QQQ,call,2026-09-28,mid,short,740.745,0.0,0.0,11.374359597432314,0.025,0.0
825.0,2026,9,28,P,0.0003141719459350044,-0.9970641013136279,0,0.5271011943806763,82.0,85.43,QQQ,put,2026-09-28,mid,short,740.745,-0.0,0.0,11.374359597432314,83.715,0.0
825.0,2026,9,29,C,0.00039096404818480255,0.0038837016749461756,0,0.2546810228834665,0.02,0.05,QQQ,call,2026-09-29,mid,short,740.745,0.0,0.0,11.374359597432314,0.035,0.0
825.0,2026,9,29,P,0.00039096404818480255,-0.9961162983250538,0,0.49771493279822626,82.0,85.42,QQQ,put,2026-09-29,mid,short,740.745,-0.0,0.0,11.374359597432314,83.71000000000001,0.0
825.0,2026,9,30,C,0.00039161341047671123,0.003886929831338439,1268,0.23989376428658013,0.02,0.05,QQQ,call,2026-09-30,mid,short,740.745,272467.22359815595,272467.22359815595,11.374359597432314,0.035,0.0
825.0,2026,9,30,P,0.00039161341047671123,-0.9961130701686616,0,0.4746794298540058,82.0,85.43,QQQ,put,2026-09-30,mid,short,740.745,-0.0,0.0,11.374359597432314,83.715,0.0
825.0,2026,10,1,C,0.00042685735329158023,0.0043422804449996626,0,0.22737276411477397,0.02,0.06,QQQ,call,2026-10-01,mid,short,740.745,0.0,0.0,11.374359597432314,0.04,0.0
825.0,2026,10,1,P,0.00042685735329158023,-0.9956577195550004,0,0.45267727710727984,82.0,85.39,QQQ,put,2026-10-01,mid,short,740.745,-0.0,0.0,11.374359597432314,83.695,0.0
825.0,2026,10,2,C,0.0004602902778297945,0.004786690872068271,68,0.2253104849407691,0.03,0.06,QQQ,call,2026-10-02,mid,short,740.745,17174.265481732862,17174.265481732862,11.374359597432314,0.045,0.0
825.0,2026,10,2,P,0.0004602902778297945,-0.9952133091279317,0,0.4378107347046023,82.25,85.43,QQQ,put,2026-10-02,mid,short,740.745,-0.0,0.0,11.374359597432314,83.84,0.0
825.0,2026,10,9,C,0.0007512620438148953,0.009175302764546572,8,0.19472804888990627,0.08,0.12,QQQ,call,2026-10-09,mid,short,740.745,3297.7588295341034,3297.7588295341034,11.374359597432314,0.1,0.0
825.0,2026,10,9,P,0.0007512620438148953,-0.9908246972354534,0,0.3632712945264003,82.0,85.43,QQQ,put,2026-10-09,mid,short,740.745,-0.0,0.0,11.374359597432314,83.715,0.0
825.0,2026,10,16,C,0.0010963448773907453,0.015581150909002656,7412,0.18206338075676318,0.18,0.21,QQQ,call,2026-10-16,mid,short,740.745,4458821.224545148,4458821.224545148,11.374359597432314,0.195,0.0
825.0,2026,10,16,P,0.0010963448773907453,-0.9844188490909973,11,0.13552879069865575,82.01,85.24,QQQ,put,2026-10-16,mid,short,740.745,-6617.246825417786,6617.246825417786,11.374359597432314,83.625,0.0
825.0,2026,10,23,C,0.0015312351815225602,0.025738701384261455,3,0.17557444262327004,0.34,0.41,QQQ,call,2026-10-23,mid,short,740.745,2520.5807255601226,2520.5807255601226,11.374359597432314,0.375,0.0
825.0,2026,10,23,P,0.0015312351815225602,-0.9742612986157385,0,0.19599854926347443,82.02,85.24,QQQ,put,2026-10-23,mid,short,740.745,-0.0,0.0,11.374359597432314,83.63,0.0
825.0,2026,10,30,C,0.0020679046704928403,0.04244813299954675,150,0.17920846578081662,0.71,0.77,QQQ,call,2026-10-30,mid,short,740.745,170199.87254855316,170199.87254855316,11.374359597432314,0.74,0.0
825.0,2026,10,30,P,0.0020679046704928403,-0.9575518670004532,0,0.20098296439603403,82.0,84.84,QQQ,put,2026-10-30,mid,short,740.745,-0.0,0.0,11.374359597432314,83.42,0.0
825.0,2026,11,20,C,0.0030124573040685495,0.09236331350295623,1697,0.18200167171613546,2.25,2.34,QQQ,call,2026-11-20,mid,short,740.745,2805047.3716235203,2805047.3716235203,11.374359597432314,2.295,0.0
825.0,2026,11,20,P,0.0030124573040685495,-0.9076366864970438,0,0.19999310472140452,82.06,85.07,QQQ,put,2026-11-20,mid,short,740.745,-0.0,0.0,11.374359597432314,83.565,0.0
825.0,2026,11,30,C,0.0031970509041601377,0.10811883996285467,5,0.177770099903759,2.85,3.0,QQQ,call,2026-11-30,mid,short,740.745,8771.159589440982,8771.159589440982,11.374359597432314,2.925,0.0
825.0,2026,11,30,P,0.0031970509041601377,-0.8918811600371453,0,0.19815412498416382,82.12,85.21,QQQ,put,2026-11-30,mid,short,740.745,-0.0,0.0,11.374359597432314,83.66499999999999,0.0
825.0,2026,12,18,C,0.0034751147699168795,0.15160497344018153,8857,0.18479564141329674,5.03,5.19,QQQ,call,2026-12-18,mid,short,740.745,16888584.624265503,16888584.624265503,11.374359597432314,5.11,0.0
825.0,2026,12,18,P,0.0034751147699168795,-0.8483950265598185,1,0.21205024615524,83.86,84.63,QQQ,put,2026-12-18,mid,short,740.745,-1906.8064383273686,1906.8064383273686,11.374359597432314,84.245,0.0
825.0,2026,12,31,C,0.003542851766457563,0.171058921358599,427,0.18313780789637482,6.2,6.37,QQQ,call,2026-12-31,mid,short,740.745,830076.8732515749,830076.8732515749,11.374359597432314,6.285,0.0
825.0,2026,12,31,P,0.003542851766457563,-0.828941078641401,0,0.20950765154368672,84.14,85.03,QQQ,put,2026-12-31,mid,short,740.745,-0.0,0.0,11.374359597432314,84.58500000000001,0.0
825.0,2027,1,15,C,0.0035629292682425534,0.19857637691009233,1527,0.1867223287558424,8.17,8.31,QQQ,call,2027-01-15,mid,short,740.745,2985270.5402500266,2985270.5402500266,11.374359597432314,8.24,0.0
825.0,2027,1,15,P,0.0035629292682425534,-0.8014236230899077,0,0.19898340045789603,83.46,85.79,QQQ,put,2027-01-15,mid,short,740.745,-0.0,0.0,11.374359597432314,84.625,0.0
825.0,2027,2,19,C,0.0034649183507653456,0.24999778333378514,207,0.19157427856187537,12.74,13.01,QQQ,call,2027-02-19,mid,short,740.745,393550.8076105758,393550.8076105758,11.374359597432314,12.875,0.0
825.0,2027,2,19,P,0.0034649183507653456,-0.7500022166662148,146,0.21011395545923314,86.32,87.3,QQQ,put,2027-02-19,mid,short,740.745,-277576.89812146884,277576.89812146884,11.374359597432314,86.81,0.0
825.0,2027,3,19,C,0.003304251526592882,0.28623074707854107,2777,0.1975974131116866,16.99,17.3,QQQ,call,2027-03-19,mid,short,740.745,5034848.840919857,5034848.840919857,11.374359597432314,17.145,0.0
825.0,2027,3,19,P,0.003304251526592882,-0.713769252921459,141,0.20526487478010136,86.58,89.0,QQQ,put,2027-03-19,mid,short,740.745,-255640.50650691387,255640.50650691387,11.374359597432314,87.78999999999999,0.0
825.0,2027,3,31,C,0.0032279200275028936,0.3001173310910269,229,0.19441257784681884,17.82,20.28,QQQ,call,2027-03-31,mid,short,740.745,405597.907846362,405597.907846362,11.374359597432314,19.05,0.0
825.0,2027,3,31,P,0.0032279200275028936,-0.6998826689089731,351,0.21044569759824217,87.98,89.67,QQQ,put,2027-03-31,mid,short,740.745,-621680.6360439871,621680.6360439871,11.374359597432314,88.825,0.0
825.0,2027,6,17,C,0.00279721202545175,0.3670561555042309,3658,0.20907276221003457,30.12,31.38,QQQ,call,2027-06-17,mid,short,740.745,5614441.294792362,5614441.294792362,11.374359597432314,30.75,0.0
825.0,2027,6,17,P,0.00279721202545175,-0.6329438444957691,172,0.22227102364325552,93.58,95.67,QQQ,put,2027-06-17,mid,short,740.745,-263992.3189459503,263992.3189459503,11.374359597432314,94.625,0.0
825.0,2027,6,30,C,0.0027315648677259463,0.3760898725354501,135,0.20695273790022123,31.14,34.32,QQQ,call,2027-06-30,mid,short,740.745,202340.4652453509,202340.4652453509,11.374359597432314,32.730000000000004,0.0
825.0,2027,6,30,P,0.0027315648677259463,-0.6239101274645499,6,0.22103396800271932,93.77,96.85,QQQ,put,2027-06-30,mid,short,740.745,-8992.909566460045,8992.909566460045,11.374359597432314,95.31,0.0
825.0,2027,9,17,C,0.0024151985980067074,0.41964127955583774,736,0.21618354672205986,42.78,44.78,QQQ,call,2027-09-17,mid,short,740.745,975367.1387833426,975367.1387833426,11.374359597432314,43.78,0.0
825.0,2027,9,17,P,0.0024151985980067074,-0.5803587204441623,7,0.22519750576585484,97.63,101.5,QQQ,put,2027-09-17,mid,short,740.745,-9276.58963516766,9276.58963516766,11.374359597432314,99.565,0.0
825.0,2027,12,17,C,0.0021345025893359454,0.4575997405142134,749,0.21779427849191965,53.5,58.5,QQQ,call,2027-12-17,mid,short,740.745,877235.0205780712,877235.0205780712,11.374359597432314,56.0,0.0
825.0,2027,12,17,P,0.0021345025893359454,-0.5424002594857866,8,0.2274585740676362,101.04,105.5,QQQ,put,2027-12-17,mid,short,740.745,-9369.666441421321,9369.666441421321,11.374359597432314,103.27000000000001,0.0
825.0,2028,1,21,C,0.002065598191143,0.4684541768951241,401,0.2183934935314335,57.5,62.0,QQQ,call,2028-01-21,mid,short,740.745,454493.498042133,454493.498042133,11.374359597432314,59.75,0.0
825.0,2028,1,21,P,0.002065598191143,-0.531545823104876,9,0.2275773030309252,102.0,107.0,QQQ,put,2028-01-21,mid,short,740.745,-10200.602200446872,10200.602200446872,11.374359597432314,104.5,0.0
825.0,2028,6,16,C,0.0017613487577948408,0.5110466076019926,2795,0.22549551477369464,75.5,80.5,QQQ,call,2028-06-16,mid,short,740.745,2701249.0493013957,2701249.0493013957,11.374359597432314,78.0,0.0
825.0,2028,6,16,P,0.0017613487577948408,-0.4889533923980074,2712,0.23350774694136672,107.5,112.5,QQQ,put,2028-06-16,mid,short,740.745,-2621033.0667997794,2621033.0667997794,11.374359597432314,110.0,0.0
825.0,2028,12,15,C,0.0014995040616417289,0.5504460557423829,292,0.23258155851916568,96.5,101.5,QQQ,call,2028-12-15,mid,short,740.745,240252.52200192068,240252.52200192068,11.374359597432314,99.0,0.0
825.0,2028,12,15,P,0.0014995040616417289,-0.4495539442576171,13,0.24129805402720683,114.0,119.0,QQQ,put,2028-12-15,mid,short,740.745,-10696.173924743045,10696.173924743045,11.374359597432314,116.5,0.0
825.0,2029,1,19,C,0.001463897831422017,0.5566119571184627,1,0.2329113004789866,100.0,105.0,QQQ,call,2029-01-19,mid,short,740.745,803.2453587355163,803.2453587355163,11.374359597432314,102.5,0.0
825.0,2029,1,19,P,0.001463897831422017,-0.4433880428815374,0,0.2423338346211027,115.0,120.0,QQQ,put,2029-01-19,mid,short,740.745,-0.0,0.0,11.374359597432314,117.5,0.0
826.0,2026,9,30,C,0.00041847887773148294,0.0042993935597260445,58,0.2423444910655545,0.02,0.06,QQQ,call,2026-09-30,mid,short,740.745,13317.999470309984,13317.999470309984,11.509358821186776,0.04,0.0
826.0,2026,9,30,P,0.00041847887773148294,-0.9957006064402739,0,0.47876548333472646,83.0,86.43,QQQ,put,2026-09-30,mid,short,740.745,-0.0,0.0,11.509358821186776,84.715,0.0
827.0,2026,9,30,C,0.00037765851274660766,0.0038169617551667714,64,0.24478984593929043,0.02,0.05,QQQ,call,2026-09-30,mid,short,740.745,13262.234717831221,13262.234717831221,11.644358044941242,0.035,0.0
827.0,2026,9,30,P,0.00037765851274660766,-0.9961830382448332,0,0.4828394880293936,84.0,87.43,QQQ,put,2026-09-30,mid,short,740.745,-0.0,0.0,11.644358044941242,85.715,0.0
828.0,2026,9,30,C,0.00037098958014427,0.003783072571914886,27,0.24722987449747275,0.02,0.05,QQQ,call,2026-09-30,mid,short,740.745,5496.205133877149,5496.205133877149,11.779357268695705,0.035,0.0
828.0,2026,9,30,P,0.00037098958014427,-0.9962169274280851,0,0.48690158426075403,85.0,88.43,QQQ,put,2026-09-30,mid,short,740.745,-0.0,0.0,11.779357268695705,86.715,0.0
829.0,2026,9,30,C,0.00036451522607813244,0.0037498823042489624,68,0.24966462133717376,0.02,0.05,QQQ,call,2026-09-30,mid,short,740.745,13600.724513053126,13600.724513053126,11.914356492450167,0.035,0.0
829.0,2026,9,30,P,0.00036451522607813244,-0.996250117695751,0,0.49095190888510204,86.0,89.43,QQQ,put,2026-09-30,mid,short,740.745,-0.0,0.0,11.914356492450167,87.715,0.0
830.0,2026,9,22,C,0.00020225116272280222,0.0018191063054301894,0,0.716026819242396,0.01,0.02,QQQ,call,2026-09-22,mid,short,740.745,0.0,0.0,12.04935571620463,0.015,15.0
830.0,2026,9,22,P,0.00020225116272280222,-0.9981808936945699,0,1.3487537057008976,87.0,90.42,QQQ,put,2026-09-22,mid,short,740.745,-0.0,0.0,12.04935571620463,88.71000000000001,0.0
830.0,2026,9,23,C,0.00024581526657169595,0.0023195344857691934,0,0.5058629392236319,0.01,0.03,QQQ,call,2026-09-23,mid,short,740.745,0.0,0.0,12.04935571620463,0.02,0.0
830.0,2026,9,23,P,0.00024581526657169595,-0.9976804655142308,0,0.968600434783126,87.0,90.43,QQQ,put,2026-09-23,mid,short,740.745,-0.0,0.0,12.04935571620463,88.715,0.0
830.0,2026,9,24,C,0.00024620661728097076,0.00232138104288467,0,0.4126724155009934,0.01,0.03,QQQ,call,2026-09-24,mid,short,740.745,0.0,0.0,12.04935571620463,0.02,0.0
830.0,2026,9,24,P,0.00024620661728097076,-0.9976786189571153,0,0.8013138138172399,87.0,90.43,QQQ,put,2026-09-24,mid,short,740.745,-0.0,0.0,12.04935571620463,88.715,0.0
830.0,2026,9,25,C,0.0002858013994355699,0.00280009373479054,75,0.3570704513542887,0.01,0.04,QQQ,call,2026-09-25,mid,short,740.745,11761.509718564308,11761.509718564308,12.04935571620463,0.025,0.0
830.0,2026,9,25,P,0.0002858013994355699,-0.9971999062652095,0,0.7016877951092124,87.0,90.42,QQQ,put,2026-09-25,mid,short,740.745,-0.0,0.0,12.04935571620463,88.71000000000001,0.0
830.0,2026,9,28,C,0.000287163575004431,0.0028067629930378086,0,0.2692069136585937,0.01,0.04,QQQ,call,2026-09-28,mid,short,740.745,0.0,0.0,12.04935571620463,0.025,0.0
830.0,2026,9,28,P,0.000287163575004431,-0.9971932370069622,0,0.5497509835545766,87.0,90.43,QQQ,put,2026-09-28,mid,short,740.745,-0.0,0.0,12.04935571620463,88.715,0.0
830.0,2026,9,29,C,0.00035766472654213873,0.003714444260350799,0,0.267620332547514,0.02,0.05,QQQ,call,2026-09-29,mid,short,740.745,0.0,0.0,12.04935571620463,0.035,0.0
830.0,2026,9,29,P,0.00035766472654213873,-0.9962855557396492,0,0.5197027244602015,87.0,90.43,QQQ,put,2026-09-29,mid,short,740.745,-0.0,0.0,12.04935571620463,88.715,0.0
830.0,2026,9,30,C,0.0003899788371433298,0.004150232186430015,911,0.2520941300768453,0.02,0.06,QQQ,call,2026-09-30,mid,short,740.745,194938.16530184192,194938.16530184192,12.04935571620463,0.04,0.0
830.0,2026,9,30,P,0.0003899788371433298,-0.9958497678135699,0,0.4949905954208145,87.0,90.43,QQQ,put,2026-09-30,mid,short,740.745,-0.0,0.0,12.04935571620463,88.715,0.0
830.0,2026,10,1,C,0.0003587920129280168,0.0037202987415447656,0,0.23894806139882366,0.02,0.05,QQQ,call,2026-10-01,mid,short,740.745,0.0,0.0,12.04935571620463,0.035,0.0
830.0,2026,10,1,P,0.0003587920129280168,-0.9962797012584552,0,0.47368103867506844,87.0,90.42,QQQ,put,2026-10-01,mid,short,740.745,-0.0,0.0,12.04935571620463,88.71000000000001,0.0
830.0,2026,10,2,C,0.0004213010786391872,0.004579196028433544,198,0.23671073984464178,0.03,0.06,QQQ,call,2026-10-02,mid,short,740.745,45771.50775082202,45771.50775082202,12.04935571620463,0.045,0.0
830.0,2026,10,2,P,0.0004213010786391872,-0.9954208039715664,0,0.4564677108720221,87.0,90.43,QQQ,put,2026-10-02,mid,short,740.745,-0.0,0.0,12.04935571620463,88.715,0.0
830.0,2026,10,9,C,0.0006048205558187167,0.007348472680361614,56,0.19783947809095853,0.06,0.1,QQQ,call,2026-10-09,mid,short,740.745,18584.54904329543,18584.54904329543,12.04935571620463,0.08,0.0
830.0,2026,10,9,P,0.0006048205558187167,-0.9926515273196383,0,0.37819692105504504,87.0,90.42,QQQ,put,2026-10-09,mid,short,740.745,-0.0,0.0,12.04935571620463,88.71000000000001,0.0
830.0,2026,10,16,C,0.0008752414060174003,0.012174836513182156,2365,0.1829796362718858,0.13,0.17,QQQ,call,2026-10-16,mid,short,740.745,1135785.8599054758,1135785.8599054758,12.04935571620463,0.15000000000000002,0.0
830.0,2026,10,16,P,0.0008752414060174003,-0.9878251634868178,2,0.15284576517361106,87.01,90.24,QQQ,put,2026-10-16,mid,short,740.745,-960.4954417805293,960.4954417805293,12.04935571620463,88.625,0.0
830.0,2026,10,23,C,0.001278872754448284,0.021152813998008054,3,0.17870269310460016,0.28,0.33,QQQ,call,2026-10-23,mid,short,740.745,2105.164545723857,2105.164545723857,12.04935571620463,0.30500000000000005,0.0
830.0,2026,10,23,P,0.001278872754448284,-0.9788471860019919,0,0.20613314157264248,87.02,90.24,QQQ,put,2026-10-23,mid,short,740.745,-0.0,0.0,12.04935571620463,88.63,0.0
830.0,2026,10,30,C,0.0017698845277449953,0.0355334342696339,251,0.18095026714164034,0.58,0.64,QQQ,call,2026-10-30,mid,short,740.745,243756.4473253064,243756.4473253064,12.04935571620463,0.61,0.0
830.0,2026,10,30,P,0.0017698845277449953,-0.9644665657303662,0,0.21147743989555573,87.02,90.24,QQQ,put,2026-10-30,mid,short,740.745,-0.0,0.0,12.04935571620463,88.63,0.0
830.0,2026,11,20,C,0.0027062667054257726,0.08044515705090599,993,0.18260862433909608,1.91,2.0,QQQ,call,2026-11-20,mid,short,740.745,1474542.5200489904,1474542.5200489904,12.04935571620463,1.955,0.0
830.0,2026,11,20,P,0.0027062667054257726,-0.9195548429490941,0,0.20828471927418907,87.02,90.06,QQQ,put,2026-11-20,mid,short,740.745,-0.0,0.0,12.04935571620463,88.53999999999999,0.0
830.0,2026,11,30,C,0.0029031506886546734,0.09499916854599513,352,0.1781312873013513,2.44,2.58,QQQ,call,2026-11-30,mid,short,740.745,560724.7157169929,560724.7157169929,12.04935571620463,2.51,0.0
830.0,2026,11,30,P,0.0029031506886546734,-0.9050008314540049,0,0.2058324628653347,87.05,90.07,QQQ,put,2026-11-30,mid,short,740.745,-0.0,0.0,12.04935571620463,88.56,0.0
830.0,2026,12,18,C,0.0032372825641677153,0.13615017445997465,4596,0.1847967478395823,4.42,4.52,QQQ,call,2026-12-18,mid,short,740.745,8163907.692038074,8163907.692038074,12.04935571620463,4.47,0.0
830.0,2026,12,18,P,0.0032372825641677153,-0.8638498255400253,6,0.2176641403703349,88.58,89.4,QQQ,put,2026-12-18,mid,short,740.745,-10657.842939997485,10657.842939997485,12.04935571620463,88.99000000000001,0.0
830.0,2026,12,31,C,0.0033321537838914813,0.1555178026036362,411,0.18281286540229827,5.48,5.68,QQQ,call,2026-12-31,mid,short,740.745,751457.3139366464,751457.3139366464,12.04935571620463,5.58,0.0
830.0,2026,12,31,P,0.0033321537838914813,-0.8444821973963638,0,0.2144569688914821,88.78,89.69,QQQ,put,2026-12-31,mid,short,740.745,-0.0,0.0,12.04935571620463,89.235,0.0
830.0,2027,1,15,C,0.003388891541208433,0.18303538349549245,5756,0.18629559884705238,7.32,7.55,QQQ,call,2027-01-15,mid,short,740.745,10703255.986901153,10703255.986901153,12.04935571620463,7.4350000000000005,0.0
830.0,2027,1,15,P,0.003388891541208433,-0.8169646165045076,0,0.20292423477294824,87.99,90.33,QQQ,put,2027-01-15,mid,short,740.745,-0.0,0.0,12.04935571620463,89.16,0.0
830.0,2027,2,19,C,0.003352410238844441,0.2340062030676986,5423,0.19106236441168206,11.66,11.91,QQQ,call,2027-02-19,mid,short,740.745,9975489.600681933,9975489.600681933,12.04935571620463,11.785,0.0
830.0,2027,2,19,P,0.003352410238844441,-0.7659937969323014,5,0.21280692215685806,90.56,91.58,QQQ,put,2027-02-19,mid,short,740.745,-9197.390374960292,9197.390374960292,12.04935571620463,91.07,0.0
830.0,2027,3,19,C,0.0032263617355915092,0.27088553868738174,20974,0.1970395017991714,15.75,16.04,QQQ,call,2027-03-19,mid,short,740.745,37130583.94853807,37130583.94853807,12.04935571620463,15.895,0.0
830.0,2027,3,19,P,0.0032263617355915092,-0.7291144613126183,30,0.21555334776593438,92.12,94.85,QQQ,put,2027-03-19,mid,short,740.745,-53109.44590712988,53109.44590712988,12.04935571620463,93.485,0.0
830.0,2027,3,31,C,0.0031711809007344536,0.2838334112208063,939,0.19145882814226756,16.12,18.98,QQQ,call,2027-03-31,mid,short,740.745,1633894.710499347,1633894.710499347,12.04935571620463,17.55,0.0
830.0,2027,3,31,P,0.0031711809007344536,-0.7161665887791937,75,0.21249604364052002,92.02,93.7,QQQ,put,2027-03-31,mid,short,740.745,-130502.77240410118,130502.77240410118,12.04935571620463,92.86,0.0
830.0,2027,6,17,C,0.002770478651035381,0.3540247909608822,4058,0.20833522836144522,28.52,29.83,QQQ,call,2027-06-17,mid,short,740.745,6168851.388861724,6168851.388861724,12.04935571620463,29.174999999999997,0.0
830.0,2027,6,17,P,0.002770478651035381,-0.6459752090391178,9,0.2235130362261863,97.27,99.34,QQQ,put,2027-06-17,mid,short,740.745,-13681.533390772676,13681.533390772676,12.04935571620463,98.305,0.0
830.0,2027,6,30,C,0.002719144595351895,0.3624065027865833,34,0.20791975364117898,29.93,31.82,QQQ,call,2027-06-30,mid,short,740.745,50728.1094269179,50728.1094269179,12.04935571620463,30.875,0.0
830.0,2027,6,30,P,0.002719144595351895,-0.6375934972134167,3,0.22226936355597482,97.44,100.47,QQQ,put,2027-06-30,mid,short,740.745,-4476.009655316286,4476.009655316286,12.04935571620463,98.955,0.0
830.0,2027,9,17,C,0.0024066243959228514,0.4083886592660516,639,0.21537233090236743,40.96,43.07,QQQ,call,2027-09-17,mid,short,740.745,843813.8129629192,843813.8129629192,12.04935571620463,42.015,0.0
830.0,2027,9,17,P,0.0024066243959228514,-0.5916113407339484,21,0.22612977628211622,101.1,104.09,QQQ,put,2027-09-17,mid,short,740.745,-27730.97037906307,27730.97037906307,12.04935571620463,102.595,0.0
830.0,2027,12,17,C,0.0021348046746006493,0.4475831625020722,893,0.21729005422969855,51.65,56.5,QQQ,call,2027-12-17,mid,short,740.745,1046037.0358617369,1046037.0358617369,12.04935571620463,54.075,0.0
830.0,2027,12,17,P,0.0021348046746006493,-0.5524168374979278,3,0.22821578387506203,104.35,109.0,QQQ,put,2027-12-17,mid,short,740.745,-3514.122180946484,3514.122180946484,12.04935571620463,106.675,0.0
830.0,2028,1,21,C,0.0020685358816426172,0.4586905291784715,1069,0.2175535459633667,55.5,60.0,QQQ,call,2028-01-21,mid,short,740.745,1213328.0038929651,1213328.0038929651,12.04935571620463,57.75,0.0
830.0,2028,1,21,P,0.0020685358816426172,-0.5413094708215285,41,0.2280832623877114,105.19,110.0,QQQ,put,2028-01-21,mid,short,740.745,-46535.49874612869,46535.49874612869,12.04935571620463,107.595,0.0
830.0,2028,6,16,C,0.0017707338764118934,0.5025734139065411,113,0.22499369843556313,73.5,78.0,QQQ,call,2028-06-16,mid,short,740.745,109791.62091074453,109791.62091074453,12.04935571620463,75.75,0.0
830.0,2028,6,16,P,0.0017707338764118934,-0.4974265860934589,15,0.23463559297400438,110.8,115.5,QQQ,put,2028-06-16,mid,short,740.745,-14574.108970452815,14574.108970452815,12.04935571620463,113.15,0.0
830.0,2028,12,15,C,0.0015083451760040882,0.5433594213951164,165,0.23226540072168791,94.5,99.0,QQQ,call,2028-12-15,mid,short,740.745,136559.56989513006,136559.56989513006,12.04935571620463,96.75,0.0
830.0,2028,12,15,P,0.0015083451760040882,-0.4566405786048836,1333,0.24193844569075132,117.0,121.5,QQQ,put,2028-12-15,mid,short,740.745,-1103235.7980012628,1103235.7980012628,12.04935571620463,119.25,0.0
830.0,2029,1,19,C,0.001472655652677473,0.5497100210696285,1,0.23261763523201084,98.0,102.5,QQQ,call,2029-01-19,mid,short,740.745,808.05080288953,808.05080288953,12.04935571620463,100.25,0.0
830.0,2029,1,19,P,0.001472655652677473,-0.4502899789303715,0,0.24301397768374333,118.0,122.5,QQQ,put,2029-01-19,mid,short,740.745,-0.0,0.0,12.04935571620463,120.25,0.0
831.0,2026,9,30,C,0.0003833588313268854,0.004114819756504052,57,0.2545184434957406,0.02,0.06,QQQ,call,2026-09-30,mid,short,740.745,11989.961414578253,11989.961414578253,12.184354939959094,0.04,0.0
831.0,2026,9,30,P,0.0003833588313268854,-0.9958851802434959,0,0.499017774170276,88.0,91.43,QQQ,put,2026-09-30,mid,short,740.745,-0.0,0.0,12.184354939959094,89.715,0.0
832.0,2026,9,30,C,0.00034618366515431115,0.0036542895582748628,3,0.2569376033540773,0.02,0.05,QQQ,call,2026-09-30,mid,short,740.745,569.8562078648661,569.8562078648661,12.319354163713559,0.035,0.0
832.0,2026,9,30,P,0.00034618366515431115,-0.9963457104417252,0,0.5030335723360962,89.0,92.43,QQQ,put,2026-09-30,mid,short,740.745,-0.0,0.0,12.319354163713559,90.715,0.0
833.0,2026,9,30,C,0.000340413533028816,0.0036236839613832624,39,0.2593516506349395,0.02,0.05,QQQ,call,2026-09-30,mid,short,740.745,7284.6532038586165,7284.6532038586165,12.454353387468021,0.035,0.0
833.0,2026,9,30,P,0.000340413533028816,-0.9963763160386168,0,0.507038114131671,90.0,93.43,QQQ,put,2026-09-30,mid,short,740.745,-0.0,0.0,12.454353387468021,91.715,0.0
834.0,2026,9,30,C,0.0003348027327823397,0.0035936760692837845,228,0.2617606254682654,0.02,0.05,QQQ,call,2026-09-30,mid,short,740.745,41885.26799981488,41885.26799981488,12.589352611222484,0.035,0.0
834.0,2026,9,30,P,0.0003348027327823397,-0.9964063239307163,0,0.5110315208868305,91.0,94.43,QQQ,put,2026-09-30,mid,short,740.745,-0.0,0.0,12.589352611222484,92.715,0.0
835.0,2026,9,22,C,0.0001856692963141184,0.0017429303453471363,0,0.7504032861663852,0.01,0.02,QQQ,call,2026-09-22,mid,short,740.745,0.0,0.0,12.724351834976948,0.015,252.0
835.0,2026,9,22,P,0.0001856692963141184,-0.9982570696546529,0,1.4042685610045584,92.0,95.42,QQQ,put,2026-09-22,mid,short,740.745,-0.0,0.0,12.724351834976948,93.71000000000001,0.0
835.0,2026,9,23,C,0.0002257943798975796,0.0022230395331254192,0,0.5301726147511954,0.01,0.03,QQQ,call,2026-09-23,mid,short,740.745,0.0,0.0,12.724351834976948,0.02,0.0
835.0,2026,9,23,P,0.0002257943798975796,-0.9977769604668746,0,1.0068024385612762,92.0,95.42,QQQ,put,2026-09-23,mid,short,740.745,-0.0,0.0,12.724351834976948,93.71000000000001,0.0
835.0,2026,9,24,C,0.00022613609805206646,0.002224721335690203,0,0.4325226885177758,0.01,0.03,QQQ,call,2026-09-24,mid,short,740.745,0.0,0.0,12.724351834976948,0.02,0.0
835.0,2026,9,24,P,0.00022613609805206646,-0.9977752786643098,0,0.8329085786953947,92.0,95.42,QQQ,put,2026-09-24,mid,short,740.745,-0.0,0.0,12.724351834976948,93.71000000000001,0.0
835.0,2026,9,25,C,0.00022647864203982108,0.002226405937419728,21,0.37426259769847425,0.01,0.03,QQQ,call,2026-09-25,mid,short,740.745,2609.6604540935764,2609.6604540935764,12.724351834976948,0.02,0.0
835.0,2026,9,25,P,0.00022647864203982108,-0.9977735940625803,0,0.7112255935267441,92.01,95.24,QQQ,put,2026-09-25,mid,short,740.745,-0.0,0.0,12.724351834976948,93.625,0.0
835.0,2026,9,28,C,0.0002638166988177063,0.0026901912253855403,0,0.2822059217649001,0.01,0.04,QQQ,call,2026-09-28,mid,short,740.745,0.0,0.0,12.724351834976948,0.025,0.0
835.0,2026,9,28,P,0.0002638166988177063,-0.9973098087746145,0,0.5720800410688152,92.0,95.43,QQQ,put,2026-09-28,mid,short,740.745,-0.0,0.0,12.724351834976948,93.715,0.0
835.0,2026,9,29,C,0.00026421518500142693,0.002692222840674027,0,0.263758050812376,0.01,0.04,QQQ,call,2026-09-29,mid,short,740.745,0.0,0.0,12.724351834976948,0.025,0.0
835.0,2026,9,29,P,0.00026421518500142693,-0.997307777159326,0,0.5407681691328564,92.0,95.43,QQQ,put,2026-09-29,mid,short,740.745,-0.0,0.0,12.724351834976948,93.715,0.0
835.0,2026,9,30,C,0.00032934522074579045,0.0035642480578577506,163,0.26416456717894843,0.02,0.05,QQQ,call,2026-09-30,mid,short,740.745,29456.180159646112,29456.180159646112,12.724351834976948,0.035,0.0
835.0,2026,9,30,P,0.00032934522074579045,-0.9964357519421423,0,0.515013911148403,92.0,95.43,QQQ,put,2026-09-30,mid,short,740.745,-0.0,0.0,12.724351834976948,93.715,0.0
835.0,2026,10,1,C,0.0003298383759052959,0.0035669171298436967,0,0.25040003311525416,0.02,0.05,QQQ,call,2026-10-01,mid,short,740.745,0.0,0.0,12.724351834976948,0.035,0.0
835.0,2026,10,1,P,0.0003298383759052959,-0.9964330828701563,0,0.4928136218790761,92.0,95.42,QQQ,put,2026-10-01,mid,short,740.745,-0.0,0.0,12.724351834976948,93.71000000000001,0.0
835.0,2026,10,2,C,0.00035974161713344413,0.003985949572895954,43,0.2385482702602262,0.02,0.06,QQQ,call,2026-10-02,mid,short,740.745,8487.828493541405,8487.828493541405,12.724351834976948,0.04,0.0
835.0,2026,10,2,P,0.00035974161713344413,-0.996014050427104,0,0.4727813696247502,92.0,95.39,QQQ,put,2026-10-02,mid,short,740.745,-0.0,0.0,12.724351834976948,93.695,0.0
835.0,2026,10,9,C,0.0005142208310306042,0.006330770196736726,110,0.2031291090689062,0.05,0.09,QQQ,call,2026-10-09,mid,short,740.745,31037.00516026769,31037.00516026769,12.724351834976948,0.07,0.0
835.0,2026,10,9,P,0.0005142208310306042,-0.9936692298032632,0,0.3932462529103732,92.0,95.42,QQQ,put,2026-10-09,mid,short,740.745,-0.0,0.0,12.724351834976948,93.71000000000001,0.0
835.0,2026,10,16,C,0.0007456944659523504,0.010446060253980392,1852,0.18757400776021693,0.11,0.15,QQQ,call,2026-10-16,mid,short,740.745,757773.4061948692,757773.4061948692,12.724351834976948,0.13,0.0
835.0,2026,10,16,P,0.0007456944659523504,-0.9895539397460196,1,0.16234076247079185,92.0,95.42,QQQ,put,2026-10-16,mid,short,740.745,-409.1649061527371,409.1649061527371,12.724351834976948,93.71000000000001,0.0
835.0,2026,10,23,C,0.0010707549277810997,0.017478989677762926,5,0.18052917844530825,0.22,0.28,QQQ,call,2026-10-23,mid,short,740.745,2937.633035660277,2937.633035660277,12.724351834976948,0.25,0.0
835.0,2026,10,23,P,0.0010707549277810997,-0.982521010322237,0,0.21447887278060057,91.99,95.41,QQQ,put,2026-10-23,mid,short,740.745,-0.0,0.0,12.724351834976948,93.69999999999999,0.0
835.0,2026,10,30,C,0.0015140388351412798,0.029811687350142745,258,0.18308711242247253,0.48,0.53,QQQ,call,2026-10-30,mid,short,740.745,214335.53450347818,214335.53450347818,12.724351834976948,0.505,0.0
835.0,2026,10,30,P,0.0015140388351412798,-0.9701883126498573,0,0.22119532492178035,92.02,95.24,QQQ,put,2026-10-30,mid,short,740.745,-0.0,0.0,12.724351834976948,93.63,0.0
835.0,2026,11,20,C,0.002420299628494189,0.06981426981727935,3395,0.18327518829051676,1.62,1.7,QQQ,call,2026-11-20,mid,short,740.745,4508648.4134747265,4508648.4134747265,12.724351834976948,1.6600000000000001,0.0
835.0,2026,11,20,P,0.002420299628494189,-0.9301857301827207,0,0.21679530852133372,92.0,95.02,QQQ,put,2026-11-20,mid,short,740.745,-0.0,0.0,12.724351834976948,93.50999999999999,0.0
835.0,2026,11,30,C,0.0026281590793982307,0.08349731573000878,6,0.17862329642715272,2.09,2.23,QQQ,call,2026-11-30,mid,short,740.745,8652.475072640453,8652.475072640453,12.724351834976948,2.16,0.0
835.0,2026,11,30,P,0.0026281590793982307,-0.9165026842699913,0,0.21395226098372583,92.02,95.05,QQQ,put,2026-11-30,mid,short,740.745,-0.0,0.0,12.724351834976948,93.535,0.0
835.0,2026,12,18,C,0.003005082358810486,0.12234633549606617,894,0.1847378858929234,3.87,3.98,QQQ,call,2026-12-18,mid,short,740.745,1474114.965222019,1474114.965222019,12.724351834976948,3.925,0.0
835.0,2026,12,18,P,0.003005082358810486,-0.8776536645039338,0,0.21018830738307132,92.15,95.24,QQQ,put,2026-12-18,mid,short,740.745,-0.0,0.0,12.724351834976948,93.695,0.0
835.0,2026,12,31,C,0.0031229364059025227,0.14112623178765915,483,0.18271687605208461,4.85,5.05,QQQ,call,2026-12-31,mid,short,740.745,827651.9234299349,827651.9234299349,12.724351834976948,4.949999999999999,0.0
835.0,2026,12,31,P,0.0031229364059025227,-0.8588737682123408,0,0.2189543503035902,93.4,94.52,QQQ,put,2026-12-31,mid,short,740.745,-0.0,0.0,12.724351834976948,93.96000000000001,0.0
835.0,2027,1,15,C,0.0032138384454637294,0.16805987569895608,940,0.18603660816432413,6.56,6.79,QQQ,call,2027-01-15,mid,short,740.745,1657636.697080594,1657636.697080594,12.724351834976948,6.675,0.0
835.0,2027,1,15,P,0.0032138384454637294,-0.8319401243010439,0,0.20622943988306858,92.48,95.15,QQQ,put,2027-01-15,mid,short,740.745,-0.0,0.0,12.724351834976948,93.815,0.0
835.0,2027,2,19,C,0.0032344585305850155,0.21877083612245748,108,0.19053389116816272,10.65,10.92,QQQ,call,2027-02-19,mid,short,740.745,191673.82085718852,191673.82085718852,12.724351834976948,10.785,0.0
835.0,2027,2,19,P,0.0032344585305850155,-0.7812291638775425,5,0.21600912196277888,94.92,95.96,QQQ,put,2027-02-19,mid,short,740.745,-8873.788002647616,8873.788002647616,12.724351834976948,95.44,0.0
835.0,2027,3,19,C,0.003143500947642879,0.25599945628042203,1716,0.1964237304494309,14.57,14.87,QQQ,call,2027-03-19,mid,short,740.745,2959840.6914574644,2959840.6914574644,12.724351834976948,14.719999999999999,0.0
835.0,2027,3,19,P,0.003143500947642879,-0.744000543719578,194,0.2091604800283576,94.76,99.0,QQQ,put,2027-03-19,mid,short,740.745,-334620.6842323707,334620.6842323707,12.724351834976948,96.88,0.0
835.0,2027,3,31,C,0.0031207294868891415,0.26579249758591994,1361,0.19348702739347767,15.38,16.32,QQQ,call,2027-03-31,mid,short,740.745,2330513.951107881,2330513.951107881,12.724351834976948,15.850000000000001,0.0
835.0,2027,3,31,P,0.0031207294868891415,-0.7342075024140801,13,0.21560490721756626,96.3,97.85,QQQ,put,2027-03-31,mid,short,740.745,-22260.60350066308,22260.60350066308,12.724351834976948,97.07499999999999,0.0
835.0,2027,6,17,C,0.0027417098548880806,0.341059049159818,7613,0.20763920958590967,26.99,28.28,QQQ,call,2027-06-17,mid,short,740.745,11452881.844323734,11452881.844323734,12.724351834976948,27.634999999999998,0.0
835.0,2027,6,17,P,0.0027417098548880806,-0.658940950840182,8,0.2250228057933791,101.07,103.11,QQQ,put,2027-06-17,mid,short,740.745,-12035.0787803218,12035.0787803218,12.724351834976948,102.09,0.0
835.0,2027,6,30,C,0.0026885042470545686,0.3502320427999223,310,0.2053894334083046,27.93,30.94,QQQ,call,2027-06-30,mid,short,740.745,457309.1364236558,457309.1364236558,12.724351834976948,29.435000000000002,0.0
835.0,2027,6,30,P,0.0026885042470545686,-0.6497679572000776,5,0.22372522475385143,101.21,104.18,QQQ,put,2027-06-30,mid,short,740.745,-7375.953813284769,7375.953813284769,12.724351834976948,102.695,0.0
835.0,2027,9,17,C,0.0023971254890200132,0.39712576839030417,221,0.2144486825924158,39.16,41.38,QQQ,call,2027-09-17,mid,short,740.745,290683.58045836416,290683.58045836416,12.724351834976948,40.269999999999996,0.0
835.0,2027,9,17,P,0.0023971254890200132,-0.6028742316096958,7,0.2272597991827222,104.67,108.0,QQQ,put,2027-09-17,mid,short,740.745,-9207.172231712892,9207.172231712892,12.724351834976948,106.33500000000001,0.0
835.0,2027,12,17,C,0.0021390975751287016,0.4371673776548285,169,0.21572095608515984,49.5,54.5,QQQ,call,2027-12-17,mid,short,740.745,198360.30043612627,198360.30043612627,12.724351834976948,52.0,0.0
835.0,2027,12,17,P,0.0021390975751287016,-0.5628326223451715,3,0.22906381970567655,107.73,112.0,QQQ,put,2027-12-17,mid,short,740.745,-3521.188765138337,3521.188765138337,12.724351834976948,109.86500000000001,0.0
835.0,2028,1,21,C,0.00207135335518311,0.4488509344885743,1982,0.21658341709835344,53.5,58.0,QQQ,call,2028-01-21,mid,short,740.745,2252658.1961402935,2252658.1961402935,12.724351834976948,55.75,0.0
835.0,2028,1,21,P,0.00207135335518311,-0.5511490655114257,1,0.2288849687704723,108.52,113.0,QQQ,put,2028-01-21,mid,short,740.745,-1136.558121160592,1136.558121160592,12.724351834976948,110.75999999999999,0.0
835.0,2028,6,16,C,0.00177516192804209,0.49436928897845006,133,0.22439898149852125,71.5,76.0,QQQ,call,2028-06-16,mid,short,740.745,129546.91442939524,129546.91442939524,12.724351834976948,73.75,0.0
835.0,2028,6,16,P,0.00177516192804209,-0.5056307110215499,6,0.23541715237731622,114.0,118.5,QQQ,put,2028-06-16,mid,short,740.745,-5844.22170358174,5844.22170358174,12.724351834976948,116.25,0.0
835.0,2028,12,15,C,0.0015172045452052304,0.5362192481807386,56,0.2307449372552653,92.0,97.0,QQQ,call,2028-12-15,mid,short,740.745,46619.71556325329,46619.71556325329,12.724351834976948,94.5,0.0
835.0,2028,12,15,P,0.0015172045452052304,-0.4637807518192613,8,0.24250948840044195,120.0,124.5,QQQ,put,2028-12-15,mid,short,740.745,-6659.959366179042,6659.959366179042,12.724351834976948,122.25,0.0
835.0,2029,1,19,C,0.0014814341611813847,0.542757917484993,1,0.23114455966423264,95.5,100.5,QQQ,call,2029-01-19,mid,short,740.745,812.8675982020401,812.8675982020401,12.724351834976948,98.0,0.0
835.0,2029,1,19,P,0.0014814341611813847,-0.4572420825150069,0,0.24362738331281278,121.0,125.5,QQQ,put,2029-01-19,mid,short,740.745,-0.0,0.0,12.724351834976948,123.25,0.0
836.0,2026,9,30,C,0.00032403524326330454,0.0035353828153894336,86,0.2665635143137946,0.02,0.05,QQQ,call,2026-09-30,mid,short,740.745,15290.727787336698,15290.727787336698,12.859351058731411,0.035,0.0
836.0,2026,9,30,P,0.00032403524326330454,-0.9964646171846105,0,0.5189854007763552,93.0,96.43,QQQ,put,2026-09-30,mid,short,740.745,-0.0,0.0,12.859351058731411,94.715,0.0
837.0,2026,9,30,C,0.0003188673198380963,0.0035070639058030545,96,0.26895750466677676,0.02,0.05,QQQ,call,2026-09-30,mid,short,740.745,16796.4964252348,16796.4964252348,12.994350282485875,0.035,0.0
837.0,2026,9,30,P,0.0003188673198380963,-0.996492936094197,0,0.5229461030355113,94.0,97.43,QQQ,put,2026-09-30,mid,short,740.745,-0.0,0.0,12.994350282485875,95.715,0.0
838.0,2026,9,30,C,0.0003138362271437131,0.003479275530174909,146,0.2713465753032887,0.02,0.05,QQQ,call,2026-09-30,mid,short,740.745,25141.627487255097,25141.627487255097,13.12934950624034,0.035,0.0
838.0,2026,9,30,P,0.0003138362271437131,-0.9965207244698251,0,0.5268961286832068,95.0,98.43,QQQ,put,2026-09-30,mid,short,740.745,-0.0,0.0,13.12934950624034,96.715,0.0
839.0,2026,9,30,C,0.00030893698699643255,0.0034520025319307,500,0.27373076258329115,0.02,0.05,QQQ,call,2026-09-30,mid,short,740.745,84757.34973442998,84757.34973442998,13.2643487299948,0.035,0.0
839.0,2026,9,30,P,0.00030893698699643255,-0.9965479974680693,0,0.5308355860531127,96.0,99.43,QQQ,put,2026-09-30,mid,short,740.745,-0.0,0.0,13.2643487299948,97.715,0.0
840.0,2026,9,22,C,0.00017123244878113875,0.0016738089850825359,0,0.784436885547105,0.01,0.02,QQQ,call,2026-09-22,mid,short,740.745,0.0,0.0,13.399347953749267,0.015,764.0
840.0,2026,9,22,P,0.00017123244878113875,-0.9983261910149175,0,1.4613693215001005,97.0,100.43,QQQ,put,2026-09-22,mid,short,740.745,-0.0,0.0,13.399347953749267,98.715,0.0
840.0,2026,9,23,C,0.0001714811612347999,0.0016750237569036646,0,0.5542397376818129,0.01,0.02,QQQ,call,2026-09-23,mid,short,740.745,0.0,0.0,13.399347953749267,0.015,0.0
840.0,2026,9,23,P,0.0001714811612347999,-0.9983249762430964,0,1.0475753113169985,97.0,100.43,QQQ,put,2026-09-23,mid,short,740.745,-0.0,0.0,13.399347953749267,98.715,0.0
840.0,2026,9,24,C,0.000208653357684483,0.002136994233892114,0,0.45217482930624864,0.01,0.03,QQQ,call,2026-09-24,mid,short,740.745,0.0,0.0,13.399347953749267,0.02,0.0
840.0,2026,9,24,P,0.000208653357684483,-0.9978630057661079,0,0.8665098734383011,97.0,100.43,QQQ,put,2026-09-24,mid,short,740.745,-0.0,0.0,13.399347953749267,98.715,0.0
840.0,2026,9,25,C,0.00020895461496974008,0.002138536153649242,20,0.3912830793953557,0.01,0.03,QQQ,call,2026-09-25,mid,short,740.745,2293.081129818609,2293.081129818609,13.399347953749267,0.02,0.0
840.0,2026,9,25,P,0.00020895461496974008,-0.9978614638463508,0,0.7390674127702002,97.01,100.24,QQQ,put,2026-09-25,mid,short,740.745,-0.0,0.0,13.399347953749267,98.625,0.0
840.0,2026,9,28,C,0.00024347748146302605,0.0025843935406524754,0,0.2950749880668,0.01,0.04,QQQ,call,2026-09-28,mid,short,740.745,0.0,0.0,13.399347953749267,0.025,0.0
840.0,2026,9,28,P,0.00024347748146302605,-0.9974156064593476,0,0.594105159915723,97.0,100.43,QQQ,put,2026-09-28,mid,short,740.745,-0.0,0.0,13.399347953749267,98.715,0.0
840.0,2026,9,29,C,0.00024382798377169863,0.0025862530704298115,0,0.27579683217398815,0.01,0.04,QQQ,call,2026-09-29,mid,short,740.745,0.0,0.0,13.399347953749267,0.025,0.0
840.0,2026,9,29,P,0.00024382798377169863,-0.9974137469295702,0,0.5608819695303673,97.0,100.42,QQQ,put,2026-09-29,mid,short,740.745,-0.0,0.0,13.399347953749267,98.71000000000001,0.0
840.0,2026,9,30,C,0.00030416484703340684,0.0034252302859103193,329,0.27611010218381216,0.02,0.05,QQQ,call,2026-09-30,mid,short,740.745,54908.853489710935,54908.853489710935,13.399347953749267,0.035,0.0
840.0,2026,9,30,P,0.00030416484703340684,-0.9965747697140896,1,0.5347645811353574,97.0,100.43,QQQ,put,2026-09-30,mid,short,740.745,-166.8962112149269,166.8962112149269,13.399347953749267,98.715,0.0
840.0,2026,10,1,C,0.00030459893206261887,0.0034276741163603032,0,0.26173345530316755,0.02,0.05,QQQ,call,2026-10-01,mid,short,740.745,0.0,0.0,13.399347953749267,0.035,0.0
840.0,2026,10,1,P,0.00030459893206261887,-0.9965723258836396,0,0.5099760002171958,97.0,100.39,QQQ,put,2026-10-01,mid,short,740.745,-0.0,0.0,13.399347953749267,98.695,0.0
840.0,2026,10,2,C,0.0003323074527466623,0.0038308710849347728,3,0.24935511627412996,0.02,0.06,QQQ,call,2026-10-02,mid,short,740.745,547.0144432812442,547.0144432812442,13.399347953749267,0.04,0.0
840.0,2026,10,2,P,0.0003323074527466623,-0.9961691289150653,0,0.4908777934867067,97.0,100.39,QQQ,put,2026-10-02,mid,short,740.745,-0.0,0.0,13.399347953749267,98.695,0.0
840.0,2026,10,9,C,0.00043277541552676267,0.005370247941926866,30,0.20735351626459403,0.04,0.08,QQQ,call,2026-10-09,mid,short,740.745,7123.957077503702,7123.957077503702,13.399347953749267,0.06,0.0
840.0,2026,10,9,P,0.00043277541552676267,-0.9946297520580731,0,0.33213234002181086,98.72,100.42,QQQ,put,2026-10-09,mid,short,740.745,-0.0,0.0,13.399347953749267,99.57,0.0
840.0,2026,10,16,C,0.0006277348023188765,0.008801935188874163,3444,0.19124071889051847,0.09,0.13,QQQ,call,2026-10-16,mid,short,740.745,1186251.5892028916,1186251.5892028916,13.399347953749267,0.11,0.0
840.0,2026,10,16,P,0.0006277348023188765,-0.9911980648111258,1,0.1763764308757785,97.0,100.42,QQQ,put,2026-10-16,mid,short,740.745,-344.44006655136224,344.44006655136224,13.399347953749267,98.71000000000001,0.0
840.0,2026,10,23,C,0.0008957925081343866,0.014443298859342653,11,0.18333455297284126,0.18,0.23,QQQ,call,2026-10-23,mid,short,740.745,5406.765930072054,5406.765930072054,13.399347953749267,0.20500000000000002,0.0
840.0,2026,10,23,P,0.0008957925081343866,-0.9855567011406573,0,0.22442997514322846,96.99,100.41,QQQ,put,2026-10-23,mid,short,740.745,-0.0,0.0,13.399347953749267,98.69999999999999,0.0
840.0,2026,10,30,C,0.0012954549494650581,0.025079168629184665,439,0.18538827120530604,0.4,0.44,QQQ,call,2026-10-30,mid,short,740.745,312050.0756862966,312050.0756862966,13.399347953749267,0.42000000000000004,0.0
840.0,2026,10,30,P,0.0012954549494650581,-0.9749208313708153,1,0.23081852124421504,97.02,100.26,QQQ,put,2026-10-30,mid,short,740.745,-710.8202179642294,710.8202179642294,13.399347953749267,98.64,0.0
840.0,2026,11,20,C,0.0021623578512168385,0.06081119097807732,4551,0.1841889293701888,1.38,1.46,QQQ,call,2026-11-20,mid,short,740.745,5399727.709988959,5399727.709988959,13.399347953749267,1.42,0.0
840.0,2026,11,20,P,0.0021623578512168385,-0.9391888090219227,0,0.22555434219581924,97.0,100.04,QQQ,put,2026-11-20,mid,short,740.745,-0.0,0.0,13.399347953749267,98.52000000000001,0.0
840.0,2026,11,30,C,0.002368478208400956,0.07306390374794298,346,0.17919845802565812,1.79,1.91,QQQ,call,2026-11-30,mid,short,740.745,449658.6470829171,449658.6470829171,13.399347953749267,1.85,0.0
840.0,2026,11,30,P,0.002368478208400956,-0.926936096252057,0,0.22210071258471645,97.0,100.04,QQQ,put,2026-11-30,mid,short,740.745,-0.0,0.0,13.399347953749267,98.52000000000001,0.0
840.0,2026,12,18,C,0.002781971962099455,0.11005705682864293,8618,0.18527248935659843,3.42,3.5,QQQ,call,2026-12-18,mid,short,740.745,13155177.000307834,13155177.000307834,13.399347953749267,3.46,0.0
840.0,2026,12,18,P,0.002781971962099455,-0.889942943171357,0,0.21715477430020325,97.06,100.38,QQQ,put,2026-12-18,mid,short,740.745,-0.0,0.0,13.399347953749267,98.72,0.0
840.0,2026,12,31,C,0.0029161949962769854,0.12762414876551792,642,0.18259016834648265,4.28,4.47,QQQ,call,2026-12-31,mid,short,740.745,1027280.5036704427,1027280.5036704427,13.399347953749267,4.375,0.0
840.0,2026,12,31,P,0.0029161949962769854,-0.8723758512344821,0,0.21459513292026416,97.16,100.4,QQQ,put,2026-12-31,mid,short,740.745,-0.0,0.0,13.399347953749267,98.78,0.0
840.0,2027,1,15,C,0.003037638838110147,0.15357919878027596,1693,0.18591735357072853,5.88,6.03,QQQ,call,2027-01-15,mid,short,740.745,2821828.090205689,2821828.090205689,13.399347953749267,5.955,0.0
840.0,2027,1,15,P,0.003037638838110147,-0.8464208012197241,2,0.21288426195040352,97.38,99.7,QQQ,put,2027-01-15,mid,short,740.745,-3333.524028595026,3333.524028595026,13.399347953749267,98.53999999999999,0.0
840.0,2027,2,19,C,0.0031120307056172283,0.20447295824341613,246,0.1902319725580753,9.74,10.03,QQQ,call,2027-02-19,mid,short,740.745,420064.9424098851,420064.9424098851,13.399347953749267,9.885,0.0
840.0,2027,2,19,P,0.0031120307056172283,-0.7955270417565838,0,0.2197057631252002,99.39,100.45,QQQ,put,2027-02-19,mid,short,740.745,-0.0,0.0,13.399347953749267,99.92,0.0
840.0,2027,3,19,C,0.0030557371002366165,0.24169762107813855,5380,0.1960060134352912,13.49,13.77,QQQ,call,2027-03-19,mid,short,740.745,9020606.122508056,9020606.122508056,13.399347953749267,13.629999999999999,0.0
840.0,2027,3,19,P,0.0030557371002366165,-0.7583023789218615,0,0.22087529369837822,100.58,103.29,QQQ,put,2027-03-19,mid,short,740.745,-0.0,0.0,13.399347953749267,101.935,0.0
840.0,2027,3,31,C,0.003013258943053082,0.25648924114990834,1594,0.1906535410922505,13.86,16.87,QQQ,call,2027-03-31,mid,short,740.745,2635495.1942030736,2635495.1942030736,13.399347953749267,15.365,0.0
840.0,2027,3,31,P,0.003013258943053082,-0.7435107588500917,8,0.21756352256266864,100.41,102.07,QQQ,put,2027-03-31,mid,short,740.745,-13227.077511684185,13227.077511684185,13.399347953749267,101.24,0.0
840.0,2027,6,17,C,0.00270820538883246,0.3284606375885229,24185,0.2072089054665114,25.58,26.81,QQQ,call,2027-06-17,mid,short,740.745,35938930.347035855,35938930.347035855,13.399347953749267,26.195,0.0
840.0,2027,6,17,P,0.00270820538883246,-0.6715393624114772,13,0.22677361891337033,104.97,106.97,QQQ,put,2027-06-17,mid,short,740.745,-19318.010937005012,19318.010937005012,13.399347953749267,105.97,0.0
840.0,2027,6,30,C,0.0026578611775183946,0.33800573750792795,358,0.20488587717986778,26.48,29.5,QQQ,call,2027-06-30,mid,short,740.745,522098.8993127641,522098.8993127641,13.399347953749267,27.990000000000002,0.0
840.0,2027,6,30,P,0.0026578611775183946,-0.661994262492072,1,0.2253738258871738,105.07,107.98,QQQ,put,2027-06-30,mid,short,740.745,-1458.376813722805,1458.376813722805,13.399347953749267,106.525,0.0
840.0,2027,9,17,C,0.002385159622794279,0.385987429215663,674,0.21419388597786054,37.6,39.58,QQQ,call,2027-09-17,mid,short,740.745,882093.8673189199,882093.8673189199,13.399347953749267,38.59,0.0
840.0,2027,9,17,P,0.002385159622794279,-0.614012570784337,8,0.2284547490763625,108.3,112.0,QQQ,put,2027-09-17,mid,short,740.745,-10469.956882123677,10469.956882123677,13.399347953749267,110.15,0.0
840.0,2027,12,17,C,0.002128020555528082,0.4279291716133509,6130,0.2180328190252088,48.65,52.31,QQQ,call,2027-12-17,mid,short,740.745,7157704.263718791,7157704.263718791,13.399347953749267,50.480000000000004,0.0
840.0,2027,12,17,P,0.002128020555528082,-0.5720708283866491,15,0.23009923972339866,111.21,115.5,QQQ,put,2027-12-17,mid,short,740.745,-17514.773891644672,17514.773891644672,13.399347953749267,113.35499999999999,0.0
840.0,2028,1,21,C,0.002074019612752152,0.43892372970828636,338,0.21548194960336126,51.5,56.0,QQQ,call,2028-01-21,mid,short,740.745,384651.133524082,384651.133524082,13.399347953749267,53.75,0.0
840.0,2028,1,21,P,0.002074019612752152,-0.5610762702917136,51,0.23001688748628718,112.0,116.5,QQQ,put,2028-01-21,mid,short,740.745,-58039.07636014256,58039.07636014256,13.399347953749267,114.25,0.0
840.0,2028,6,16,C,0.0017795512086823811,0.48612042799764454,178,0.22371166522663802,69.5,74.0,QQQ,call,2028-06-16,mid,short,740.745,173807.27456639835,173807.27456639835,13.399347953749267,71.75,0.0
840.0,2028,6,16,P,0.0017795512086823811,-0.5138795720023555,33,0.23559751977897528,117.0,121.5,QQQ,put,2028-06-16,mid,short,740.745,-32222.696970174966,32222.696970174966,13.399347953749267,119.25,0.0
840.0,2028,12,15,C,0.0015260796062316465,0.5290212696791164,281,0.23029378396624164,90.0,94.5,QQQ,call,2028-12-15,mid,short,740.745,235299.47922717058,235299.47922717058,13.399347953749267,92.25,0.0
840.0,2028,12,15,P,0.0015260796062316465,-0.47097873032088355,540,0.24301268772992674,123.0,127.5,QQQ,put,2028-12-15,mid,short,740.745,-452176.93516965164,452176.93516965164,13.399347953749267,125.25,0.0
840.0,2029,1,19,C,0.0014902314216768183,0.5357517208046261,3,0.23072227291764644,93.5,98.0,QQQ,call,2029-01-19,mid,short,740.745,2453.0840483743846,2453.0840483743846,13.399347953749267,95.75,0.0
840.0,2029,1,19,P,0.0014902314216768183,-0.4642482791953739,0,0.24417555340522512,124.0,128.5,QQQ,put,2029-01-19,mid,short,740.745,-0.0,0.0,13.399347953749267,126.25,0.0
